Date,Year,Month,Unemployment_Rate,CPI,Interest_Rate,Mortgage_Rate,ZHVI,GDP_Growth,Median_Household_Income,Population,Poverty_Rate,Marriage_Rate,Divorce_Rate,Poverty_Rate_lag15,Unemployment_Rate_lag2,CPI_lag11,Median_Household_Income_future17,Population_future8,Divorce_Rate_future2,ZHVI_diff1,CPI_diff1,Median_Household_Income_diff1,Population_diff1,Mortgage_Rate_diff1,month_sin,month_cos,spring,summer,fall,winter,hot_market_season,price_to_income,monthly_payment,payment_to_income,CPI_yoy_pct,real_interest_rate,real_mortgage_rate,rising_rates,falling_rates,price_momentum,hot_market,cold_market,high_unemployment,ZHVI_ma3,ZHVI_ma6,Interest_Rate_ma3,Interest_Rate_ma6,Unemployment_Rate_ma3,Unemployment_Rate_ma6,CPI_ma3,CPI_ma6,ZHVI_mom_pct,ZHVI_yoy_pct,Median_Household_Income_mom_pct,Median_Household_Income_yoy_pct,CPI_mom_pct
2001-04-01,2001,4,6.1,177.6,4.8,7.0775,197649.402,1.4620467189244857,40104.19437682007,574.504,18.1,6.2,2.755,17.5,6.0,172.5,43298.0327929636,574.504,2.755,1747.9664000000048,0.4000000000000057,-363.22030012311734,0.0,0.12549999999999972,0.8660254037844387,-0.4999999999999998,1,0,0,0,1,4.9283972679486086,1060.2158747544752,31.723840098898144,2.748047439976853,2.051952560023147,4.329452560023147,0,1,4.932173209484847,0,0,0,196023.9417,193796.1952,5.199999999999999,5.748333333333334,6.066666666666666,5.966666666666666,177.11666666666667,176.35833333333335,0.892268295352916,9.669212976728424,-0.8975624042770081,-5.520242082316596,0.22573363431150906
2001-05-01,2001,5,6.2,178.0,4.21,7.145,199734.9308,2.5,39770.9466283084,574.504,18.1,6.820000000000001,2.755,17.5,6.1,173.65,43839.89570962816,573.158,2.9,2085.5288,0.4000000000000057,-333.24774851167604,0.0,0.0674999999999999,0.49999999999999994,-0.8660254037844387,1,0,0,0,1,5.022131674829975,1078.6788420926646,32.54673876909562,3.1884057971014457,1.0215942028985543,3.956594202898554,0,1,5.170352836111869,1,0,0,197761.92279999997,195432.7465,4.773333333333333,5.364999999999999,6.133333333333333,6.033333333333334,177.6,176.80833333333337,1.0551657525379232,10.26088553778093,-0.8309548507083098,-6.671678845262408,0.22522522522523403
2001-06-01,2001,6,6.3,178.6,3.97,7.159999999999999,201958.6422,1.6467258201229908,39456.83369369633,574.504,18.1,8.06,2.755,17.5,6.1,174.8,44335.81430260476,573.158,2.9,2223.7114,0.5999999999999943,-314.11293461206515,0.0,0.01499999999999968,1.2246467991473532e-16,-1.0,0,1,0,0,1,5.118470573888577,1092.325654803304,33.22088122781575,2.8505614742297736,1.1194385257702266,4.309438525770226,0,1,5.3901723519132805,1,0,0,199780.99166666667,197154.27306666668,4.326666666666667,4.96,6.2,6.1000000000000005,178.0666666666667,177.3083333333333,1.1133312491176994,10.807888690047784,-0.789805024124024,-7.554114463367623,0.3370786516853963
2001-07-01,2001,7,6.4,179.2,3.77,7.1275,204256.3119,-0.1568469076626243,39193.01295245248,574.504,18.1,8.68,2.9,17.5,6.2,174.9,44733.92213471617,573.158,3.045,2297.6696999999986,0.5999999999999943,-263.8207412438496,0.0,-0.03249999999999886,-0.4999999999999997,-0.8660254037844388,0,1,0,0,1,5.211549113302318,1101.1658297930198,33.715167480354125,2.517162471395862,1.2528375286041382,4.610337528604139,0,1,5.744490472141961,1,0,0,201983.29496666664,199003.61833333332,3.983333333333333,4.591666666666667,6.3,6.183333333333334,178.6,177.85833333333332,1.1376931806288404,11.22378548298375,-0.6686313029876989,-8.116099828235813,0.33594624860022737
2001-08-01,2001,8,6.6,180.05,3.65,6.95,206618.2835,-1.6,38973.27513401616,574.504,18.1,7.439999999999999,2.9,17.5,6.3,175.0,45040.0,573.158,3.045,2361.97159999999,0.8500000000000227,-219.73781843631878,0.0,-0.1775000000000002,-0.8660254037844385,-0.5000000000000004,0,1,0,0,0,5.301537599534765,1094.1643214604906,33.68968046020323,2.9445397369925796,0.7054602630074203,4.0054602630074205,0,1,6.219018397693454,1,0,1,204277.74586666666,201019.83433333333,3.796666666666667,4.284999999999999,6.433333333333334,6.283333333333334,179.2833333333333,178.4416666666667,1.1563763087802936,11.572724187724305,-0.5606555910945055,-8.396093325644083,0.4743303571428603
2001-09-01,2001,9,6.8,180.9,3.07,6.8175,208946.9481,-1.5352523975531147,38818.84641451459,574.504,18.1,6.2,3.045,17.5,6.4,175.15,45224.201759865886,573.158,2.9,2328.6646000000183,0.8499999999999943,-154.42871950157132,0.0,-0.13250000000000028,-1.0,-1.8369701987210297e-16,0,0,1,0,0,5.382616110453853,1091.6914889490015,33.747262161015016,3.3714285714285808,-0.3014285714285809,3.446071428571419,0,1,6.65922251158837,1,0,1,206607.18116666668,203194.08641666666,3.496666666666666,3.9116666666666666,6.599999999999999,6.3999999999999995,180.04999999999998,179.0583333333333,1.127037046554502,11.872916680495948,-0.39624260206652107,-8.367419255386366,0.47209108580950065
2001-10-01,2001,10,7.0,180.2,2.49,6.6175,211164.9599,-0.4093395453505457,38742.59394908746,574.504,18.1,5.58,3.045,17.5,6.6,175.3,45293.90272626941,573.158,2.9,2218.0117999999784,-0.700000000000017,-76.25246542713285,0.0,-0.20000000000000018,-0.8660254037844386,0.5000000000000001,0,0,1,0,0,5.450460033148445,1080.8522940514267,33.47795334938491,2.88324293462745,-0.39324293462744997,3.7342570653725495,0,1,6.838147630722391,1,0,1,208910.06383333332,205446.67940000002,3.0700000000000003,3.526666666666667,6.8,6.55,180.38333333333333,179.49166666666667,1.0615191177324457,12.10759012567475,-0.1964315595906596,-8.039794915847088,-0.3869541182974112
2001-11-01,2001,11,7.1,179.5,2.09,6.658,213353.9444,1.1,38750.81301889524,574.504,18.1,4.960000000000001,2.9,17.5,6.8,175.6,45278.932830496175,573.158,2.52,2188.9845000000205,-0.6999999999999886,8.219069807782944,0.0,0.04050000000000065,-0.5000000000000004,0.8660254037844384,0,0,1,0,0,5.505792724812425,1096.629880049035,33.95943861660838,2.395892755276652,-0.30589275527665194,4.262107244723349,0,1,6.818543729657933,1,0,1,211155.28413333333,207716.51499999998,2.55,3.173333333333334,6.966666666666666,6.7,180.20000000000002,179.74166666666667,1.0366229799852356,12.34143933487768,0.021214557338589124,-7.382621392465582,-0.38845726970032635
2001-12-01,2001,12,7.1,179.75,1.82,7.065,215516.9554,2.287223708397974,38853.865390218176,574.504,18.1,4.960000000000001,2.9,17.5,7.0,175.9,45186.993208798856,573.158,2.4,2163.0109999999986,0.25,103.05237132293405,0.0,0.40700000000000003,-2.4492935982947064e-16,1.0,0,0,0,1,0,5.5468600932111745,1154.6080955189552,35.660022515329096,2.3633257403189,-0.5433257403189,4.7016742596811,0,1,6.713410751976223,1,0,1,213345.28656666668,209976.23386666668,2.1333333333333333,2.815,7.066666666666666,6.833333333333333,179.8166666666667,179.9333333333333,1.013813457296453,12.465447514112892,0.26593602377500414,-6.42810818787658,0.139275766016711
2002-01-01,2002,1,7.2,180.0,1.73,6.9975,217459.5527,3.0790668051821743,39070.0,573.158,17.5,4.08,2.52,17.5,7.1,176.55,45027.69564226091,573.158,2.4,1942.597299999994,0.25,216.1346097818241,-1.3460000000000036,-0.06750000000000078,0.49999999999999994,0.8660254037844387,0,0,0,1,0,5.5658958971077555,1157.1189886271331,35.53987167526388,2.33086981239341,-0.6008698123934102,4.666630187606589,0,1,6.464055224136267,1,0,1,215443.48416666666,212176.77399999998,1.88,2.475,7.133333333333333,6.966666666666666,179.75,180.06666666666663,0.9013663432626551,12.579872732742704,0.5562756951235981,-5.100801554529999,0.13908205841446364
2002-02-01,2002,2,7.2,180.95,1.74,6.8925,219232.9986,3.4,39403.64117548161,573.158,17.5,4.08,2.4,17.5,7.1,177.2,44826.38512588572,573.158,2.28,1773.4458999999915,0.9499999999999886,333.6411754816072,0.0,-0.10499999999999954,0.8660254037844386,0.5000000000000001,0,0,0,1,0,5.563775124833255,1154.215359777925,35.15051884584068,2.4922118380062086,-0.7522118380062086,4.4002881619937915,0,1,6.105323733366519,1,0,1,217403.16890000002,214279.22651666668,1.7633333333333334,2.1566666666666667,7.166666666666667,7.066666666666666,180.23333333333332,180.21666666666667,0.815529084825517,12.704033337276787,0.8539574494026203,-3.4280062216591967,0.5277777777777715
2002-03-01,2002,3,7.1,181.9,1.73,7.014,221071.5565,3.293832723323349,39792.98250384589,573.158,17.5,4.59,2.4,17.5,7.2,177.6,44585.38204777821,573.158,2.28,1838.5579000000143,0.950000000000017,389.34132836428034,0.0,0.12150000000000016,1.0,6.123233995736766e-17,1,0,0,0,0,5.555541268580058,1178.299008898547,35.532868403156286,2.6523702031602703,-0.9223702031602703,4.36162979683973,0,1,5.802720982647358,1,0,1,219254.7026,216299.99458333335,1.7333333333333332,1.9333333333333336,7.166666666666667,7.116666666666667,180.94999999999996,180.38333333333333,0.838631917521937,12.848359596196858,0.9880846458589332,-1.6666055355435638,0.5250069079856479
2002-04-01,2002,4,7.1,182.75,1.75,6.985,223308.3493,2.913354483692658,40301.81169022914,573.158,17.5,5.1,2.28,18.1,7.2,178.0,44326.855206336746,573.158,2.28,2236.7927999999956,0.8499999999999943,508.8291863832492,0.0,-0.028999999999999915,0.8660254037844387,-0.4999999999999998,1,0,0,0,1,5.540901014981899,1186.7416832701717,35.33563282142638,2.899774774774788,-1.1497747747747882,4.085225225225212,0,1,5.750664980473408,1,0,1,221204.30146666666,218323.89281666666,1.7400000000000002,1.8099999999999998,7.133333333333333,7.133333333333333,181.86666666666665,180.8083333333333,1.0117958345310596,12.982051572308828,1.2786907498930855,0.49275971374027616,0.4672897196261738
2002-05-01,2002,5,7.0,183.6,1.75,6.806,225950.542,2.5,40852.60732075209,573.158,17.5,5.61,2.28,18.1,7.1,178.6,44075.216295787,568.502,2.4,2642.192699999985,0.8499999999999943,550.7956305229527,0.0,-0.17900000000000027,0.49999999999999994,-0.8660254037844387,1,0,0,0,1,5.530872001044174,1179.1453283344438,34.63608535170683,3.146067415730336,-1.3960674157303359,3.659932584269664,0,1,5.90408470554622,1,0,1,223443.4826,220423.32575,1.7433333333333334,1.7533333333333332,7.066666666666666,7.116666666666666,182.75,181.49166666666667,1.183203721796522,13.125201032687862,1.3666770981823895,2.7197257901670824,0.46511627906975495
2002-06-01,2002,6,7.0,183.9,1.75,6.65,228891.8561,2.195746473374252,41461.32937601309,573.158,17.5,6.63,2.28,18.1,7.1,179.2,43829.4304779556,568.502,2.4,2941.314100000018,0.30000000000001137,608.7220552610015,0.0,-0.1559999999999997,1.2246467991473532e-16,-1.0,0,1,0,0,1,5.520610639957492,1175.5242489091274,34.02276578973017,2.9675251959686566,-1.2175251959686566,3.6824748040313438,0,1,6.205962159764256,1,0,1,226050.24913333333,222652.47586666665,1.75,1.741666666666667,7.033333333333334,7.099999999999999,183.41666666666666,182.1833333333333,1.30175129210357,13.336004642637667,1.4900445655320116,5.080224373495534,0.16339869281045694
2002-07-01,2002,7,6.9,184.2,1.73,6.485,232110.2971,1.9468066059426048,42068.833776106905,573.158,17.5,7.139999999999999,2.4,18.1,7.0,180.05,43620.42263502615,568.502,2.52,3218.4409999999916,0.29999999999998295,607.5044000938142,0.0,-0.16500000000000004,-0.4999999999999997,-0.8660254037844388,0,1,0,0,1,5.517393192673375,1171.8448032856568,33.426497426259786,2.790178571428581,-1.060178571428581,3.6948214285714194,0,0,6.7372273225502655,1,0,1,228984.23173333332,225094.2666,1.7433333333333334,1.7416666666666665,6.966666666666666,7.05,183.9,182.88333333333333,1.4060967720030515,13.636780641391777,1.4652313595262534,7.337585470000141,0.16313213703098572
2002-08-01,2002,8,6.8,185.0,1.74,6.29,235507.6467,1.6,42694.86108626995,573.158,17.5,6.119999999999999,2.4,18.1,7.0,180.9,43450.0,568.502,2.52,3397.349600000016,0.8000000000000114,626.0273101630446,0.0,-0.19500000000000028,-0.8660254037844385,-0.5000000000000004,0,1,0,0,0,5.516065416494255,1164.9547476493751,32.74271567143731,2.7492363232435313,-1.0092363232435313,3.5407636767564687,0,0,7.423448205301342,1,0,1,232169.9333,227806.70794999998,1.74,1.7416666666666665,6.8999999999999995,6.983333333333333,184.36666666666665,183.5583333333333,1.463678967476545,13.981997483780283,1.4881023645552105,9.549071612422843,0.43431053203040193
2002-09-01,2002,9,6.8,185.8,1.75,6.0925,238817.3881,1.0931342484913025,43298.0327929636,573.158,17.5,5.1,2.52,18.1,6.9,180.2,43338.49582723196,568.502,2.4,3309.741399999999,0.8000000000000114,603.1717066936471,0.0,-0.1974999999999998,-1.0,-1.8369701987210297e-16,0,0,1,0,0,5.51566370790893,1156.8513432346633,32.062001950980026,2.708678828081812,-0.9586788280818119,3.3838211719181883,1,0,8.027188970373045,1,0,1,235478.4439666667,230764.34655000002,1.74,1.7449999999999999,6.833333333333333,6.933333333333333,185.0,184.20833333333334,1.4053647286519366,14.295705331720999,1.412750132796714,11.538690074968883,0.432432432432428
2002-10-01,2002,10,6.8,185.6,1.75,6.1125,241876.6148,0.6460564677640951,43839.89570962816,573.158,17.5,4.59,2.52,18.1,6.8,179.5,43286.94850273839,568.502,2.4,3059.2266999999993,-0.20000000000001705,541.8629166645624,0.0,0.019999999999999574,-0.8660254037844386,0.5000000000000001,0,0,1,0,0,5.517271674231625,1174.1705390820146,32.139780993798546,2.996670366259724,-1.2466703662597238,3.115829633740276,0,0,8.31507892929466,1,0,1,238733.8832,233859.05746666665,1.7466666666666668,1.7449999999999999,6.8,6.883333333333334,185.46666666666667,184.6833333333333,1.2809899330776586,14.543916241853738,1.2514723688615836,13.156841710803313,-0.10764262648009781
2002-11-01,2002,11,6.9,185.4,1.34,6.068,244597.6219,0.5,44335.81430260476,573.158,17.5,4.08,2.4,18.1,6.8,179.75,43284.361492878284,568.502,2.1,2721.007099999988,-0.19999999999998863,495.91859297660267,0.0,-0.044500000000000206,-0.5000000000000004,0.8660254037844384,0,0,1,0,0,5.516930854828795,1181.7574640134742,31.98563010791152,3.2869080779944326,-1.9469080779944326,2.781091922005567,0,1,8.252726342209883,1,0,1,241763.87493333334,236966.90411666667,1.6133333333333333,1.6766666666666665,6.833333333333333,6.866666666666667,185.6,184.98333333333335,1.1249566653022347,14.644059001517107,1.1312038611161368,14.412604145843911,-0.10775862068964637
2002-12-01,2002,12,7.0,185.85,1.24,6.0475,247188.8274,0.8352610933280993,44733.92213471617,573.158,17.5,4.08,2.4,18.1,6.8,180.0,43329.74436560356,568.502,2.0,2591.205500000011,0.44999999999998863,398.10783211141097,0.0,-0.020499999999999297,-2.4492935982947064e-16,1.0,0,0,0,1,0,5.5257579841890685,1191.6633179183186,31.966702521535012,3.3936022253129305,-2.1536022253129303,2.6538977746870698,0,1,7.993718785698634,1,0,1,244554.35470000003,240016.39933333336,1.4433333333333334,1.5916666666666666,6.8999999999999995,6.866666666666667,185.61666666666667,185.3083333333333,1.059374772277799,14.695768108461316,0.8979373411170721,15.133775456941677,0.24271844660193054
2003-01-01,2003,1,7.0,186.3,1.24,5.916,249443.0736,1.4722562599534283,45040.0,568.502,17.5,4.08,2.1,18.1,6.9,180.95,43422.127890699005,568.502,2.0,2254.246199999994,0.45000000000001705,306.0778652838271,-4.656000000000063,-0.13149999999999995,0.49999999999999994,0.8660254037844387,0,0,0,1,0,5.538256518650089,1185.6741785608563,31.589898185457983,3.500000000000014,-2.260000000000014,2.415999999999986,0,1,7.467474177818367,1,0,1,247076.50763333333,242905.19541666665,1.2733333333333332,1.51,6.966666666666666,6.883333333333333,185.85,185.65833333333333,0.9119531103856104,14.707802210981002,0.6842187107181763,15.280266188891733,0.2421307506053294
2003-02-01,2003,2,7.1,187.55,1.26,5.8425,251846.7985,2.1,45224.201759865886,568.502,17.5,4.08,2.0,18.1,7.0,181.9,43551.72796930728,568.502,1.9,2403.724900000001,1.25,184.20175986588583,0.0,-0.07350000000000012,0.8660254037844386,0.5000000000000001,0,0,0,1,0,5.568850055934008,1187.6334630785402,31.51321859170996,3.647416413373872,-2.387416413373872,2.1950835866261285,0,1,6.937843432665058,1,0,1,249492.89983333333,245628.38738333332,1.2466666666666668,1.43,7.033333333333334,6.933333333333334,186.5666666666667,186.08333333333334,0.9636366587811418,14.8763188517552,0.408973711958005,14.771631277583674,0.6709608158883551
2003-03-01,2003,3,7.2,188.8,1.25,5.745,254389.5635,2.4816332311052536,45293.90272626941,568.502,17.5,4.59,2.0,18.1,7.0,182.75,43723.18985160536,568.502,1.9,2542.764999999985,1.25,69.7009664035213,0.0,-0.09750000000000014,1.0,6.123233995736766e-17,1,0,0,0,0,5.616419610325607,1186.9924162487516,31.447740507297656,3.793293018141841,-2.543293018141841,1.951706981858159,0,1,6.52053668448942,1,0,1,251893.1452,248223.74995,1.25,1.3466666666666667,7.1000000000000005,7.0,187.54999999999998,186.58333333333334,1.009647537766889,15.071141456408931,0.15412315461889037,13.82384500053966,0.666488936283649
2003-04-01,2003,4,7.3,188.75,1.26,5.8125,257321.7312,2.898658237726699,45278.932830496175,568.502,17.5,5.1,1.9,17.5,7.1,183.6,43928.74873148327,568.502,1.9,2932.16770000002,-0.05000000000001137,-14.969895773232565,0.0,0.0674999999999999,0.8660254037844387,-0.4999999999999998,1,0,0,0,1,5.683034363095439,1209.5136044953922,32.05500294867629,3.283173734610134,-2.0231737346101344,2.529326265389866,0,1,6.385535208838222,1,0,1,254519.3644,250797.9360166667,1.2566666666666666,1.265,7.2,7.083333333333333,188.36666666666667,187.10833333333335,1.1526289285055613,15.231576430805681,-0.033050576064730386,12.34962134834674,-0.026483050847458944
2003-05-01,2003,5,7.3,188.7,1.26,5.484,260374.9591,3.6,45186.993208798856,568.502,17.5,5.61,1.9,17.5,7.2,183.9,44156.27567098677,567.754,2.0,3053.227899999998,-0.05000000000001137,-91.93962169731822,0.0,-0.3285,0.49999999999999994,-0.8660254037844387,1,0,0,0,1,5.762166070596163,1180.6141049373903,31.352759396458357,2.777777777777768,-1.517777777777768,2.706222222222232,0,1,6.450323219597909,1,0,1,257362.08459999997,253427.49221666667,1.2566666666666666,1.2516666666666667,7.266666666666666,7.1499999999999995,188.75,187.65833333333333,1.1865410223075523,15.235377085309242,-0.20305165327437757,10.609814580537202,-0.026490066225171027
2003-06-01,2003,6,7.4,189.45,1.22,5.23,263616.1065,4.804292025404748,45027.69564226091,568.502,17.5,6.63,1.9,17.5,7.3,184.2,44416.94437768585,567.754,2.0,3241.147399999987,0.75,-159.29756653794902,0.0,-0.25399999999999956,1.2246467991473532e-16,-1.0,0,1,0,0,1,5.854532476953632,1161.9472421102305,30.96620137104278,3.0179445350734024,-1.7979445350734025,2.212055464926598,0,1,6.645639802084347,1,0,1,260437.59893333333,256165.37206666663,1.2466666666666666,1.2483333333333333,7.333333333333333,7.216666666666666,188.96666666666667,188.25833333333333,1.2447999650977204,15.170592345072077,-0.35252968880197244,8.60166888018572,0.3974562798092274
2003-07-01,2003,7,7.4,190.2,1.01,5.6325,267014.2389,6.031708544096995,44826.38512588572,568.502,17.5,7.139999999999999,2.0,17.5,7.3,185.0,44690.11364423264,567.754,2.1,3398.1324000000022,0.75,-201.31051637518976,0.0,0.40249999999999986,-0.4999999999999997,-0.8660254037844388,0,1,0,0,1,5.956631081229173,1230.6793375212544,32.94522190174765,3.2573289902280145,-2.2473289902280147,2.375171009771986,0,1,7.044158431184444,1,0,1,263668.4348333333,259093.89961666663,1.1633333333333333,1.21,7.366666666666667,7.283333333333334,189.45000000000002,188.90833333333333,1.2890458193608234,15.037653320896126,-0.44708154282327994,6.554855702572326,0.39588281868567776
2003-08-01,2003,8,7.4,190.5,1.03,6.264,270414.6742,6.8,44585.38204777821,568.502,17.5,6.119999999999999,2.0,17.5,7.4,185.8,44990.0,567.754,2.1,3400.435300000012,0.30000000000001137,-241.0030781075111,0.0,0.6315,-0.8660254037844385,-0.5000000000000004,0,1,0,0,0,6.065097163689671,1333.962130868232,35.90312527380592,2.972972972972965,-1.9429729729729648,3.2910270270270354,0,1,7.372686812216922,1,0,1,267015.00653333333,262188.5455666667,1.0866666666666667,1.1716666666666666,7.4,7.333333333333333,190.04999999999998,189.4,1.2735033584757582,14.822035712694337,-0.5376366562476642,4.42798246301408,0.1577287066246047
2003-09-01,2003,9,7.3,190.8,1.01,6.1475,273853.4797,6.6484025309919055,44326.855206336746,568.502,17.5,5.1,2.1,17.5,7.4,185.6,45303.742692503285,567.754,2.0,3438.8055000000168,0.30000000000001137,-258.5268414414604,0.0,-0.11650000000000027,-1.0,-1.8369701987210297e-16,0,0,1,0,0,6.178048914709638,1334.3594349243438,36.123278190064525,2.6910656620021456,-1.6810656620021456,3.4564343379978544,0,1,7.651224339633744,1,0,1,270427.4642666667,265432.5316,1.0166666666666666,1.1316666666666666,7.366666666666667,7.3500000000000005,190.5,189.73333333333332,1.2716785840759082,14.67066191400157,-0.5798466438269423,2.376141240163565,0.15748031496063408
2003-10-01,2003,10,7.3,190.6,1.01,5.952,277296.3296,5.839691862761832,44075.216295787,568.502,17.5,4.59,2.1,17.5,7.4,185.4,45595.68684374742,567.754,2.0,3442.849899999972,-0.20000000000001705,-251.63891054974374,0.0,-0.1955,-0.8660254037844386,0.5000000000000001,0,0,1,0,0,6.291434345757386,1323.187103524236,36.02533708679401,2.69396551724137,-1.6839655172413701,3.25803448275863,0,1,7.762499617443885,1,0,1,273854.82783333334,268761.6313333333,1.0166666666666668,1.09,7.333333333333333,7.349999999999999,190.63333333333333,190.04166666666666,1.2571868371990425,14.64371197243992,-0.5676895177390562,0.5367726869550005,-0.10482180293501786
2003-11-01,2003,11,7.3,190.4,1.0,5.9325,280583.8043,4.7,43829.4304779556,568.502,17.5,4.08,2.0,17.5,7.3,185.85,45924.70286092179,567.754,1.89,3287.4747000000207,-0.19999999999998863,-245.78581783140544,0.0,-0.01949999999999985,-0.5000000000000004,0.8660254037844384,0,0,1,0,0,6.401721428735474,1336.0676325206011,36.58001351012548,2.6968716289104577,-1.6968716289104577,3.2356283710895424,0,1,7.761439606117637,1,0,1,277244.5378666667,272129.7722,1.0066666666666666,1.0466666666666666,7.3,7.3500000000000005,190.6,190.32500000000002,1.185545695733592,14.712400766804024,-0.557650848907798,-1.142155236380571,-0.10493179433367361
2003-12-01,2003,12,7.3,190.55,0.98,5.876,283639.3743,3.632645364144345,43620.42263502615,568.502,17.5,4.08,2.0,17.5,7.3,186.3,46245.25070158636,567.754,1.8,3055.570000000007,0.15000000000000568,-209.00784292944445,0.0,-0.05649999999999977,-2.4492935982947064e-16,1.0,0,0,0,1,0,6.502444432352758,1342.4122341345274,36.92982744435683,2.528921172988974,-1.5489211729889738,3.3470788270110265,0,1,7.595616241301251,1,0,1,280506.5027333333,275466.98350000003,0.9966666666666666,1.0066666666666668,7.3,7.333333333333333,190.51666666666668,190.50833333333333,1.0890044090830608,14.746033339531106,-0.4768664357493013,-2.4891613490467424,0.07878151260505284
2004-01-01,2004,1,7.4,190.7,1.0,5.7125,286402.0668,2.7649616127294383,43450.0,567.754,19.9,4.16,1.89,17.5,7.3,187.55,46574.80135740167,567.754,1.8,2762.6924999999464,0.14999999999997726,-170.42263502615242,-0.7479999999999336,-0.16349999999999998,0.49999999999999994,0.8660254037844387,0,0,0,1,0,6.591532032220943,1331.638566496515,36.77712956952401,2.3617820719269877,-1.3617820719269877,3.3507179280730126,0,1,7.260971542143468,1,0,1,283541.7484666666,278698.28815,0.9933333333333333,1.005,7.333333333333333,7.333333333333333,190.54999999999998,190.59166666666667,0.9740158632129514,14.816604312399706,-0.3906945983813248,-3.5301953818827725,0.07871949619522312
2004-02-01,2004,2,7.6,191.75,1.01,5.635,289510.4273,2.3,43338.49582723196,567.754,19.9,4.16,1.8,17.5,7.3,188.8,46888.36141306701,567.754,1.71,3108.36050000001,1.0500000000000114,-111.50417276803637,0.0,-0.07750000000000057,0.8660254037844386,0.5000000000000001,0,0,0,1,0,6.68021401698221,1334.730903026211,36.957375955467086,2.239402825913084,-1.2294028259130838,3.395597174086916,0,1,7.061655642946607,1,0,1,286517.2894666667,281880.91366666666,0.9966666666666667,1.0016666666666667,7.433333333333333,7.366666666666666,191.0,190.79999999999998,1.085313571487112,14.954976209475213,-0.2566264045294253,-4.169683176823669,0.5506030414263341
2004-03-01,2004,3,7.8,192.8,1.0,5.445,293028.796,2.320480717670294,43286.94850273839,567.754,19.9,4.680000000000001,1.8,17.5,7.4,188.75,47202.93600790964,567.754,1.71,3518.368699999992,1.0500000000000114,-51.54732449357107,0.0,-0.1899999999999995,1.0,6.123233995736766e-17,1,0,0,0,0,6.769449132720976,1322.9500815032131,36.67479812543094,2.1186440677966045,-1.1186440677966045,3.3263559322033958,0,1,7.002034927949818,1,0,1,289647.09669999994,285076.79971666663,1.0033333333333332,1.0,7.6000000000000005,7.45,191.75,191.13333333333333,1.21528220341236,15.1890006682605,-0.11894119421925753,-4.4309589210271945,0.5475880052151272
2004-04-01,2004,4,7.9,193.45,1.0,5.83,297369.7285,2.667580345550604,43284.361492878284,567.754,19.9,5.2,1.71,17.5,7.6,188.7,47503.955647377785,567.754,1.71,4340.932500000054,0.6499999999999773,-2.5870098601080826,0.0,0.3849999999999998,0.8660254037844387,-0.4999999999999998,1,0,0,0,1,6.8701424312087225,1400.4088588119355,38.8244292537576,2.490066225165566,-1.4900662251655659,3.339933774834434,0,1,7.238970284589019,1,0,1,293302.98393333337,288422.3662,1.0033333333333332,0.9983333333333334,7.766666666666667,7.550000000000001,192.66666666666666,191.60833333333335,1.4814013364065515,15.563394942680997,-0.005976420028652729,-4.405075855220931,0.3371369294605797
2004-05-01,2004,5,8.1,194.1,1.0,6.27,302469.561,3.1,43329.74436560356,567.754,19.9,5.720000000000001,1.71,17.5,7.8,189.45,47778.58575836722,567.136,1.8,5099.83249999996,0.6500000000000057,45.382872725276684,0.0,0.4399999999999995,0.49999999999999994,-0.8660254037844387,1,0,0,0,1,6.980644945602525,1493.03464999306,41.348999543462114,2.861685214626397,-1.8616852146263971,3.4083147853736024,0,0,7.800078395330234,1,0,1,297622.6951666667,292069.9923166667,1.0,0.9983333333333334,7.933333333333333,7.683333333333333,193.45000000000002,192.225,1.7149803800557084,16.166916375331255,0.10484819727036854,-4.110140355241976,0.3360041354355081
2004-06-01,2004,6,8.2,194.75,1.03,6.2875,308384.999,3.45307643082959,43422.127890699005,567.754,19.9,6.760000000000001,1.71,17.5,7.9,190.2,48041.23615056013,567.136,1.8,5915.438000000024,0.6500000000000057,92.38352509544347,0.0,0.01750000000000007,1.2246467991473532e-16,-1.0,0,1,0,0,1,7.102024105687734,1525.0457364216902,42.14567485758857,2.7975719187120607,-1.7675719187120607,3.489928081287939,1,0,8.724326360213652,1,0,1,302741.4295,296194.2631,1.01,1.0066666666666666,8.066666666666665,7.833333333333333,194.1,192.92499999999998,1.9557134874804927,16.98260895147543,0.2132104088035769,-3.5657337748703055,0.3348789283874387
2004-07-01,2004,7,8.3,195.4,1.26,6.056,315222.5496,3.6773087317810114,43551.72796930728,567.754,19.9,7.279999999999999,1.8,17.5,8.1,190.5,48271.22955469596,567.136,1.89,6837.550600000017,0.6500000000000057,129.60007860827318,0.0,-0.2314999999999996,-0.4999999999999997,-0.8660254037844388,0,1,0,0,1,7.237888467299174,1521.0259810196437,41.909500778244414,2.733964248159837,-1.473964248159837,3.322035751840163,1,0,10.062945118383503,1,0,1,308692.3698666667,300997.6769,1.0966666666666667,1.05,8.200000000000001,7.983333333333332,194.75,193.70833333333334,2.2172124526718573,18.054584241874316,0.29846551724617143,-2.8435421526826765,0.3337612323491612
2004-08-01,2004,8,8.4,195.95,1.43,5.8675,322267.6722,3.8,43723.18985160536,567.754,19.9,6.24,1.8,17.5,8.2,190.8,48480.0,567.136,1.89,7045.122599999944,0.549999999999983,171.46188229808467,0.0,-0.18850000000000033,-0.8660254037844385,-0.5000000000000004,0,1,0,0,0,7.37063497182531,1523.8324096264694,41.8221748632236,2.8608923884514414,-1.4308923884514415,3.0066076115485583,1,0,11.314702964413748,1,0,1,315291.7402666667,306457.21771666664,1.24,1.1199999999999999,8.299999999999999,8.116666666666667,195.36666666666667,194.40833333333333,2.2349678374658843,19.17536396772952,0.3936970822809194,-1.9338001752433276,0.28147389969293
2004-09-01,2004,9,8.4,196.5,1.61,5.754,329347.7588,3.842246871242885,43928.74873148327,567.754,19.9,5.2,1.89,17.5,8.3,190.6,48657.546028085286,567.136,1.8,7080.086600000039,0.5500000000000114,205.5588798779063,0.0,-0.11350000000000016,-1.0,-1.8369701987210297e-16,0,0,1,0,0,7.497317094396544,1538.2568754002036,42.02050601904127,2.9874213836478036,-1.3774213836478035,2.766578616352196,1,0,12.39433233039664,1,0,1,322279.3268666666,312510.3781833334,1.4333333333333333,1.2216666666666667,8.366666666666667,8.216666666666667,195.95000000000002,195.025,2.196958370557911,20.264222737207007,0.4701369698221214,-0.8981157652631411,0.28068384792039325
2004-10-01,2004,10,8.4,196.85,1.76,5.7225,335353.0355,3.902145823818748,44156.27567098677,567.754,19.9,4.680000000000001,1.89,17.5,8.4,190.4,48796.4213422829,567.136,1.8,6005.276699999988,0.3499999999999943,227.5269395034993,0.0,-0.03149999999999942,-0.8660254037844386,0.5000000000000001,0,0,1,0,0,7.594685702180866,1560.939762208501,42.42041898205094,3.2791185729275973,-1.5191185729275973,2.443381427072403,1,0,12.773091326947217,1,0,1,328989.4888333333,318840.92935,1.5999999999999999,1.3483333333333334,8.4,8.299999999999999,196.4333333333333,195.59166666666667,1.8233847170785689,20.93670189711736,0.5179454140482598,0.18391146320366758,0.17811704834604924
2004-11-01,2004,11,8.3,197.2,1.93,5.73,340532.8113,4.1,44416.94437768585,567.754,19.9,4.16,1.8,17.5,8.4,190.55,48934.30696732792,567.136,2.1,5179.775800000003,0.3499999999999943,260.6687066990853,0.0,0.007500000000000284,-0.5000000000000004,0.8660254037844384,0,0,1,0,0,7.666732056225745,1586.3460913334645,42.8578628330069,3.5714285714285587,-1.6414285714285588,2.1585714285714417,1,0,12.584158939550294,1,0,1,335077.86853333336,325184.80439999996,1.7666666666666668,1.5033333333333332,8.366666666666665,8.333333333333334,196.85,196.10833333333335,1.5445740016270193,21.365811597558416,0.5903321843566678,1.3404552450795526,0.17780035560071017
2004-12-01,2004,12,8.2,197.7,2.16,5.752,345426.9585,4.45954366075684,44690.11364423264,567.754,19.9,4.16,1.8,17.5,8.4,190.7,49059.705094965146,567.136,2.0,4894.147200000007,0.5,273.16926654678537,0.0,0.021999999999999353,-2.4492935982947064e-16,1.0,0,0,0,1,0,7.729381966890078,1613.0054908260997,43.31174014011741,3.752295985305687,-1.5922959853056868,1.9997040146943128,1,0,12.011595771556971,1,0,1,340437.60176666663,331358.46431666665,1.95,1.6916666666666667,8.299999999999999,8.333333333333334,197.25,196.6,1.437202829682227,21.783852947950887,0.6150113889509701,2.4522710798944747,0.2535496957403627
2005-01-01,2005,1,8.1,198.2,2.28,5.71,350658.7808,4.721432215772957,44990.0,567.136,18.9,3.28,2.1,17.5,8.3,191.75,49189.34818527161,567.136,2.0,5231.8223,0.5,299.88635576736124,-0.6180000000000518,-0.041999999999999815,0.49999999999999994,0.8660254037844387,0,0,0,1,0,7.794149384307624,1629.9582094872271,43.475213411528614,3.932878867330891,-1.6528788673308914,1.7771211326691088,1,0,11.241654902216425,1,0,1,345539.5168666667,337264.50285,2.1233333333333335,1.8616666666666666,8.200000000000001,8.3,197.69999999999996,197.06666666666663,1.5145958273549143,22.435841583808024,0.671035115629115,3.544303797468351,0.25290844714214167
2005-02-01,2005,2,7.9,199.3,2.5,5.6275,355935.373,4.5,45303.742692503285,567.136,18.9,3.28,2.0,17.5,8.2,192.8,49322.886598753554,567.136,1.9,5276.592200000014,1.1000000000000227,313.74269250328507,0.0,-0.08249999999999957,0.8660254037844386,0.5000000000000001,0,0,0,1,0,7.8566438851618114,1639.6212915338192,43.430088396784186,3.9374185136897166,-1.4374185136897166,1.6900814863102838,1,0,10.447123215978603,1,0,1,350673.70410000003,342875.7863166667,2.313333333333333,2.0399999999999996,8.066666666666665,8.216666666666667,198.4,197.625,1.5047654554555479,22.943887140606645,0.6973609524411728,4.534644841172475,0.5549949545913258
2005-03-01,2005,3,7.7,200.4,2.63,5.928,361417.1738,3.703069780658831,45595.68684374742,567.136,18.9,3.69,2.0,17.5,8.1,193.45,49477.59548121095,567.136,1.9,5481.800799999968,1.0999999999999943,291.94415124413354,0.0,0.30049999999999955,1.0,6.123233995736766e-17,1,0,0,0,0,7.926564963009467,1720.1415188678084,45.27116412820156,3.941908713692932,-1.3119087136929322,1.9860912863070679,1,0,9.737250108167416,1,0,1,356003.77586666663,348220.68881666666,2.4699999999999998,2.21,7.8999999999999995,8.1,199.29999999999998,198.275,1.5401112718291143,23.338449576812238,0.644415083375538,5.333566862221706,0.5519317611640817
2005-04-01,2005,4,7.5,201.1,2.79,5.855,367803.7324,2.619387024813697,45924.70286092179,567.136,18.9,4.1,1.9,19.9,7.9,194.1,49657.8074776436,567.136,1.9,6386.558599999989,0.6999999999999886,329.01601717437006,0.0,-0.07299999999999951,0.8660254037844387,-0.4999999999999998,1,0,0,0,1,8.008842942628405,1736.7990800799257,45.3820877710972,3.954510209356421,-1.164510209356421,1.9004897906435794,1,0,9.676577655430219,1,0,1,361718.7597333333,353629.1383,2.64,2.3816666666666664,7.699999999999999,7.95,200.26666666666665,198.98333333333335,1.7670877487228065,23.68566708362849,0.721594606748388,6.0999891807989925,0.3493013972055925
2005-05-01,2005,5,7.2,201.8,3.0,5.72,375339.1994,2.0,46245.25070158636,567.136,18.9,4.51,1.9,19.9,7.7,194.75,49864.59104676724,570.681,2.0,7535.467000000004,0.700000000000017,320.5478406645707,0.0,-0.13500000000000068,0.49999999999999994,-0.8660254037844387,1,0,0,0,1,8.116275589508797,1746.583811782725,45.32142311572275,3.967027305512638,-0.9670273055126382,1.7529726944873616,1,0,10.221155479005084,1,0,1,368186.7018666666,359430.2029833333,2.8066666666666666,2.56,7.466666666666666,7.766666666666666,201.1,199.75,2.0487739346279676,24.091560869491914,0.6979856606482926,6.7286488269642675,0.348085529587272
2005-06-01,2005,6,7.0,202.3,3.04,5.582,383138.0612,2.240804762461953,46574.80135740167,567.136,18.9,5.33,1.9,19.9,7.5,195.4,50120.10434475794,570.681,2.0,7798.861800000013,0.5,329.5506558153138,0.0,-0.1379999999999999,1.2246467991473532e-16,-1.0,0,1,0,0,1,8.226295121688407,1756.1346159787245,45.24681754417332,3.8767650834403033,-0.8367650834403033,1.7052349165596965,1,0,10.917243652249574,1,0,1,375426.9976666667,365715.3867666667,2.9433333333333334,2.7066666666666666,7.233333333333333,7.566666666666667,201.73333333333335,200.51666666666665,2.0778170285616016,24.240174600710706,0.712615135209993,7.260522733106245,0.24777006937561907
2005-07-01,2005,7,6.7,202.8,3.26,5.695,390634.6477,2.86298648611217,46888.36141306701,567.136,18.9,5.739999999999999,2.0,19.9,7.2,195.95,50415.87707356172,570.681,2.1,7496.586499999976,0.5,313.56005566533713,0.0,0.11300000000000043,-0.4999999999999997,-0.8660254037844388,0,1,0,0,1,8.331164406848659,1812.8060610001921,46.39461068038073,3.7871033776867957,-0.5271033776867959,1.9078966223132046,1,0,11.40021841426535,1,0,1,383037.3027666667,372378.03125,3.1,2.8699999999999997,6.966666666666666,7.333333333333333,202.30000000000004,201.28333333333333,1.956627978050629,23.92344652871241,0.6732397058640593,7.66131127130294,0.24715768660406034
2005-08-01,2005,8,6.6,204.2,3.5,5.82,397355.1817,3.2,47202.93600790964,567.136,18.9,4.919999999999999,2.0,19.9,7.0,196.5,50780.0,570.681,2.1,6720.534000000043,1.3999999999999773,314.57459484262654,0.0,0.125,-0.8660254037844385,-0.5000000000000004,0,1,0,0,0,8.418018354481521,1869.245471020982,47.520234013606924,4.21025771880581,-0.7102577188058099,1.6097422811941904,1,0,11.636890245241238,1,0,1,390375.9635333333,379281.33269999997,3.266666666666667,3.0366666666666666,6.766666666666666,7.116666666666667,203.1,202.1,1.7204142130170963,23.299733723648398,0.6709012329762398,7.958582546503079,0.6903353057199135
2005-09-01,2005,9,6.4,205.6,3.62,5.774,403723.7529,2.769544343635219,47503.955647377785,567.136,18.9,4.1,2.1,19.9,6.7,196.85,51207.84854481894,570.681,2.0,6368.571200000006,1.4000000000000057,301.01963946814794,0.0,-0.04600000000000026,-1.0,-1.8369701987210297e-16,0,0,1,0,0,8.498739681740284,1889.7449052640493,47.736948542769106,4.631043256997458,-1.011043256997458,1.142956743002542,1,0,11.705746756630763,1,0,0,397237.8607666667,386332.4292166666,3.4599999999999995,3.2016666666666667,6.566666666666666,6.8999999999999995,204.20000000000002,202.96666666666667,1.6027401914713746,22.582814703520015,0.6377138053821563,8.13864956124326,0.6856023506366382
2005-10-01,2005,10,6.3,204.95,3.78,6.065,409437.9529,2.173352341332087,47778.58575836722,567.136,18.9,3.69,2.1,19.9,6.6,197.2,51638.72877499556,570.681,2.0,5714.199999999953,-0.6500000000000057,274.6301109894339,0.0,0.29100000000000037,-0.8660254037844386,0.5000000000000001,0,0,1,0,0,8.569486651837476,1977.539042085802,49.667582512891414,4.114808229616451,-0.3348082296164514,1.9501917703835492,1,0,11.31968406854591,1,0,0,403505.62916666665,393271.46596666664,3.6333333333333333,3.3666666666666667,6.433333333333333,6.7,204.91666666666666,203.60833333333335,1.4153737447831771,22.091619743218338,0.5781205106960341,8.203386794598977,-0.31614785992217787
2005-11-01,2005,11,6.3,204.3,4.0,6.33,414189.5885,2.2,48041.23615056013,567.136,18.9,3.28,2.0,19.9,6.4,197.7,52149.49815333723,570.681,2.205,4751.635600000038,-0.6499999999999773,262.65039219291066,0.0,0.2649999999999997,-0.5000000000000004,0.8660254037844384,0,0,1,0,0,8.621543109380854,2057.460810612766,51.39236977578341,3.6004056795131856,0.3995943204868144,2.7295943204868145,1,0,10.35074118613364,1,0,0,409117.0981,399746.5308166666,3.8000000000000003,3.533333333333333,6.333333333333332,6.55,204.95000000000002,204.025,1.160526415869545,21.629862015002853,0.5497240825026228,8.15970531888961,-0.3171505245181616
2005-12-01,2005,12,6.2,204.95,4.16,6.272,418401.3373,3.3331525251349383,48271.22955469596,567.136,18.9,3.28,2.0,19.9,6.3,198.2,52662.222499553405,570.681,2.1,4211.748800000001,0.6499999999999773,229.9934041358283,0.0,-0.05799999999999983,-2.4492935982947064e-16,1.0,0,0,0,1,0,8.66771659143074,2065.7269132871,51.35299678115136,3.667172483560943,0.492827516439057,2.604827516439057,1,0,9.203803973312997,1,0,0,414009.6262333333,405623.74350000004,3.9800000000000004,3.72,6.266666666666666,6.416666666666667,204.73333333333332,204.46666666666667,1.0168649615875047,21.125849330604574,0.4787416448132964,8.013217283293873,0.3181595692608896
2006-01-01,2006,1,6.2,205.6,4.29,6.145,421962.8742,4.83458962669707,48480.0,570.681,19.6,3.2,2.205,19.9,6.3,199.3,53194.72935524276,570.681,2.1,3561.5369000000064,0.6500000000000057,208.77044530404237,3.5450000000000728,-0.12700000000000067,0.49999999999999994,0.8660254037844387,0,0,0,1,0,8.703854665841584,2055.4806977783915,50.87823509352454,3.733602421796167,0.5563975782038328,2.4113975782038324,1,0,8.019827909392085,1,0,0,418184.60000000003,410845.1145833333,4.15,3.891666666666667,6.233333333333333,6.333333333333333,204.95000000000002,204.9333333333333,0.8512250278603473,20.334324221776345,0.43249456711578205,7.757279395421213,0.3171505245181727
2006-02-01,2006,2,6.2,206.0,4.49,6.2525,425445.939,5.5,48657.546028085286,570.681,19.6,3.2,2.1,19.9,6.2,200.4,53697.00893643128,570.681,1.995,3483.064799999993,0.4000000000000057,177.5460280852858,0.0,0.10750000000000082,0.8660254037844386,0.5000000000000001,0,0,0,1,0,8.743678498591592,2096.1884964780193,51.696528105254444,3.361766181635728,1.1282338183642722,2.8907338183642723,1,0,7.069432737688142,1,0,0,421936.7168333333,415526.9074666666,4.3133333333333335,4.056666666666667,6.2,6.266666666666667,205.51666666666665,205.23333333333335,0.8254434247570996,19.528985111575302,0.3662253054564468,7.402927741192955,0.1945525291828787
2006-03-01,2006,3,6.3,206.4,4.59,6.324,428958.7791,4.674884633576658,48796.4213422829,570.681,19.6,3.6,2.1,19.9,6.2,201.1,54186.19246704914,570.681,1.995,3512.840099999972,0.4000000000000057,138.87531419761217,0.0,0.07149999999999945,1.0,6.123233995736766e-17,1,0,0,0,0,8.790783571833375,2129.4820476513546,52.36815296877823,2.9940119760478945,1.5959880239521054,3.3299880239521054,1,0,6.250567626683723,1,0,0,425455.86409999995,419732.74516666663,4.456666666666667,4.218333333333333,6.233333333333333,6.25,206.0,205.36666666666667,0.8256842475113935,18.687990000546016,0.285413724147654,7.019818583946602,0.1941747572815622
2006-04-01,2006,4,6.3,207.75,4.79,6.5075,432150.4943,2.7980131378415973,48934.30696732792,570.681,19.6,4.0,1.995,18.9,6.2,201.8,54628.42595414112,570.681,1.995,3191.715200000035,1.3499999999999943,137.88562504501897,0.0,0.18350000000000044,0.8660254037844387,-0.4999999999999998,1,0,0,0,1,8.831237654771222,2186.893573461643,53.628475619489734,3.306812531079073,1.483187468920927,3.2006874689209273,1,0,5.547248670800986,1,0,0,428851.7374666667,423518.1687333333,4.623333333333334,4.386666666666667,6.266666666666666,6.25,206.71666666666667,205.83333333333334,0.7440610509701129,17.494863763378188,0.28257323232336873,6.553344755480306,0.6540697674418672
2006-05-01,2006,5,6.4,209.1,4.94,6.5975,434766.9483,1.0,49059.705094965146,570.681,19.6,4.4,1.995,18.9,6.3,202.3,54995.86461948003,574.404,2.1,2616.453999999969,1.3499999999999943,125.39812763722875,0.0,0.08999999999999986,0.49999999999999994,-0.8660254037844387,1,0,0,0,1,8.861996774306311,2220.767663644202,54.31995955162265,3.617443012884025,1.3225569871159752,2.980056987115975,1,0,4.968101654732915,0,0,0,431958.7405666667,426947.72870000004,4.773333333333333,4.543333333333334,6.333333333333333,6.266666666666667,207.75,206.63333333333335,0.6054497297840911,15.833078185011985,0.25625810481173517,6.085931745813289,0.6498194945848246
2006-06-01,2006,6,6.4,210.25,4.99,6.682,436218.3492,0.0052692071612249,49189.34818527161,570.681,19.6,5.2,1.995,18.9,6.3,202.8,55296.650292606064,574.404,2.1,1451.4009000000078,1.1500000000000057,129.6430903064611,0.0,0.08450000000000024,1.2246467991473532e-16,-1.0,0,1,0,0,1,8.868146566142414,2247.691644118658,54.83361891243764,3.929807217004444,1.0601927829955562,2.7521927829955564,1,0,4.258354434279665,0,0,0,434378.59726666665,429917.2306833334,4.906666666666667,4.6816666666666675,6.366666666666666,6.3,209.03333333333333,207.51666666666665,0.33383423134514256,13.854089002212655,0.2642557472685825,5.6136510552275976,0.5499760879961846
2006-07-01,2006,7,6.4,211.4,5.24,6.7625,436993.9705,-0.0771862309915388,49322.886598753554,570.681,19.6,5.6,2.1,18.9,6.4,204.2,55495.72294325902,574.404,2.205,775.6212999999989,1.1500000000000057,133.53841348194692,0.0,0.0804999999999998,-0.4999999999999997,-0.8660254037844388,0,1,0,0,1,8.859862036360283,2270.373217758484,55.236991368202496,4.240631163708075,0.9993688362919251,2.521868836291925,1,0,3.5621845472773916,0,0,0,435993.0893333333,432422.41339999996,5.0566666666666675,4.840000000000001,6.4,6.333333333333333,210.25,208.48333333333335,0.1778057482961115,11.867693527176094,0.27147831473386397,5.192173734201089,0.54696789536266
2006-08-01,2006,8,6.4,211.3,5.25,6.523999999999999,436981.835,0.6,49477.59548121095,570.681,19.6,4.8,2.1,18.9,6.4,205.6,55590.0,574.404,2.205,-12.135499999974854,-0.09999999999999432,154.7088824573948,0.0,-0.23850000000000104,-0.8660254037844385,-0.5000000000000004,0,1,0,0,0,8.831913328648788,2215.138565925339,53.724645534155805,3.4769833496572033,1.7730166503427967,3.047016650342796,1,0,2.7114833971890295,0,0,0,436731.3849,434345.0627333333,5.16,4.966666666666667,6.4,6.366666666666667,210.98333333333335,209.36666666666667,-0.002777040604495795,9.972602629835038,0.3136655072846217,4.818894047014699,-0.047303689687794304
2006-09-01,2006,9,6.4,211.2,5.25,6.4025,435540.019,1.81806481532316,49657.8074776436,570.681,19.6,4.0,2.205,18.9,6.4,204.95,55560.97839740802,574.404,2.1,-1441.8160000000498,-0.10000000000002274,180.21199643264845,0.0,-0.12149999999999928,-1.0,-1.8369701987210297e-16,0,0,1,0,0,8.770826605586324,2180.033230803796,52.681340756784735,2.7237354085603016,2.5262645914396984,3.6787645914396983,1,0,1.5342359733977462,0,0,0,436505.2748333333,435441.93604999996,5.246666666666667,5.076666666666667,6.4,6.383333333333334,211.29999999999998,210.16666666666666,-0.32994872658723695,7.880702057151612,0.3642294955523484,4.53404732492988,-0.047326076668252615
2006-10-01,2006,10,6.4,210.65,5.25,6.3575,433050.2928,2.9725327037965816,49864.59104676724,570.681,19.6,3.6,2.205,18.9,6.4,204.3,55436.34449372534,574.404,2.1,-2489.7261999999755,-0.549999999999983,206.7835691236396,0.0,-0.04499999999999993,-0.8660254037844386,0.5000000000000001,0,0,1,0,0,8.68452510507604,2157.372624521039,51.91754499695399,2.781166138082458,2.468833861917542,3.5763338619175418,1,0,0.20821415499188145,0,0,0,435190.7156,435591.9024666667,5.25,5.153333333333333,6.4,6.4,211.05000000000004,210.65,-0.5716412020453143,5.767012982738073,0.41641703415264963,4.365983746253321,-0.26041666666666297
2006-11-01,2006,11,6.3,210.1,5.25,6.24,430698.6996,3.5,50120.10434475794,570.681,19.6,3.2,2.1,18.9,6.4,204.95,55220.39025025592,574.404,1.785,-2351.593200000003,-0.5500000000000114,255.51329799070663,0.0,-0.11749999999999972,-0.5000000000000004,0.8660254037844384,0,0,1,0,0,8.593332061668917,2119.26833695209,50.7405568601633,2.8389623103279416,2.4110376896720584,3.4010376896720587,1,0,-0.9357309050072482,0,1,0,433096.3371333333,434913.8610166667,5.25,5.205,6.366666666666666,6.383333333333333,210.64999999999998,210.8166666666667,-0.5430300450313008,3.9858826871501662,0.5124143056764785,4.327257915851068,-0.26109660574412663
2006-12-01,2006,12,6.2,210.6005,5.24,6.135,429023.2547,2.9784874576350058,50415.87707356172,570.681,19.6,3.2,2.1,18.9,6.4,205.6,54950.91572662951,574.404,1.7,-1675.4449000000022,0.5005000000000166,295.7727288037786,0.0,-0.10500000000000043,-2.4492935982947064e-16,1.0,0,0,0,1,0,8.509685432507956,2087.6524316772734,49.69035675720606,2.7570139058306964,2.482986094169304,3.3779860941693034,1,0,-1.6494249985575804,0,1,0,430924.0823666666,433714.6786,5.246666666666667,5.246666666666667,6.3,6.3500000000000005,210.45016666666666,210.87508333333335,-0.3890062592610599,2.5386910731558965,0.5901279190666964,4.4429104844650125,0.23821989528796106
2007-01-01,2007,1,6.1,211.101,5.25,6.2175,427663.3343,1.934506898298846,50780.0,574.404,16.4,3.3600000000000003,1.785,18.9,6.3,206.0,54632.03685638641,574.404,1.7,-1359.9204000000027,0.5004999999999882,364.1229264382782,3.7229999999999563,0.08250000000000046,0.49999999999999994,0.8660254037844387,0,0,0,1,0,8.421885275699093,2099.330933768434,49.61002600476804,2.6755836575875547,2.5744163424124453,3.5419163424124456,1,0,-2.1351864853705105,0,1,0,429128.42953333334,432159.57256666664,5.246666666666667,5.248333333333334,6.199999999999999,6.300000000000001,210.6005,210.82525,-0.3169805797475833,1.3509387788694704,0.7222386033411299,4.744224422442245,0.23765375675746103
2007-02-01,2007,2,6.1,212.778,5.26,6.285,426337.1538,1.2,51207.84854481894,574.404,16.4,3.3600000000000003,1.7,18.9,6.2,206.4,54305.46281694236,574.404,1.615,-1326.1805000000168,1.6769999999999925,427.84854481893854,0.0,0.0674999999999999,0.8660254037844386,0.5000000000000001,0,0,0,1,0,8.325621284925775,2107.795000139467,49.39387363547561,3.2902912621359137,1.969708737864086,2.9947087378640864,1,0,-2.4359550780869488,0,1,0,427674.5809333334,430385.4590333333,5.250000000000001,5.25,6.133333333333333,6.25,211.49316666666664,211.07158333333336,-0.31009918167773654,0.2094778015967691,0.8425532588005824,5.241329916764825,0.7944064689413999
2007-03-01,2007,3,6.0,214.455,5.26,6.156000000000001,425111.6701,1.31335992464869,51638.72877499556,574.404,16.4,3.78,1.7,18.9,6.1,207.75,53971.50290744985,574.404,1.615,-1225.4836999999825,1.677000000000021,430.8802301766191,0.0,-0.12899999999999956,1.0,6.123233995736766e-17,1,0,0,0,0,8.232419352388222,2073.241269851204,48.178752320993,3.9026162790697816,1.3573837209302182,2.253383720930219,1,0,-2.3943491860847765,0,1,0,426370.7194,428647.40088333335,5.256666666666667,5.251666666666666,6.0666666666666655,6.183333333333334,212.778,211.61408333333335,-0.2874447345433295,-0.8968481792286931,0.8414339645601343,5.8248276298281665,0.7881453909708735
2007-04-01,2007,4,5.9,215.276,5.25,6.18,424365.1654,1.9527354521548683,52149.49815333723,574.404,16.4,4.2,1.615,19.6,6.1,209.1,53663.54318892454,574.404,1.615,-746.5046999999904,0.820999999999998,510.7693783416689,0.0,0.023999999999999133,0.8660254037844387,-0.4999999999999998,1,0,0,0,1,8.137473617717708,2074.88003832476,47.74458305751457,3.6226233453670265,1.6273766546329735,2.5573766546329733,0,0,-2.0055701484102517,0,1,0,425271.3297666667,427199.87964999996,5.256666666666667,5.251666666666666,6.0,6.1000000000000005,214.16966666666667,212.38508333333334,-0.17560202471609276,-1.8015318743556552,0.989120744174854,6.570423462124442,0.38283089692476846
2007-05-01,2007,5,5.9,216.097,5.25,6.2620000000000005,423326.9745,2.5,52662.222499553405,574.404,16.4,4.620000000000001,1.615,19.6,6.0,210.25,53411.64191438112,580.236,1.7,-1038.1908999999869,0.820999999999998,512.7243462161787,0.0,0.08200000000000074,0.49999999999999994,-0.8660254037844387,1,0,0,0,1,8.038532261026203,2087.8414297709355,47.57508507633474,3.346245815399329,1.903754184600671,2.9157541846006714,0,0,-1.7115735679829713,0,1,0,424267.9366666667,425971.25879999995,5.253333333333334,5.251666666666666,5.933333333333333,6.033333333333334,215.27599999999998,213.38458333333335,-0.24464564593124072,-2.6312887501526716,0.9831817455052017,7.343128943834554,0.38137089132090907
2007-06-01,2007,6,5.9,216.6475,5.25,6.657500000000001,421307.2456,2.547233307156661,53194.72935524276,574.404,16.4,5.460000000000001,1.615,19.6,5.9,211.4,53221.08656729877,580.236,1.7,-2019.7288999999873,0.5504999999999995,532.506855689353,0.0,0.3955000000000002,1.2246467991473532e-16,-1.0,0,1,0,0,1,7.920093789488881,2165.3891067957898,48.84820281351517,3.042806183115343,2.207193816884657,3.6146938168846576,1,0,-1.7985060286290322,0,1,0,422999.7951666667,424685.2572833333,5.25,5.253333333333333,5.9,5.983333333333333,216.00683333333333,214.3924166666667,-0.4771084815432647,-3.4182660191498404,1.0111742923380573,8.14278155279653,0.25474671096776813
2007-07-01,2007,7,5.9,217.198,5.26,6.695,418495.149,2.3410399848877037,53697.00893643128,574.404,16.4,5.88,1.7,19.6,5.9,211.3,53125.30738811512,580.236,1.785,-2812.096600000048,0.5504999999999995,502.27958118852257,0.0,0.037499999999999645,-0.4999999999999997,-0.8660254037844388,0,1,0,0,1,7.793639856093878,2159.255354825666,48.25420404436786,2.7426679280983857,2.517332071901614,3.9523320719016146,1,0,-2.1437856754791706,0,1,0,421043.12303333334,423157.22640000004,5.253333333333333,5.255,5.9,5.95,216.64750000000004,215.40858333333333,-0.6674693182632585,-4.233198338831546,0.94422809792718,8.868342141573414,0.25409940110086016
2007-08-01,2007,8,5.9,217.8275,5.02,6.572,415325.85,2.3,54186.19246704914,574.404,16.4,5.04,1.7,19.6,5.9,211.2,53140.0,580.236,1.785,-3169.298999999999,0.6294999999999789,489.18353061786183,0.0,-0.12300000000000022,-0.8660254037844385,-0.5000000000000004,0,1,0,0,0,7.664791178168893,2115.870973247414,46.8577888996519,3.08920965451962,1.9307903454803794,3.48279034548038,0,1,-2.582768989719708,0,1,0,418376.0815333333,421322.00909999997,5.176666666666667,5.215,5.9,5.916666666666667,217.22433333333333,216.25016666666667,-0.7573084198402524,-4.955808975446319,0.911007038021383,9.516624524783701,0.28982771480399183
2007-09-01,2007,9,5.9,218.457,4.94,6.3825,412504.4743,2.6815443162781527,54628.42595414112,574.404,16.4,4.2,1.785,19.6,5.9,210.65,53284.76869826108,580.236,1.7,-2821.375699999975,0.6295000000000073,442.23348709198035,0.0,-0.18949999999999978,-1.0,-1.8369701987210297e-16,0,0,1,0,0,7.551095736243339,2060.4120361989717,45.26021755622885,3.436079545454551,1.5039204545454492,2.946420454545449,0,1,-2.965619785745799,0,1,0,415441.8244333333,419220.8098,5.073333333333334,5.161666666666667,5.9,5.9,217.8275,216.91716666666665,-0.6793161802955416,-5.288961678628201,0.8161368550870352,10.009742131154997,0.2889901412815199
2007-10-01,2007,10,5.9,218.394,4.76,6.375,409290.3318,2.9707874754716097,54995.86461948003,574.404,16.4,3.78,1.785,19.6,5.9,210.1,53513.58701839347,580.236,1.7,-3214.1425000000163,-0.06299999999998818,367.4386653389083,0.0,-0.007500000000000284,-0.8660254037844386,0.5000000000000001,0,0,1,0,0,7.442201966127934,2042.7513431344898,44.57247156167293,3.6762402088772905,1.0837597911227093,2.6987597911227095,0,1,-3.5523258808933367,0,1,0,412373.5520333333,416708.33753333334,4.906666666666666,5.079999999999999,5.9,5.9,218.22616666666667,217.4368333333333,-0.7791776090318225,-5.486651641862139,0.6726144107600085,10.290415433068034,-0.028838627281335683
2007-11-01,2007,11,5.9,218.331,4.49,6.208,405767.7217,2.5,55296.650292606064,574.404,16.4,3.3600000000000003,1.7,19.6,5.9,210.6005,53852.75866249666,580.236,2.835000000000001,-3522.610099999991,-0.0630000000000166,300.78567312603263,0.0,-0.16699999999999982,-0.5000000000000004,0.8660254037844384,0,0,1,0,0,7.338016309357835,1989.8465913813652,43.181926880242194,3.9176582579723895,0.5723417420276107,2.2903417420276106,0,1,-4.147917297436477,0,1,0,409187.50926666666,413781.7954,4.73,4.953333333333333,5.9,5.9,218.394,217.80916666666667,-0.8606629148819711,-5.7884962093347365,0.5469241645843503,10.328282463740601,-0.028846946344684987
2007-12-01,2007,12,6.0,219.459,4.24,6.095,401683.3338,0.941514170783304,55495.72294325902,574.404,16.4,3.3600000000000003,1.7,19.6,5.9,211.101,54244.38475063378,580.236,2.7000000000000006,-4084.3878999999724,1.1280000000000143,199.0726506529536,0.0,-0.11300000000000043,-2.4492935982947064e-16,1.0,0,0,0,1,0,7.238095343143771,1946.3063323201754,42.08554236102457,4.206305303168789,0.03369469683121107,1.8886946968312106,0,1,-4.6578624044437795,0,1,0,405580.46243333333,410511.1434333334,4.496666666666667,4.784999999999999,5.933333333333333,5.916666666666667,218.72799999999998,218.27774999999997,-1.0065827520454484,-6.372596496923633,0.36000851697082226,10.075885146826469,0.5166467427896171
2008-01-01,2008,1,6.0,220.587,3.94,5.758,397719.1373,-0.8957975139624388,55590.0,580.236,17.2,3.28,2.835000000000001,19.6,5.9,212.778,54690.55222014156,580.236,2.7000000000000006,-3964.19650000002,1.127999999999986,94.27705674098252,5.831999999999994,-0.33699999999999974,0.49999999999999994,0.8660254037844387,0,0,0,1,0,7.154508676020867,1858.4020580869071,40.116612155141006,4.4935836400585405,-0.5535836400585405,1.2644163599414595,0,1,-4.96445699541429,0,1,0,401723.3976,407048.4748166667,4.223333333333334,4.565,5.966666666666666,5.933333333333334,219.45899999999997,218.84258333333332,-0.9868959367813401,-7.00181535296045,0.16988166247942083,9.472233162662459,0.5139912238732558
2008-02-01,2008,2,6.1,221.5705,2.98,5.9175,393500.1881,-1.7,55560.97839740802,580.236,17.2,3.28,2.7000000000000006,19.6,6.0,214.455,55139.48217077418,580.236,2.5650000000000004,-4218.949199999974,0.9835000000000207,-29.0216025919799,0.0,0.15950000000000042,0.8660254037844386,0.5000000000000001,0,0,0,1,0,7.082312073150196,1870.7211842426086,40.40363373435223,4.13224111515289,-1.1522411151528904,1.78525888484711,0,1,-5.255069459317296,0,1,0,397634.2197333334,403410.86449999997,3.72,4.2250000000000005,6.033333333333332,5.966666666666668,220.53883333333332,219.46641666666665,-1.0607860684404558,-7.702112144653517,-0.052206516625252775,8.500903623746403,0.4458558301259963
2008-03-01,2008,3,6.2,222.554,2.61,5.97,388716.952,-0.7617567680213432,55436.34449372534,580.236,17.2,3.69,2.7000000000000006,19.6,6.0,215.276,55597.08179736808,580.236,2.5650000000000004,-4783.236100000038,0.9834999999999923,-124.63390368268301,0.0,0.052499999999999325,1.0,6.123233995736766e-17,1,0,0,0,0,7.011951375040568,1858.449932538558,40.2288415553571,3.7765498589447555,-1.1665498589447556,2.1934501410552443,0,1,-5.766609523536992,0,1,0,393312.09246666665,399446.27745,3.176666666666667,3.8366666666666664,6.099999999999999,6.016666666666667,221.5705,220.14925000000002,-1.2155613249121178,-8.561213596286077,-0.22431913057977537,7.354200633553654,0.4438767796254517
2008-04-01,2008,4,6.3,223.5395,2.28,5.9175,383395.1045,1.1059710818108797,55220.39025025592,580.236,17.2,4.1,2.5650000000000004,16.4,6.1,216.097,56023.86831405274,580.236,2.5650000000000004,-5321.847499999974,0.9855000000000018,-215.95424346941581,0.0,-0.052499999999999325,0.8660254037844387,-0.4999999999999998,1,0,0,0,1,6.94299882276227,1822.6810700806843,39.60887045861984,3.838560731340235,-1.558560731340235,2.0789392686597656,0,1,-6.326860247618482,0,1,0,388537.4148666666,395130.40623333334,2.6233333333333335,3.4233333333333333,6.199999999999999,6.083333333333333,222.55466666666666,221.00683333333336,-1.3690803739374813,-9.654435434487707,-0.3895535418895757,5.888632116629822,0.44281387887883383
2008-05-01,2008,5,6.4,224.525,1.98,6.036,377381.4165,2.4,54950.91572662951,580.236,17.2,4.51,2.5650000000000004,16.4,6.2,216.6475,56384.30275651732,592.228,2.7000000000000006,-6013.688000000024,0.9855000000000018,-269.47452362641343,0.0,0.11849999999999916,0.49999999999999994,-0.8660254037844387,1,0,0,0,1,6.867609238350125,1817.067341554459,39.68051816848392,3.900100417867902,-1.9201004178679022,2.1358995821320974,0,1,-6.995703128152497,0,1,0,383164.491,390399.3553666666,2.2900000000000005,3.0049999999999994,6.3,6.166666666666667,223.5395,222.03916666666666,-1.5685354167061405,-10.853444445459026,-0.48799822385384717,4.345986778464406,0.44086168216355137
2008-06-01,2008,6,6.6,226.7215,2.0,6.32,371497.4404,2.106228371788458,54632.03685638641,580.236,17.2,5.33,2.5650000000000004,16.4,6.3,217.198,56678.3926190537,592.228,2.7000000000000006,-5883.976099999971,2.196499999999986,-318.8788702430975,0.0,0.2840000000000007,1.2246467991473532e-16,-1.0,0,1,0,0,1,6.799992491156267,1843.4507769497366,40.491642992459425,4.649949803251818,-2.6499498032518183,1.670050196748182,0,1,-7.514848354407877,0,1,1,377424.6538,385368.37313333334,2.0866666666666673,2.631666666666667,6.433333333333333,6.266666666666667,224.9286666666667,223.24958333333336,-1.5591589417864093,-11.822679462600727,-0.5802976456833919,2.70197351986714,0.9782874958245147
2008-07-01,2008,7,6.8,228.918,2.01,6.425999999999999,365518.7663,0.4599464186026516,54305.46281694236,580.236,17.2,5.739999999999999,2.7000000000000006,16.4,6.4,217.8275,56864.17045993035,592.228,2.835000000000001,-5978.674100000004,2.1965000000000146,-326.57403944405087,0.0,0.10599999999999898,-0.4999999999999997,-0.8660254037844388,0,1,0,0,1,6.730791845603505,1834.054104847389,40.52750518370015,5.395998121529666,-3.385998121529666,1.0300018784703333,0,1,-8.096258887263751,0,1,1,371465.87440000003,380001.6446333334,1.9966666666666668,2.31,6.599999999999999,6.3999999999999995,226.7215,224.63808333333336,-1.6093446279367707,-12.658780591982433,-0.5977702063397872,1.13312434447026,0.9688097511704852
2008-08-01,2008,8,7.0,228.8945,2.0,6.4775,359862.0157,-2.1,53971.50290744985,580.236,17.2,4.919999999999999,2.7000000000000006,16.4,6.6,218.457,56930.0,592.228,2.835000000000001,-5656.7506000000285,-0.023500000000012733,-333.959909492507,0.0,0.05150000000000077,-0.8660254037844385,-0.5000000000000004,0,1,0,0,0,6.667630069836857,1815.4003326778477,40.363530416209976,5.080625724483823,-3.0806257244838227,1.3968742755161774,0,1,-8.548451415594139,0,1,1,365626.0741333333,374395.28256666666,2.0033333333333334,2.1466666666666665,6.8,6.55,228.178,225.85875000000001,-1.5475951227514329,-13.354293815325969,-0.6149655894071793,-0.3962071328961647,-0.010265684655641483
2008-09-01,2008,9,7.2,228.871,1.81,6.0375,354111.1163,-4.941677871198171,53663.54318892454,580.236,17.2,4.1,2.835000000000001,16.4,6.8,218.394,56852.81693821923,592.228,2.7000000000000006,-5750.899399999995,-0.02349999999998431,-307.9597185253151,0.0,-0.4400000000000004,-1.0,-1.8369701987210297e-16,0,0,1,0,0,6.59872783750671,1705.296006166133,38.133061773336294,4.767070865204603,-2.9570708652046034,1.2704291347953962,0,1,-8.902579504688024,0,1,1,359830.63276666665,368627.64328333334,1.9400000000000002,2.013333333333333,7.0,6.716666666666668,228.89450000000002,226.9115833333333,-1.5980845849522085,-14.155812030667224,-0.5705968926850269,-1.7662649954925946,-0.010266738606645731
2008-10-01,2008,10,7.5,226.22,0.97,6.2,348798.4711,-7.271401842354028,53411.64191438112,580.236,17.2,3.69,2.835000000000001,16.4,7.0,218.331,56679.35882923185,592.228,2.7000000000000006,-5312.64519999997,-2.6510000000000105,-251.90127454341564,0.0,0.16250000000000053,-0.8660254037844386,0.5000000000000001,0,0,1,0,0,6.530382864079035,1709.0259433797821,38.396706383661105,3.5834317792613257,-2.613431779261326,2.6165682207386745,0,1,-9.023754605609469,0,1,1,354257.2010333333,362861.5377166667,1.5933333333333337,1.795,7.233333333333332,6.916666666666667,227.99516666666668,227.35833333333332,-1.5002763131274133,-14.779694510243003,-0.46940857717238105,-2.88062150865388,-1.158294410388394
2008-11-01,2008,11,7.9,223.569,0.39,6.0875,344137.8849,-8.5,53221.08656729877,580.236,17.2,3.28,2.7000000000000006,16.4,7.2,219.459,56402.83524150072,592.228,2.835000000000001,-4660.58620000002,-2.6510000000000105,-190.55534708235064,0.0,-0.11249999999999982,-0.5000000000000004,0.8660254037844384,0,0,1,0,0,6.466194268033838,1666.143871884785,37.567302270943095,2.3991096088049835,-2.0091096088049833,3.688390391195017,0,1,-8.809000694394287,0,1,1,349015.8241,357320.9491166666,1.0566666666666669,1.53,7.533333333333332,7.166666666666667,226.22000000000003,227.19899999999998,-1.3361830931488905,-15.188452285410058,-0.356767439180794,-3.7535071551790256,-1.1718680930068115
2008-12-01,2008,12,8.2,222.6995,0.16,5.286,340176.799,-8.071934455669401,53125.30738811512,580.236,17.2,3.28,2.7000000000000006,16.4,7.5,220.587,56080.76294075073,592.228,2.7000000000000006,-3961.0859000000055,-0.869499999999988,-95.77917918364983,0.0,-0.8015000000000008,-2.4492935982947064e-16,1.0,0,0,0,1,0,6.403290930907674,1508.8489370531347,34.08203761036162,1.4765856036890623,-1.3165856036890624,3.8094143963109373,0,1,-8.430917146098327,0,1,1,344371.0516666667,352100.8422166666,0.5066666666666669,1.2233333333333332,7.866666666666666,7.433333333333333,224.1628333333333,226.52866666666668,-1.1510170991929636,-15.312194862091143,-0.1799647195525278,-4.271348185818757,-0.38891796268712975
2009-01-01,2009,1,8.7,221.83,0.15,5.047499999999999,336087.9109,-6.476386210565677,53140.0,592.228,18.4,3.76,2.835000000000001,16.4,7.9,221.5705,55723.777382663655,592.228,2.7000000000000006,-4088.888099999982,-0.869499999999988,14.692611884878716,11.991999999999962,-0.23850000000000016,0.49999999999999994,0.8660254037844387,0,0,0,1,0,6.324574913436207,1451.1694334806616,32.77010387987945,0.5634964889136729,-0.41349648891367285,4.4840035110863266,0,1,-8.051804206365865,0,1,1,340134.1982666667,347195.69965,0.23333333333333361,0.9133333333333334,8.266666666666666,7.75,222.69949999999997,225.34733333333335,-1.2019891162536323,-15.496168179986647,0.02765652117087125,-4.407267494153622,-0.39043644013568857
2009-02-01,2009,2,9.0,222.23,0.22,5.13,332055.311,-4.5,53284.76869826108,592.228,18.4,3.76,2.7000000000000006,16.4,8.2,222.554,55385.643397336105,592.228,2.5650000000000004,-4032.59990000003,0.39999999999997726,144.76869826108305,0.0,0.08250000000000046,0.8660254037844386,0.5000000000000001,0,0,0,1,0,6.231711596241506,1447.2156779936163,32.59203063124143,0.297647926957767,-0.07764792695776698,4.832352073042233,0,1,-7.7270463363327435,0,1,1,336106.67363333335,342561.24886666663,0.17666666666666697,0.6166666666666667,8.633333333333333,8.083333333333334,222.25316666666666,224.23658333333333,-1.1998646095901622,-15.614954950005021,0.2724288638710659,-4.096777567281151,0.18031826173194876
2009-03-01,2009,3,9.4,222.63,0.18,5.0025,328194.4587,-2.9524114856114774,53513.58701839347,592.228,18.4,4.23,2.7000000000000006,16.4,8.7,223.5395,55075.92566147794,592.228,2.5650000000000004,-3860.8522999999695,0.4000000000000057,228.81832013238454,0.0,-0.1274999999999995,1.0,6.123233995736766e-17,1,0,0,0,0,6.132918329455179,1409.8562401270306,31.61491468645017,0.0341490155198354,0.1458509844801646,4.968350984480165,0,1,-7.31879243746858,0,1,1,332112.5602,338241.80593333335,0.1833333333333336,0.345,9.033333333333331,8.45,222.23000000000002,223.19641666666666,-1.1627136118897874,-15.569810626627877,0.4294253793764691,-3.4684059580254223,0.17999370022050432
2009-04-01,2009,4,9.7,223.1065,0.15,4.8100000000000005,324923.1032,-1.6216103474400243,53852.75866249666,592.228,18.4,4.7,2.5650000000000004,17.2,9.0,224.525,54839.17920647464,592.228,2.5650000000000004,-3271.355500000005,0.4765000000000157,339.17164410318946,0.0,-0.1924999999999999,0.8660254037844387,-0.4999999999999998,1,0,0,0,1,6.0335461222393825,1365.378798957011,30.424709883793593,-0.19370178424842344,0.34370178424842346,5.003701784248424,0,1,-6.8450322688355385,0,1,1,328390.95763333334,334262.57795,0.18333333333333365,0.20833333333333334,9.366666666666667,8.816666666666666,222.6555,222.6775,-0.996773532666595,-15.251107959830513,0.6338047269875746,-2.4766785992660134,0.2140322508197512
2009-05-01,2009,5,9.9,223.583,0.18,4.8575,322681.4509,-0.7,54244.38475063378,592.228,18.4,5.170000000000001,2.5650000000000004,17.2,9.4,226.7215,54710.61934722346,605.282,2.7000000000000006,-2241.652300000016,0.47649999999998727,391.62608813711995,0.0,0.04749999999999943,0.49999999999999994,-0.8660254037844387,1,0,0,0,1,5.948660905334167,1363.3846974419582,30.160940057693885,-0.41955238837546593,0.5995523883754659,5.277052388375466,0,1,-6.234836366892549,0,1,1,325266.3376,330686.5056166667,0.1700000000000003,0.17333333333333334,9.666666666666666,9.15,223.1065,222.67983333333336,-0.6899024039605517,-14.494610282432918,0.727216391255836,-1.2857492302959739,0.21357513115933813
2009-06-01,2009,6,10.1,224.8335,0.21,5.42,321127.1121,-0.0569818663740229,54690.55222014156,592.228,18.4,6.11,2.5650000000000004,17.2,9.7,228.918,54713.78236883935,605.282,2.7000000000000006,-1554.3387999999686,1.2504999999999882,446.1674695077818,0.0,0.5625,1.2246467991473532e-16,-1.0,0,1,0,0,1,5.8717109091784705,1445.791015095157,31.723015176929177,-0.8327397269337067,1.0427397269337066,6.252739726933706,1,0,-5.59993713739424,0,1,1,322910.5554,327511.5578,0.18000000000000027,0.18166666666666664,9.899999999999999,9.466666666666667,223.841,223.03549999999998,-0.481694499533436,-13.558728223205275,0.8225136510605635,0.10710814958074799,0.5593001256803953
2009-07-01,2009,7,10.3,226.084,0.16,5.222,319827.1323,0.5240014111159563,55139.48217077418,592.228,18.4,6.58,2.7000000000000006,17.2,9.9,228.8945,54879.19770918006,605.282,2.835000000000001,-1299.97980000003,1.2505000000000166,448.9299506326206,0.0,-0.1979999999999995,-0.4999999999999997,-0.8660254037844388,0,1,0,0,1,5.80032890605417,1408.443770300579,30.651947711916005,-1.2379978857057994,1.3979978857057993,6.4599978857058,1,0,-4.838251562353357,0,1,1,321211.8984333333,324801.42803333333,0.18333333333333365,0.18333333333333335,10.1,9.733333333333333,224.8335,223.7445,-0.4048178278996284,-12.500489225907085,0.8208546675952055,1.5357927371749014,0.5561893579026256
2009-08-01,2009,8,10.5,226.6325,0.16,5.1925,318318.9425,1.4,55597.08179736808,592.228,18.4,5.64,2.7000000000000006,17.2,10.1,228.871,55250.0,605.282,2.835000000000001,-1508.1897999999928,0.54849999999999,457.59962659390294,0.0,-0.029500000000000526,-0.8660254037844385,-0.5000000000000004,0,1,0,0,0,5.72546134094162,1397.1595466122508,30.156105351811274,-0.9882282012018684,1.1482282012018683,6.180728201201868,0,1,-4.136771207975043,0,1,1,319757.7289666667,322512.03328333335,0.17666666666666697,0.17333333333333334,10.299999999999999,9.983333333333333,225.85,224.47825,-0.4715640568559665,-11.544167316239484,0.8298946754281333,3.0119207402946824,0.24260894180923032
2009-09-01,2009,9,10.6,227.181,0.15,5.0575,316574.9142,2.710712946865507,56023.86831405274,592.228,18.4,4.7,2.835000000000001,17.2,10.3,226.22,55843.715539134944,605.282,2.7000000000000006,-1744.0283000000054,0.5485000000000184,426.78651668466046,0.0,-0.1349999999999998,-1.0,-1.8369701987210297e-16,0,0,1,0,0,5.650715020701131,1368.4679183436494,29.311819255445236,-0.7384072250306906,0.8884072250306906,5.795907225030691,0,1,-3.5404450599275217,0,1,1,318240.3296666667,320575.4425333334,0.15666666666666698,0.16833333333333333,10.466666666666667,10.183333333333334,226.63250000000002,225.23675000000003,-0.5478870614179732,-10.600119672097396,0.7676419389063494,4.398377343103466,0.2420217753411391
2009-10-01,2009,10,10.6,226.857,0.12,4.952,315311.0723,3.906976385412003,56384.30275651732,592.228,18.4,4.23,2.835000000000001,17.2,10.5,223.569,56545.844540933846,605.282,2.7000000000000006,-1263.8418999999994,-0.3240000000000123,360.4344424645751,0.0,-0.10550000000000015,-0.8660254037844386,0.5000000000000001,0,0,1,0,0,5.592178263897287,1346.7362266912403,28.66193945872088,0.28158429847051636,-0.16158429847051636,4.670415701529484,0,1,-2.958247907069733,0,1,1,316734.97633333335,318973.43738333334,0.14333333333333362,0.16333333333333333,10.566666666666665,10.333333333333334,226.89016666666666,225.86183333333335,-0.3992236413279282,-9.600787152074197,0.6433587206868596,5.565567235138302,-0.14261756044740004
2009-11-01,2009,11,10.6,226.533,0.12,4.875,314893.3633,4.4,56678.3926190537,592.228,18.4,3.76,2.7000000000000006,17.2,10.6,222.6995,57466.110645087545,605.282,2.9399999999999995,-417.70899999997346,-0.3240000000000123,294.0898625363843,0.0,-0.07699999999999996,-0.5000000000000004,0.8660254037844384,0,0,1,0,0,5.555792053180803,1333.153259951477,28.225640107584304,1.3257652000053577,-1.2057652000053576,3.5492347999946423,0,1,-2.4135529260445487,0,1,1,315593.1166,317675.42278333334,0.1300000000000003,0.15333333333333335,10.6,10.450000000000001,226.857,226.35350000000003,-0.13247520835631965,-8.497908217369876,0.5215810928909548,6.496120757292556,-0.14282124862800005
2009-12-01,2009,12,10.6,226.9865,0.12,4.93,315539.9238,3.765498196999057,56864.17045993035,592.228,18.4,3.76,2.7000000000000006,17.2,10.6,221.83,58459.37586217208,605.282,2.7999999999999994,646.5604999999632,0.45350000000001955,185.77784087664622,0.0,0.054999999999999716,-2.4492935982947064e-16,1.0,0,0,0,1,0,5.54901128861709,1344.3305400486415,28.369298892614953,1.9250155478570896,-1.8050155478570895,3.00498445214291,0,1,-1.7398681361604162,0,1,1,315248.1198,316744.22473333334,0.12,0.13833333333333334,10.6,10.533333333333333,226.79216666666665,226.7123333333333,0.20532681070957182,-7.242373751656128,0.32777542250588265,7.037819178156246,0.20019158356618938
2010-01-01,2010,1,10.5,227.44,0.11,5.03,316887.8307,2.6141040811803085,56930.0,605.282,19.2,6.079999999999999,2.9399999999999995,17.2,10.6,222.23,59548.80868108729,605.282,2.7999999999999994,1347.9069000000018,0.45349999999999113,65.82954006965156,13.054000000000087,0.10000000000000053,0.49999999999999994,0.8660254037844387,0,0,0,1,0,5.566271398208326,1365.5497470620462,28.783764209985165,2.528963620790692,-2.418963620790692,2.5010363792093084,0,1,-0.9190282196705368,0,1,1,315773.7059333334,316254.34113333334,0.11666666666666696,0.12999999999999998,10.566666666666665,10.566666666666666,226.9865,226.93833333333336,0.4271747561346073,-5.7128148848272104,0.115766289277075,7.132103876552498,0.19979161756316088
2010-02-01,2010,2,10.3,227.96,0.13,4.99,317886.0594,1.9,56852.81693821923,605.282,19.2,6.079999999999999,2.7999999999999994,17.2,10.6,222.63,60622.91543651296,605.282,2.6599999999999997,998.228700000036,0.5200000000000102,-77.18306178077182,0.0,-0.040000000000000036,0.8660254037844386,0.5000000000000001,0,0,0,1,0,5.591386258757243,1363.6310781065847,28.78234328311466,2.5784097556585506,-2.4484097556585507,2.4115902443414496,0,1,-0.13599036758548122,0,1,1,316771.27129999996,316182.19395,0.12000000000000029,0.125,10.466666666666667,10.533333333333333,227.4621666666667,227.15958333333333,0.3150101087173285,-4.267135965188629,-0.13557537639341533,6.696187910964113,0.22863172704890022
2010-03-01,2010,3,10.2,228.48,0.16,4.9675,319016.7695,2.2053924452108684,56679.35882923185,605.282,19.2,6.839999999999999,2.7999999999999994,17.2,10.5,223.1065,61710.25405323831,605.282,2.6599999999999997,1130.7100999999675,0.5199999999999818,-173.45810898737545,0.0,-0.022499999999999964,1.0,6.123233995736766e-17,1,0,0,0,0,5.628447041208767,1364.9760788682167,28.898903030587768,2.6276782104837526,-2.4676782104837525,2.3398217895162476,1,0,0.7713356903754409,0,0,1,317930.21986666665,316589.1698333333,0.13333333333333364,0.12666666666666668,10.333333333333334,10.466666666666667,227.96,227.37608333333333,0.3556966612924706,-2.7964180858974452,-0.30510028935921696,5.915828086333019,0.22811019477100292
2010-04-01,2010,4,10.0,228.554,0.2,5.098000000000001,320227.8258,3.1401961482164213,56402.83524150072,605.282,19.2,7.599999999999999,2.6599999999999997,18.4,10.3,223.583,62730.89602822388,605.282,2.6599999999999997,1211.0562999999966,0.07400000000001228,-276.5235877311352,0.0,0.1305000000000005,0.8660254037844387,-0.4999999999999998,1,0,0,0,1,5.677512919853702,1390.6261890408232,29.58630394560618,2.4416590283115935,-2.2416590283115934,2.656340971688407,1,0,1.5593342359135454,0,0,1,319043.5515666667,317408.62875,0.16333333333333364,0.13999999999999999,10.166666666666666,10.366666666666665,228.3313333333333,227.65891666666664,0.3796215170437822,-1.4450426435543284,-0.48787352828790764,4.735275670807826,0.032387955182078265
2010-05-01,2010,5,9.8,228.628,0.2,4.8875,321763.9403,3.9,56080.76294075073,605.282,19.2,8.36,2.6599999999999997,18.4,10.2,224.8335,63613.44947334589,620.29,2.7999999999999994,1536.1145000000251,0.07399999999998386,-322.072300749991,0.0,-0.21050000000000058,0.49999999999999994,-0.8660254037844387,1,0,0,0,1,5.737510037799296,1364.1947016356926,29.190644993406305,2.2564327341524137,-2.0564327341524136,2.6310672658475864,1,0,2.1818741836913125,0,0,1,320336.1785333333,318553.7249166667,0.18666666666666698,0.15333333333333335,10.0,10.233333333333333,228.554,228.0080833333333,0.4796942602231624,-0.28433943055633515,-0.5710214732485897,3.385379331997118,0.032377468781996654
2010-06-01,2010,6,9.7,228.53,0.18,4.7375,322434.8312,3.9565205880274887,55723.777382663655,605.282,19.2,9.88,2.6599999999999997,18.4,10.0,226.084,64373.70209270668,620.29,2.7999999999999994,670.8908999999985,-0.09799999999998477,-356.9855580870717,0.0,-0.15000000000000036,1.2246467991473532e-16,-1.0,0,1,0,0,1,5.786306067978683,1343.635357583284,28.934909025057703,1.6441055269788674,-1.4641055269788674,3.0933944730211325,1,0,2.1851141107488647,0,0,1,321475.53243333334,319702.87614999997,0.1933333333333336,0.16333333333333333,9.833333333333334,10.083333333333334,228.57066666666665,228.26533333333336,0.20850406648256214,0.4072278704367882,-0.6365561725046875,1.8892205702424336,-0.042864391063202056
2010-07-01,2010,7,9.7,228.432,0.18,4.564,322084.358,3.547503583882273,55385.643397336105,605.282,19.2,10.639999999999995,2.7999999999999994,18.4,9.8,226.6325,64921.39765321535,620.29,2.9399999999999995,-350.47320000000764,-0.09800000000001319,-338.13398532754945,0.0,-0.17349999999999977,-0.4999999999999997,-0.8660254037844388,0,1,0,0,1,5.815304079603621,1315.379974322201,28.49937045712031,1.0385520426036354,-0.8585520426036355,3.5254479573963646,1,0,1.6398633196235357,0,0,1,322094.3765,320568.96403333335,0.18666666666666698,0.17500000000000002,9.733333333333333,9.950000000000001,228.52999999999997,228.43066666666664,-0.10869582504335895,0.705764293281641,-0.606803776071263,0.4464336930106283,-0.04288277250251715
2010-08-01,2010,8,9.7,229.522,0.19,4.4275,320918.043,3.1,55075.92566147794,605.282,19.2,9.119999999999996,2.7999999999999994,18.4,9.7,227.181,65250.0,620.29,2.9399999999999995,-1166.3150000000023,1.0900000000000034,-309.71773585816845,0.0,-0.13649999999999984,-0.8660254037844385,-0.5000000000000004,0,1,0,0,0,5.8268297653771715,1289.7995227559074,28.10228622974642,1.2749715949830653,-1.0849715949830654,3.152528405016935,1,0,0.9537957108665784,0,0,1,321812.4107333333,321074.29463333334,0.1833333333333336,0.18500000000000003,9.7,9.85,228.82799999999997,228.691,-0.36211476000954645,0.8165082729878703,-0.5592021990902141,-0.9373803786853041,0.4771660713035031
2010-09-01,2010,9,9.8,230.612,0.19,4.346,319669.9032,2.9342676566421746,54839.17920647464,605.282,19.2,7.599999999999999,2.9399999999999995,18.4,9.7,226.857,65308.50634063951,620.29,2.7999999999999994,-1248.1398000000045,1.0900000000000034,-236.74645500329643,0.0,-0.08150000000000013,-1.0,-1.8369701987210297e-16,0,0,1,0,0,5.829224795586617,1272.481191868678,27.844644145624436,1.5102495367130153,-1.3202495367130154,2.8357504632869848,1,0,0.2047333439629817,0,0,1,320890.7680666667,321183.15025,0.18666666666666698,0.18999999999999997,9.733333333333333,9.783333333333333,229.52200000000002,229.0463333333333,-0.38892789832948305,0.9776482156904853,-0.4298546999617403,-2.114614972563289,0.4749000095851441
2010-10-01,2010,10,9.9,230.5715,0.19,4.225,318477.2927,2.7546905321922446,54710.61934722346,605.282,19.2,6.839999999999999,2.9399999999999995,18.4,9.7,226.533,65145.24038895644,620.29,2.7999999999999994,-1192.6105000000098,-0.04050000000000864,-128.55985925118148,0.0,-0.12100000000000044,-0.8660254037844386,0.5000000000000001,0,0,1,0,0,5.82112387868924,1249.647382489243,27.409246630347177,1.6373750865082304,-1.4473750865082304,2.5876249134917693,0,1,-0.546652401497838,0,1,1,319688.4129666667,320891.3947333333,0.19,0.18833333333333335,9.799999999999999,9.766666666666667,230.2351666666667,229.38258333333332,-0.37307562834710817,1.0041576963677024,-0.23443067732130674,-2.968349926257452,-0.017561965552537195
2010-11-01,2010,11,9.9,230.531,0.19,4.3,317165.7462,2.1,54713.78236883935,605.282,19.2,6.079999999999999,2.7999999999999994,18.4,9.8,226.9865,64780.45291117506,620.29,3.045,-1311.5464999999967,-0.04049999999998022,3.163021615888283,0.0,0.07500000000000018,-0.5000000000000004,0.8660254037844384,0,0,1,0,0,5.796816313335935,1255.6501609939407,27.53931693179509,1.7648642802593928,-1.5748642802593928,2.535135719740607,0,1,-1.4290582393144624,0,1,1,318437.64736666664,320125.02905,0.19,0.18666666666666665,9.866666666666667,9.783333333333333,230.57150000000001,229.69975,-0.4118179003849587,0.7216356915833222,0.0057813668600914525,-3.466242000578379,-0.01756505032061151
2010-12-01,2010,12,9.9,231.6505,0.18,4.714,316106.9567,0.7980836066330499,54879.19770918006,605.282,19.2,6.079999999999999,2.7999999999999994,18.4,9.9,227.44,64281.85764906109,620.29,2.9,-1058.7895000000135,1.119499999999988,165.41534034071083,0.0,0.4140000000000006,-2.4492935982947064e-16,1.0,0,0,0,1,0,5.760050618362491,1313.6889717155536,28.725397452283886,2.0547477493154886,-1.8747477493154887,2.6592522506845118,0,0,-1.9625282034356206,0,1,1,317249.99853333336,319070.38330000004,0.18666666666666695,0.18666666666666668,9.9,9.816666666666668,230.9176666666667,230.21983333333333,-0.33382845174344533,0.1797024266125602,0.3023284685851335,-3.490726646841724,0.4856179863011789
2011-01-01,2011,1,10.0,232.77,0.17,4.755,315525.0564,-0.5351613422230421,55250.0,620.29,18.7,6.96,3.045,18.4,9.9,227.96,63660.17579876192,620.29,2.9,-581.9002999999793,1.1195000000000164,370.80229081994185,15.007999999999925,0.04099999999999948,0.49999999999999994,0.8660254037844387,0,0,0,1,0,5.710860749321267,1317.5032873785108,28.615456015460865,2.343475202251155,-2.173475202251155,2.4115247977488448,0,1,-2.0365166569188076,0,1,1,316265.91976666666,317977.1663666667,0.1800000000000003,0.18499999999999997,9.933333333333332,9.866666666666667,231.6505,230.94283333333337,-0.18408335775800255,-0.4300494269501076,0.6756700285323491,-2.9509924468645754,0.48327113474826433
2011-02-01,2011,2,10.0,233.976,0.16,4.9525,315864.6676,-0.9,55843.715539134944,620.29,18.7,6.96,2.9,18.4,9.9,228.48,62997.59623252232,620.29,2.755,339.6111999999848,1.2059999999999889,593.7155391349443,0.0,0.1974999999999998,0.8660254037844386,0.5000000000000001,0,0,0,1,0,5.6562258537156955,1349.1777232918698,28.99186152496692,2.639059484120021,-2.479059484120021,2.3134405158799787,0,1,-1.5746622884647232,0,1,1,315832.2269,317134.93713333335,0.1700000000000003,0.18000000000000002,9.966666666666667,9.916666666666666,232.79883333333336,231.68516666666665,0.10763367064245966,-0.6358856389661605,1.0745982608777238,-1.774936499946611,0.5181080036086971
2011-03-01,2011,3,10.1,235.182,0.14,4.836,316179.838,0.1124047517898875,56545.844540933846,620.29,18.7,7.829999999999999,2.9,18.4,10.0,228.554,62293.90785954802,620.29,2.755,315.1704000000027,1.2059999999999889,702.1290017989013,0.0,-0.11649999999999938,1.0,6.123233995736766e-17,1,0,0,0,0,5.5915662869110685,1332.6185037974815,28.28045486878085,2.9332983193277373,-2.793298319327737,1.902701680672263,0,1,-1.0917715947179607,0,1,1,315856.5206666666,316553.2596,0.15666666666666698,0.17166666666666666,10.033333333333333,9.966666666666667,233.976,232.44683333333333,0.09978020093057705,-0.8892734712492967,1.2573106839691706,-0.23556068921010143,0.5154374807672557
2011-04-01,2011,4,10.3,236.265,0.1,4.84,316345.4942,1.8011080321020447,57466.110645087545,620.29,18.7,8.7,2.755,19.2,10.0,228.628,61615.56636630953,620.29,2.755,165.65620000002673,1.0829999999999984,920.2661041536994,0.0,0.0039999999999995595,0.8660254037844387,-0.4999999999999998,1,0,0,0,1,5.504905250222334,1333.9298903808321,27.854953997897454,3.373819753756213,-3.273819753756213,1.4661802462437867,0,1,-0.669372212356778,0,1,1,316129.99993333337,316197.95985,0.13333333333333364,0.15666666666666668,10.133333333333333,10.033333333333333,235.141,233.39575000000002,0.052393030829511744,-1.2123654745808121,1.6274690238068823,1.8851453105755978,0.4604944255937937
2011-05-01,2011,5,10.4,237.348,0.09,4.6375,315796.5859,2.7,58459.37586217208,620.29,18.7,9.57,2.755,19.2,10.1,228.53,61025.78324967542,635.737,2.9,-548.9083000000101,1.0830000000000268,993.2652170845322,0.0,-0.20249999999999968,0.49999999999999994,-0.8660254037844387,1,0,0,0,1,5.401983535447662,1300.798713271164,26.701592907964354,3.814056021134782,-3.724056021134782,0.8234439788652184,0,1,-0.4316860557623481,0,1,1,316107.30603333336,315969.76646666665,0.1100000000000003,0.13999999999999999,10.266666666666667,10.116666666666667,236.265,234.53191666666666,-0.17351544752933767,-1.8545752499289692,1.728436474879902,4.241406137670323,0.4583835946924131
2011-06-01,2011,6,10.5,237.7695,0.09,4.51,315372.0061,1.9624451079464549,59548.80868108729,620.29,18.7,11.31,2.755,19.2,10.3,228.432,60529.20051549175,635.737,2.9,-424.5798000000068,0.42149999999998045,1089.4328189152147,0.0,-0.1275000000000004,1.2246467991473532e-16,-1.0,0,1,0,0,1,5.296025446772073,1279.8544336022896,25.79103351248949,4.043014046295879,-3.9530140462958787,0.4669859537041212,0,1,-0.23250060918383886,0,1,1,315838.02873333334,315847.2747,0.09333333333333364,0.125,10.4,10.216666666666667,237.12749999999997,235.55174999999997,-0.134447241976976,-2.190465922591067,1.8635724429965528,6.864271372266395,0.17758734010817623
2011-07-01,2011,7,10.5,238.191,0.07,4.545,314542.3048,0.578397724401569,60622.91543651296,620.29,18.7,12.179999999999998,2.9,19.2,10.4,229.522,60199.936125286185,635.737,3.045,-829.7013000000152,0.42150000000000887,1074.106755425666,0.0,0.03500000000000014,-0.4999999999999997,-0.8660254037844388,0,1,0,0,1,5.188505081538066,1281.7287234417818,25.37117288166187,4.272168522798925,-4.2021685227989245,0.27283147720107515,0,1,-0.3114654700367647,0,1,1,315236.9656,315683.4827666667,0.08333333333333363,0.10833333333333334,10.466666666666667,10.299999999999999,237.7695,236.45524999999998,-0.2630865403243532,-2.3416390807777243,1.803741803094705,9.45601011006536,0.1772725265435593
2011-08-01,2011,8,10.4,238.458,0.1,4.27,313643.9299,-0.1,61710.25405323831,620.29,18.7,10.44,2.9,19.2,10.5,230.612,60060.0,635.737,3.045,-898.3748999999953,0.2669999999999959,1087.3386167253484,0.0,-0.27500000000000036,-0.8660254037844385,-0.5000000000000004,0,1,0,0,0,5.082525338972271,1237.291312569929,24.060013977628426,3.893308702433762,-3.793308702433762,0.37669129756623754,0,1,-0.7030661950491623,0,1,1,314519.4136,315313.35981666663,0.08666666666666696,0.09833333333333333,10.466666666666667,10.366666666666665,238.1395,237.20225000000002,-0.2856133773710412,-2.266657565277508,1.7936099062475064,12.045786452211459,0.11209491542500949
2011-09-01,2011,9,10.3,238.725,0.08,4.106,312370.5162,0.9885823371511672,62730.89602822388,620.29,18.7,8.7,3.045,19.2,10.5,230.5715,60155.46623743822,635.737,2.9,-1273.4136999999755,0.2669999999999959,1020.6419749855704,0.0,-0.1639999999999997,-1.0,-1.8369701987210297e-16,0,0,1,0,0,4.979532191911595,1208.3653443614407,23.11521921480809,3.518030284633933,-3.438030284633933,0.587969715366067,0,1,-1.2047959237679096,0,1,1,313518.91696666664,314678.47285,0.08333333333333363,0.08833333333333333,10.4,10.4,238.458,237.79274999999998,-0.40600616769659315,-2.283413898815856,1.653926062441835,14.390654520987978,0.11196940341695605
2011-10-01,2011,10,10.1,238.45,0.07,4.0675,311336.1321,2.9360893823422973,63613.44947334589,620.29,18.7,7.829999999999999,3.045,19.2,10.4,230.531,60428.44190640307,635.737,2.9,-1034.3841000000248,-0.2750000000000057,882.5534451220155,0.0,-0.03849999999999998,-0.8660254037844386,0.5000000000000001,0,0,1,0,0,4.894187230492039,1198.8058543354282,22.61419616625687,3.4169444185426334,-3.3469444185426336,0.6505555814573665,0,1,-1.5835098624268684,0,1,1,312450.1927333334,313843.57916666666,0.08333333333333363,0.08333333333333333,10.266666666666667,10.366666666666667,238.54433333333336,238.15691666666666,-0.3311401192991448,-2.2422824997846424,1.4068879945934976,16.272581506745908,-0.11519530840925496
2011-11-01,2011,11,9.9,238.175,0.08,3.9925,311060.4104,4.6,64373.70209270668,620.29,18.7,6.96,2.9,19.2,10.3,231.6505,60907.92266907568,635.737,3.045,-275.7216999999946,-0.27499999999997726,760.2526193607846,0.0,-0.07499999999999973,-0.5000000000000004,0.8660254037844384,0,0,1,0,0,4.832103798411838,1186.964252334899,22.126381682237497,3.3158230346461037,-3.2358230346461037,0.6766769653538964,0,1,-1.4997551308232882,0,1,1,311589.0195666666,313054.21658333327,0.07666666666666697,0.08166666666666668,10.1,10.283333333333333,238.45000000000002,238.29475,-0.08856077774854754,-1.924966952815288,1.195113023511385,17.655368182640686,-0.11532816104004029
2011-12-01,2011,12,9.8,238.5845,0.07,3.958,311049.9643,4.953571873325849,64921.39765321535,620.29,18.7,6.96,2.9,19.2,10.1,232.77,61520.10362073863,635.737,2.9,-10.446100000001024,0.40949999999998,547.6955605086696,0.0,-0.034499999999999975,-2.4492935982947064e-16,1.0,0,0,0,1,0,4.791177878848311,1181.98269666176,21.847638640969155,2.993302410312082,-2.923302410312082,0.9646975896879182,0,1,-1.3704582893858896,0,1,1,311148.8356,312333.87628333335,0.07333333333333364,0.07833333333333334,9.933333333333332,10.166666666666666,238.40316666666664,238.43058333333337,-0.0033582222779715565,-1.5997725746982883,0.8508063738821736,18.298736795045123,0.171932402645103
2012-01-01,2012,1,9.6,238.994,0.08,3.915,311217.7884,4.342205038413022,65250.0,635.737,18.2,6.720000000000001,3.045,19.2,9.9,233.976,62274.61997285268,635.737,2.9,167.8241000000271,0.4095000000000084,328.6023467846535,15.447000000000003,-0.04300000000000015,0.49999999999999994,0.8660254037844387,0,0,0,1,0,4.76962127816092,1176.4728631924615,21.636282541470557,2.673884091592549,-2.5938840915925487,1.2411159084074512,1,0,-1.0569377629867094,0,1,1,311109.3877,311779.79021666665,0.07666666666666698,0.08,9.766666666666666,10.016666666666667,238.58450000000002,238.5644166666667,0.05395406502544109,-1.3651112368519902,0.5061541474198128,18.09954751131222,0.1716373025070883
2012-02-01,2012,2,9.5,240.6145,0.1,3.89,311676.6584,3.4,65308.50634063951,635.737,18.2,6.720000000000001,2.9,19.2,9.8,235.182,63092.95005125811,635.737,2.755,458.86999999999534,1.6204999999999927,58.50634063951293,0.0,-0.02499999999999991,0.8660254037844386,0.5000000000000001,0,0,0,1,0,4.772374624131513,1174.6357302206316,21.583143685949366,2.8372568126645348,-2.7372568126645347,1.0527431873354653,0,0,-0.627230853990135,0,1,1,311314.8037,311451.91163333337,0.08333333333333363,0.08,9.633333333333333,9.866666666666667,239.39766666666665,238.9238333333333,0.14744337152419185,-1.325887200939968,0.08966488986899002,16.948712509775078,0.6780504949915
2012-03-01,2012,3,9.3,242.235,0.13,3.954,312705.9146,2.7051846934482398,65145.24038895644,635.737,18.2,7.56,2.9,19.2,9.6,236.265,63998.47234253188,635.737,2.755,1029.2562000000034,1.6205000000000211,-163.2659516830754,0.0,0.06400000000000006,1.0,6.123233995736766e-17,1,0,0,0,0,4.800134480016603,1187.6999640107479,21.877883147001285,2.998954001581766,-2.8689540015817663,0.955045998418234,1,0,0.10737197738126536,0,0,1,311866.78713333333,311507.8113666667,0.10333333333333362,0.08833333333333333,9.466666666666667,9.700000000000001,240.6145,239.50883333333334,0.3302320440945916,-1.0987175595933985,-0.24999186297647302,15.207829890660562,0.6734839338443876
2012-04-01,2012,4,9.2,242.3405,0.14,3.91,314451.2365,2.185939425891915,64780.45291117506,635.737,18.2,8.4,2.755,18.7,9.5,237.348,64933.20343510887,635.737,2.755,1745.3218999999808,0.10549999999997794,-364.7874777813777,0.0,-0.04400000000000004,0.8660254037844387,-0.4999999999999998,1,0,0,0,1,4.854106792540733,1187.9748526337482,22.00617252730843,2.5714769432628737,-2.4314769432628736,1.3385230567371265,1,0,1.0005598704487806,0,0,1,312944.6031666667,312026.99543333333,0.12333333333333363,0.10000000000000002,9.333333333333332,9.55,241.73,240.15725,0.5581352377784565,-0.598793956206134,-0.5599602911945278,12.728096932226919,0.04355274836418399
2012-05-01,2012,5,9.1,242.446,0.16,3.798,316114.6831,1.8,64281.85764906109,635.737,18.2,9.240000000000002,2.755,18.7,9.3,237.7695,65835.42143401054,651.559,2.9,1663.4466000000248,0.10550000000000637,-498.59526211397315,0.0,-0.1120000000000001,0.49999999999999994,-0.8660254037844387,1,0,0,0,1,4.917634534238095,1178.079776348987,21.992141847186225,2.1479009724118203,-1.9879009724118204,1.6500990275881797,1,0,1.6248524502043171,0,0,1,314423.94473333337,312869.3742166667,0.14333333333333365,0.11333333333333333,9.200000000000001,9.416666666666666,242.34050000000002,240.86908333333335,0.5289998597286516,0.10072851139080186,-0.7696693056432169,9.95987675375889,0.04353378820296516
2012-06-01,2012,6,9.0,242.095,0.16,3.675,318086.7545,1.4257310195086024,63660.17579876192,635.737,18.2,10.920000000000002,2.755,18.7,9.2,238.191,66734.09735384696,651.559,2.9,1972.071399999957,-0.3509999999999991,-621.6818502991664,0.0,-0.12300000000000022,1.2246467991473532e-16,-1.0,0,1,0,0,1,4.996636445138221,1167.684065345453,22.0109489305211,1.819198845941128,-1.659198845941128,1.855801154058872,1,0,2.262270055499238,0,0,1,316217.55803333333,314042.17258333333,0.15333333333333363,0.12833333333333333,9.1,9.283333333333333,242.2938333333333,241.45416666666668,0.6238468206097636,0.8608082986094834,-0.9671186755260908,6.904197092662234,-0.14477450648804346
2012-07-01,2012,7,8.8,241.744,0.16,3.55,319819.9353,1.0448075832176622,62997.59623252232,635.737,18.2,11.76,2.9,18.7,9.1,238.458,67541.40890318592,651.559,3.045,1733.180800000031,-0.3509999999999991,-662.5795662395976,0.0,-0.125,-0.4999999999999997,-0.8660254037844388,0,1,0,0,1,5.076700611235289,1156.0604956151708,22.021040130131656,1.4916600543261493,-1.3316600543261494,2.0583399456738505,1,0,2.7640280281613805,0,0,1,318007.1243,315475.86373333336,0.16,0.1416666666666667,8.966666666666667,9.15,242.095,241.9125,0.5448767593999371,1.6778762091655075,-1.0408070004928938,3.9171339400465355,-0.14498440694769021
2012-08-01,2012,8,8.7,243.232,0.13,3.6019999999999994,321794.5603,0.6,62293.90785954802,635.737,18.2,10.08,2.9,18.7,9.0,238.725,68280.0,651.559,3.045,1974.625,1.4879999999999995,-703.6883729743058,0.0,0.0519999999999996,-0.8660254037844385,-0.5000000000000004,0,1,0,0,0,5.16574688211148,1170.7085394473181,22.551968492717627,2.0020297075376003,-1.8720297075376005,1.599970292462399,1,0,3.2462815637014586,0,0,1,319900.4167,317162.1807166667,0.15000000000000027,0.14666666666666667,8.833333333333334,9.016666666666667,242.357,242.34875,0.6174177348099885,2.598689030136403,-1.1170082908830592,0.9457971211821459,0.6155271692368736
2012-09-01,2012,9,8.6,244.72,0.14,3.4975,324046.7744,0.141326884519971,61615.56636630953,635.737,18.2,8.4,3.045,18.7,8.8,238.45,68896.71183221664,651.559,2.9,2252.214099999983,1.4879999999999995,-678.341493238484,0.0,-0.10449999999999937,-1.0,-1.8369701987210297e-16,0,0,1,0,0,5.259170588054253,1163.730119177342,22.664339960954777,2.5112577233218136,-2.3712577233218135,0.9862422766781864,1,0,3.6266854160743156,0,0,1,321887.09,319052.3240166667,0.14333333333333365,0.14833333333333334,8.7,8.899999999999999,243.23199999999997,242.76291666666665,0.6998919117527258,3.737951437300202,-1.088937131328982,-1.777959080024194,0.611761610314443
2012-10-01,2012,10,8.6,243.9595,0.16,3.3825000000000003,326561.4784,-0.0151839959446236,61025.78324967542,635.737,18.2,7.56,3.045,18.7,8.7,238.175,69351.28831817939,651.559,2.9,2514.704000000027,-0.7605000000000075,-589.783116634113,0.0,-0.11499999999999977,-0.8660254037844386,0.5000000000000001,0,0,1,0,0,5.351205031878668,1156.0576019733485,22.732508269369845,2.3105472845460273,-2.150547284546027,1.071952715453973,1,0,3.8512304911862083,0,0,1,324134.2710333333,321070.69766666665,0.14333333333333362,0.15166666666666664,8.633333333333333,8.799999999999999,243.9705,243.03275,0.7760311778002515,4.890324228448284,-0.9571982396912593,-4.067797368471126,-0.3107633213468519
2012-11-01,2012,11,8.6,243.199,0.16,3.3519999999999994,329115.6744,0.5,60529.20051549175,635.737,18.2,6.720000000000001,2.9,18.7,8.6,238.5845,69750.35804244522,651.559,2.9399999999999995,2554.1959999999963,-0.7604999999999791,-496.58273418367025,0.0,-0.03050000000000086,-0.5000000000000004,0.8660254037844384,0,0,1,0,0,5.43730417050142,1160.6568596589498,23.010187144868564,2.109373359924427,-1.949373359924427,1.2426266400755726,0,0,4.112745150748731,0,0,1,326574.6424,323237.52955000004,0.15333333333333365,0.15166666666666667,8.6,8.716666666666667,243.95950000000002,243.15824999999998,0.7821485903709124,5.804423641305667,-0.8137261133576823,-5.972161693727562,-0.31173207028214467
2012-12-01,2012,12,8.7,243.336,0.16,3.345,331135.0109,1.8141298092389764,60199.936125286185,635.737,18.2,6.720000000000001,2.9,18.7,8.6,238.994,70041.40807247655,651.559,2.7999999999999994,2019.3364999999758,0.13700000000000045,-329.26439020556427,0.0,-0.006999999999999229,-2.4492935982947064e-16,1.0,0,0,0,1,0,5.500587412764897,1166.7536191192219,23.25757190222285,1.9915375894075327,-1.8315375894075328,1.3534624105924675,0,0,4.10210617556539,0,0,1,328937.3879,325412.23895,0.16,0.15166666666666667,8.633333333333331,8.666666666666666,243.49816666666666,243.36508333333333,0.6135643656842937,6.4571769507192345,-0.5439761097146723,-7.272581457887517,0.056332468472319874
2013-01-01,2013,1,8.7,243.473,0.14,3.414,333049.3785,3.309555758372947,60060.0,651.559,18.9,8.640000000000002,2.9399999999999995,18.7,8.6,240.6145,70253.58542014635,651.559,2.7999999999999994,1914.3675999999978,0.13700000000000045,-139.93612528618542,15.822000000000003,0.06899999999999995,0.49999999999999994,0.8660254037844387,0,0,0,1,0,5.545277697302697,1183.6784551197184,23.649919183211157,1.8741056260826783,-1.7341056260826782,1.5398943739173219,0,1,4.136528633710834,0,0,1,331100.0212666667,327617.14615,0.15333333333333363,0.14833333333333334,8.666666666666666,8.65,243.336,243.65324999999999,0.5781229821627321,7.014891472700913,-0.23245228200069468,-7.9540229885057485,0.05630075286846559
2013-02-01,2013,2,8.7,244.475,0.15,3.5325,335073.9136,4.0,60155.46623743822,651.559,18.9,8.640000000000002,2.7999999999999994,18.7,8.7,242.235,70382.5280956146,651.559,2.6599999999999997,2024.5351000000373,1.0019999999999811,95.46623743821692,0.0,0.11850000000000005,0.8660254037844386,0.5000000000000001,0,0,0,1,0,5.570132434472999,1208.573630939438,24.109003683936667,1.6044336480137256,-1.4544336480137257,1.9280663519862746,1,0,4.126655617677333,0,0,1,333086.10099999997,329830.3717,0.15000000000000033,0.15166666666666667,8.7,8.649999999999999,243.76133333333334,243.86041666666668,0.6078783599952065,7.506900041892917,0.15895144428608177,-7.890304635545942,0.41154460658880954
2013-03-01,2013,3,8.7,245.477,0.14,3.565,337081.3626,3.392923450629045,60428.44190640307,651.559,18.9,9.720000000000002,2.7999999999999994,18.7,8.7,242.3405,70446.57595378326,651.559,2.6599999999999997,2007.4489999999641,1.0020000000000095,272.9756689648566,0.0,0.03249999999999975,1.0,6.123233995736766e-17,1,0,0,0,0,5.5781905335587085,1220.7223585024467,24.24134702118998,1.3383697648977178,-1.1983697648977176,2.226630235102282,0,0,4.0224403480437765,0,0,1,335068.2182333333,332002.8030666667,0.14333333333333365,0.15166666666666667,8.7,8.666666666666666,244.475,243.98658333333333,0.5991063220744719,7.795007021590883,0.4537836476695256,-7.2404345342671705,0.4098578586767543
2013-04-01,2013,4,8.6,245.488,0.15,3.4450000000000003,339152.4338,2.048275471488703,60907.92266907568,651.559,18.9,10.800000000000002,2.6599999999999997,18.2,8.7,242.446,70450.20000446762,651.559,2.6599999999999997,2071.071200000006,0.01099999999999568,479.4807626726033,0.0,-0.11999999999999966,0.8660254037844387,-0.4999999999999998,1,0,0,0,1,5.568281086233718,1210.042076280582,23.840092190074593,1.298792401600224,-1.148792401600224,2.1462075983997764,0,1,3.855615629158038,0,0,1,337102.57,334101.2956333333,0.14666666666666697,0.15,8.666666666666666,8.666666666666666,245.14666666666668,244.24133333333336,0.6144128479917299,7.855334765077315,0.7934686838612537,-5.977930175031776,0.004481071546424964
2013-05-01,2013,5,8.5,245.499,0.11,3.536,341273.5877,1.1,61520.10362073863,651.559,18.9,11.880000000000004,2.6599999999999997,18.2,8.7,242.095,70405.60500183306,663.603,2.7999999999999994,2121.1538999999757,0.01099999999999568,612.180951662951,0.0,0.09099999999999975,0.49999999999999994,-0.8660254037844387,1,0,0,0,1,5.547350664490031,1231.4697754997567,24.02082642301579,1.2592494823589595,-1.1492494823589594,2.2767505176410405,0,1,3.694115548329524,0,0,1,339169.1280333333,336127.6145166667,0.13333333333333364,0.1416666666666667,8.6,8.65,245.48799999999997,244.62466666666668,0.625427886874852,7.958790257155246,1.0050924819568152,-4.29631956717853,0.004480870755396715
2013-06-01,2013,6,8.5,245.8385,0.09,4.07,343829.1332,1.2871157095630064,62274.61997285268,651.559,18.9,14.040000000000004,2.6599999999999997,18.2,8.6,241.744,70319.5616222414,663.603,2.7999999999999994,2555.5455000000075,0.33950000000001523,754.5163521140494,0.0,0.5340000000000003,1.2246467991473532e-16,-1.0,0,1,0,0,1,5.52117593571643,1324.318930098804,25.518946832776113,1.5462938102810853,-1.4562938102810852,2.523706189718915,0,1,3.8335186199424554,0,0,1,341418.3849,338243.30156666663,0.11666666666666697,0.13,8.533333333333333,8.616666666666667,245.60850000000002,245.04175,0.7488260422445769,8.09287979955795,1.2264549435181626,-2.176487589806797,0.13828976900109868
2013-07-01,2013,7,8.5,246.178,0.09,4.37,346219.2072,2.271454643107848,63092.95005125811,651.559,18.9,15.120000000000005,2.7999999999999994,18.2,8.5,243.232,70206.94792277274,663.603,2.9399999999999995,2390.0740000000224,0.3394999999999868,818.33007840543,0.0,0.2999999999999998,-0.4999999999999997,-0.8660254037844388,0,1,0,0,1,5.487446805367697,1382.080456704188,26.286558905513637,1.8341716857502188,-1.7441716857502187,2.5358283142497813,0,1,3.9543171524038856,0,0,1,343773.9760333333,340438.2730166667,0.09666666666666696,0.12166666666666666,8.5,8.583333333333334,245.83849999999998,245.49258333333333,0.6951342307022434,8.254417247391643,1.3140667558664498,0.1513610430211365,0.13809879249995216
2013-08-01,2013,8,8.4,247.008,0.08,4.456,348527.5621,3.5,63998.47234253188,651.559,18.9,12.960000000000004,2.7999999999999994,18.2,8.5,244.72,70070.0,663.603,2.9399999999999995,2308.3548999999766,0.8300000000000125,905.5222912737736,0.0,0.0860000000000003,-0.8660254037844385,-0.5000000000000004,0,1,0,0,0,5.445873148887286,1405.47026125465,26.35319644004579,1.5524273121957588,-1.4724273121957587,2.9035726878042416,0,1,4.015128589228367,0,0,1,346191.96749999997,342680.5477666667,0.08666666666666696,0.10999999999999999,8.466666666666667,8.533333333333333,246.3415,245.91475,0.6667321893168321,8.307474736390063,1.4352194508865157,2.736326137745415,0.3371544167228624
2013-09-01,2013,9,8.3,247.838,0.08,4.49,350813.3873,4.362279071273131,64933.20343510887,651.559,18.9,10.800000000000002,2.9399999999999995,18.2,8.5,243.9595,69922.43401439225,663.603,2.7999999999999994,2285.825200000021,0.8299999999999841,934.7310925769925,0.0,0.03399999999999981,-1.0,-1.8369701987210297e-16,0,0,1,0,0,5.4026810436140895,1420.3488418732518,26.248799074747886,1.2741091860084985,-1.1941091860084985,3.2158908139915017,0,1,4.0738012312757865,0,0,1,348520.0522,344969.21855000005,0.08333333333333363,0.09999999999999999,8.4,8.466666666666667,247.008,246.30825000000002,0.6558520612335972,8.260107803745509,1.4605521950182387,5.384413816917166,0.33602150537632713
2013-10-01,2013,10,8.2,247.551,0.09,4.192,353336.1204,4.473263168988114,65835.42143401054,651.559,18.9,9.720000000000002,2.9399999999999995,18.2,8.4,243.199,69789.98670239096,663.603,2.7999999999999994,2522.733100000012,-0.28700000000000614,902.2179989016659,0.0,-0.29800000000000004,-0.8660254037844386,0.5000000000000001,0,0,1,0,0,5.36696071360556,1380.9799130815354,25.17149369749073,1.472170585691468,-1.382170585691468,2.719829414308532,0,1,4.182097837565335,0,0,1,350892.35660000006,347333.16631666664,0.08333333333333363,0.09000000000000001,8.299999999999999,8.4,247.4656666666667,246.65208333333337,0.7191097008628855,8.198959084575241,1.3894555499688321,7.881321513985973,-0.11580145094779448
2013-11-01,2013,11,8.1,247.264,0.08,4.255,355732.5599,3.5,66734.09735384696,651.559,18.9,8.640000000000002,2.7999999999999994,18.2,8.3,243.336,69655.68584059969,663.603,2.7300000000000004,2396.4394999999786,-0.2869999999999777,898.6759198364161,0.0,0.06299999999999972,-0.5000000000000004,0.8660254037844384,0,0,1,0,0,5.330596711509928,1400.8254429303406,25.18937991478664,1.6714706886130193,-1.5914706886130192,2.5835293113869806,0,1,4.23676859889619,0,0,1,353294.0225333334,349742.99501666665,0.08333333333333363,0.085,8.200000000000001,8.333333333333334,247.55100000000002,246.94625,0.6782322444948585,8.08739527478426,1.3650340504574698,10.251080115897349,-0.11593570617770554
2013-12-01,2013,12,8.0,247.4715,0.09,4.4575,357797.7774,1.4529237692193964,67541.40890318592,651.559,18.9,8.640000000000002,2.7999999999999994,18.2,8.2,243.473,69549.34998534435,663.603,2.6,2065.217500000028,0.2074999999999818,807.3115493389632,0.0,0.20249999999999968,-2.4492935982947064e-16,1.0,0,0,0,1,0,5.297458007026009,1443.1077484048021,25.63951990649217,1.6995019232665776,-1.6095019232665775,2.757998076733422,0,0,4.06267033569685,0,0,1,355622.1525666667,352071.1023833333,0.08666666666666696,0.085,8.1,8.25,247.42883333333336,247.21841666666668,0.5805534080379315,8.051932179425126,1.2097437162569502,12.195150444380687,0.08391840300245867
2014-01-01,2014,1,7.9,247.679,0.07,4.432,359406.2607,-0.6846351494622095,68280.0,663.603,17.7,9.440000000000005,2.7300000000000004,18.2,8.1,244.475,69475.94831604915,663.603,2.6,1608.4832999999635,0.20750000000001023,738.5910968140815,12.043999999999983,-0.02549999999999919,0.49999999999999994,0.8660254037844387,0,0,0,1,0,5.263712078207381,1445.252881544149,25.399874895327752,1.727501612088389,-1.657501612088389,2.7044983879116113,0,1,3.8088740386902353,0,0,1,357645.53266666667,354268.9446333333,0.08000000000000031,0.08166666666666667,8.0,8.15,247.4715,247.46858333333333,0.44955094793721617,7.913806150519509,1.0935381846605807,13.686313686313678,0.0838480390671359
2014-02-01,2014,2,7.9,248.635,0.07,4.3025,360912.1484,-1.4,68896.71183221664,663.603,17.7,9.440000000000005,2.6,18.2,8.0,245.477,69451.75884555935,663.603,2.47,1505.8877000000211,0.9559999999999889,616.7118322166352,0.0,-0.12950000000000017,0.8660254037844386,0.5000000000000001,0,0,0,1,0,5.238452442823762,1429.2648027393634,24.89404381828907,1.7016054811330283,-1.6316054811330283,2.600894518866972,0,1,3.5534022690712153,0,0,1,359372.06216666667,356333.04235,0.07666666666666697,0.08,7.933333333333333,8.066666666666666,247.92849999999999,247.73975,0.4189931742054398,7.711204528695359,0.9032100647578201,14.531091090335924,0.3859834705404852
2014-03-01,2014,3,7.8,249.591,0.08,4.3425,362407.3791,0.0072982428809042,69351.28831817939,663.603,17.7,10.620000000000005,2.6,18.2,7.9,245.488,69487.22717895015,663.603,2.47,1495.2307000000146,0.9560000000000173,454.5764859627525,0.0,0.040000000000000036,1.0,6.123233995736766e-17,1,0,0,0,0,5.225676233111886,1442.0049881473967,24.951317095046328,1.6759207583602498,-1.5959207583602497,2.6665792416397505,0,0,3.304888644424886,0,0,1,360908.5960666667,358265.3743166667,0.07333333333333364,0.08,7.866666666666666,7.983333333333333,248.635,248.0319166666667,0.41429215021679955,7.513324469989557,0.6597941670565932,14.765971337796223,0.38449936654132433
2014-04-01,2014,4,7.8,250.017,0.09,4.3375,364123.6571,2.826606751052616,69750.35804244522,663.603,17.7,11.800000000000002,2.47,18.9,7.9,245.499,69596.40675942777,663.603,2.47,1716.2779999999912,0.4259999999999877,399.06972426583525,0.0,-0.004999999999999893,0.8660254037844387,-0.4999999999999998,1,0,0,0,1,5.2203840570742255,1447.9767035413383,24.911299282395657,1.8448966955614932,-1.754896695561493,2.492603304438507,0,0,3.0530523422818368,0,0,1,362481.0615333333,360063.2971,0.0800000000000003,0.08,7.833333333333333,7.916666666666667,249.4143333333333,248.44291666666663,0.473577001732739,7.362831815833482,0.5754323155972685,14.517709660551347,0.17067923122227047
2014-05-01,2014,5,7.8,250.443,0.09,4.192,365462.0554,5.3,70041.40807247655,663.603,17.7,12.980000000000004,2.47,18.9,7.8,245.8385,69783.91660419256,677.014,2.6,1338.3983000000007,0.42600000000001614,291.0500300313288,0.0,-0.14550000000000018,0.49999999999999994,-0.8660254037844387,1,0,0,0,1,5.2177999480226305,1428.3729524440982,24.471917257278403,2.013857490254556,-1.9238574902545558,2.1781425097454443,1,0,2.7350590293829358,0,0,1,363997.6972,361684.8796833334,0.08666666666666696,0.08166666666666667,7.8,7.866666666666666,250.01700000000002,248.97275000000002,0.36756697179729514,7.0877057503972996,0.41727388675798505,13.851251786359754,0.17038841358787415
2014-06-01,2014,6,7.8,250.3845,0.1,4.1625,366351.4051,6.342136052172138,70253.58542014635,663.603,17.7,15.340000000000003,2.47,18.9,7.8,246.178,70074.31560600328,677.014,2.6,889.3496999999625,-0.05850000000000932,212.17734766979993,0.0,-0.029500000000000526,1.2246467991473532e-16,-1.0,0,1,0,0,1,5.214700472709864,1426.809627930696,24.37130494162427,1.8491814748300195,-1.7491814748300194,2.31331852516998,1,0,2.390631870928983,0,0,1,365312.3725333333,363110.48429999995,0.09333333333333362,0.08333333333333333,7.8,7.833333333333333,250.28150000000002,249.45825,0.24334939478916073,6.550425698481788,0.3029312995110667,12.812547793582585,-0.02335860854566496
2014-07-01,2014,7,7.7,250.326,0.09,4.13,366652.8046,6.067988002065309,70382.5280956146,663.603,17.7,16.520000000000003,2.6,18.9,7.8,247.008,70460.41076666619,677.014,2.7300000000000004,301.39949999999953,-0.05850000000000932,128.94267546824994,0.0,-0.03249999999999975,-0.4999999999999997,-0.8660254037844388,0,1,0,0,1,5.209429307539258,1422.4376874367981,24.25211584621259,1.684959663333041,-1.594959663333041,2.445040336666959,1,0,2.016254220470781,0,0,1,366155.4217,364318.2416166666,0.09333333333333364,0.08666666666666667,7.766666666666666,7.8,250.3845,249.89941666666667,0.08227060024996735,5.901924842718542,0.18353892502014357,11.553712480450319,-0.02336406606638919
2014-08-01,2014,8,7.7,250.48,0.09,4.115,366742.3365,5.0,70446.57595378326,663.603,17.7,14.160000000000002,2.6,18.9,7.8,247.838,70980.0,677.014,2.7300000000000004,89.53190000000177,0.15399999999999636,64.04785816866206,0.0,-0.01499999999999968,-0.8660254037844385,-0.5000000000000004,0,1,0,0,0,5.205963973899919,1420.2285347009822,24.192435452920723,1.4056224899598346,-1.3156224899598346,2.7093775100401656,1,0,1.6154036725686272,0,0,1,366582.18206666666,365289.9396333333,0.09333333333333362,0.09000000000000001,7.733333333333332,7.766666666666667,250.39683333333335,250.20691666666667,0.02441871407412588,5.226207732395571,0.09099965559868917,10.075402388888154,0.061519778209206955
2014-09-01,2014,9,7.6,250.634,0.09,4.1625,367215.2064,3.664293579725959,70450.20000446762,663.603,17.7,11.800000000000002,2.7300000000000004,18.9,7.7,247.551,71628.73296334222,677.014,2.6,472.8699000000488,0.15399999999999636,3.6240506843605544,0.0,0.04749999999999943,-1.0,-1.8369701987210297e-16,0,0,1,0,0,5.212408288077436,1430.1738296078336,24.360592239916514,1.1281562956447333,-1.0381562956447332,3.0343437043552663,1,0,1.3266361496114376,0,0,1,366870.1158333333,366091.2441833333,0.09,0.09166666666666667,7.666666666666667,7.733333333333333,250.48000000000002,250.38075,0.12893790897252622,4.67536864149769,0.005144395785450229,8.496418284479335,0.06148195464708017
2014-10-01,2014,10,7.6,250.303,0.09,4.036,367840.5386,2.5472966487744086,70405.60500183306,663.603,17.7,10.620000000000005,2.7300000000000004,18.9,7.7,247.264,72338.30512602274,677.014,2.6,625.3322000000044,-0.33099999999998886,-44.59500263456721,0.0,-0.12650000000000006,-0.8660254037844386,0.5000000000000001,0,0,1,0,0,5.224591686846851,1411.0159148879354,24.049492903603888,1.1116901163800597,-1.0216901163800596,2.92430988361994,0,0,1.0207745164383164,0,0,1,367266.0271666667,366710.7244333333,0.09,0.09166666666666666,7.633333333333333,7.7,250.4723333333333,250.42841666666664,0.17029038806166685,4.104991639003686,-0.0633000369505532,6.941830808212246,-0.13206508294963948
2014-11-01,2014,11,7.5,249.972,0.09,3.9975,368659.5225,2.0,70319.5616222414,663.603,17.7,9.440000000000005,2.6,18.9,7.6,247.4715,73185.8563730805,677.014,2.9399999999999995,818.983899999992,-0.33099999999998886,-86.0433795916615,0.0,-0.038499999999999535,-0.5000000000000004,0.8660254037844384,0,0,1,0,0,5.2426311256098135,1407.6045183330023,24.0207046664146,1.095185712436919,-1.005185712436919,2.902314287563081,0,0,0.8749108293883978,0,0,1,367905.0891666667,367243.63561666664,0.09,0.09166666666666667,7.5666666666666655,7.650000000000001,250.303,250.34991666666664,0.22264644976788261,3.6338991864095727,-0.1222109796363835,5.372762067018133,-0.13223972545274298
2014-12-01,2014,12,7.4,248.5495,0.12,3.864,369115.6564,2.3040209185619265,70206.94792277274,663.603,17.7,9.440000000000005,2.6,18.9,7.6,247.679,74073.50055487955,677.014,2.7999999999999994,456.13389999995707,-1.4225000000000136,-112.61369946865307,0.0,-0.13350000000000017,-2.4492935982947064e-16,1.0,0,0,0,1,0,5.2575374278629114,1386.7176444240108,23.702229231489614,0.43560571621379385,-0.31560571621379385,3.428394283786206,1,0,0.7545354710037033,0,0,1,368538.5725,367704.3441666667,0.1000000000000003,0.09499999999999999,7.5,7.583333333333333,249.60816666666665,250.04408333333333,0.12372768697435088,3.1632055073799847,-0.16014562217212536,3.946525639415688,-0.5690637351383421
2015-01-01,2015,1,7.4,247.127,0.11,3.67,369637.3507,3.045607646816674,70070.0,677.014,17.3,6.56,2.9399999999999995,18.9,7.5,248.635,75039.10465440305,677.014,2.7999999999999994,521.694300000032,-1.4224999999999852,-136.94792277274246,13.411000000000058,-0.19399999999999995,0.49999999999999994,0.8660254037844387,0,0,0,1,0,5.275258323105466,1356.0895140210087,23.224024787001717,-0.2228691168811192,0.3328691168811192,3.892869116881119,1,0,0.8139978918901392,0,0,1,369137.5098666667,368201.76851666666,0.10666666666666696,0.09833333333333333,7.433333333333333,7.533333333333334,248.5495,249.51091666666665,0.14133626979904168,2.846664379210684,-0.19506320503119845,2.6215582893966083,-0.5723206041452489
2015-02-01,2015,2,7.3,248.556,0.11,3.71,370345.901,3.6,69922.43401439225,677.014,17.3,6.56,2.7999999999999994,18.9,7.4,249.591,75999.97388488517,677.014,2.6599999999999997,708.5503000000026,1.429000000000002,-147.56598560775456,0.0,0.040000000000000036,0.8660254037844386,0.5000000000000001,0,0,0,1,0,5.296524730872085,1365.3876307483918,23.43261043459703,-0.03177348321836693,0.1417734832183669,3.741773483218367,1,0,0.9825875393581818,0,0,1,369699.6360333334,368802.36260000005,0.11333333333333362,0.10166666666666667,7.366666666666666,7.466666666666666,248.07750000000001,249.19025,0.19168796082380535,2.6138639671238195,-0.21059795291530348,1.48878249033646,0.5782451937667688
2015-03-01,2015,3,7.2,249.985,0.11,3.77,371221.0943,3.5422684861402414,69789.98670239096,677.014,17.3,7.38,2.7999999999999994,18.9,7.4,250.017,76998.85689922128,677.014,2.6599999999999997,875.1932999999844,1.429000000000002,-132.44731200128444,0.0,0.06000000000000005,1.0,6.123233995736766e-17,1,0,0,0,0,5.319116851003529,1378.7187042374105,23.706301193896227,0.15785825610699078,-0.04785825610699078,3.6121417438930092,1,0,1.0908829019559807,0,0,1,370401.44866666663,369470.0105833334,0.11,0.105,7.3,7.3999999999999995,248.556,249.08208333333334,0.23631780387924906,2.4319910984947013,-0.18942033964953753,0.6325742388502587,0.5749207422069968
2015-04-01,2015,4,7.2,250.905,0.12,3.672,371706.0018,3.049753504346233,69655.68584059969,677.014,17.3,8.2,2.6599999999999997,17.7,7.3,250.443,77982.16420617151,677.014,2.6599999999999997,484.90750000003027,0.9199999999999875,-134.30086179127102,0.0,-0.09799999999999986,0.8660254037844387,-0.4999999999999998,1,0,0,0,1,5.336333959163267,1364.0145270740663,23.498690921435735,0.3551758480423439,-0.23517584804234393,3.3168241519576562,1,0,1.0508529632736963,0,0,1,371090.9990333333,370114.25444999995,0.11333333333333362,0.11,7.233333333333333,7.333333333333333,249.81533333333334,249.18241666666668,0.13062498533775724,2.0823543189663285,-0.1924357176968372,-0.13573005860116893,0.36802208132487024
2015-05-01,2015,5,7.0,251.825,0.12,3.84,371875.7278,2.5,69549.34998534435,677.014,17.3,9.02,2.6599999999999997,17.7,7.2,250.3845,78898.29987537897,687.576,2.7999999999999994,169.725999999966,0.9199999999999875,-106.33585525534,0.0,0.1679999999999997,0.49999999999999994,-0.8660254037844387,1,0,0,0,1,5.346933190293838,1393.008776261221,24.034883602301274,0.5518221711127813,-0.4318221711127813,3.2881778288872185,1,0,0.8724053235326323,0,0,1,371600.9413,370650.28866666666,0.11666666666666696,0.11499999999999999,7.133333333333333,7.25,250.90499999999997,249.49125000000004,0.045661355796799974,1.7549489215727743,-0.15265926100946903,-0.702524550367456,0.3666726450250124
2015-06-01,2015,6,6.9,251.4085,0.13,3.9825,371937.2921,2.1400503443636785,69475.94831604915,677.014,17.3,10.66,2.6599999999999997,17.7,7.2,250.326,79787.03032232067,687.576,2.7999999999999994,61.56430000002729,-0.416499999999985,-73.4016692951991,0.0,0.14250000000000007,1.2246467991473532e-16,-1.0,0,1,0,0,1,5.3534683745235245,1417.5480863659532,24.48412356893579,0.408971002598002,-0.278971002598002,3.573528997401998,1,0,0.7644313241869982,0,0,1,371839.6739,371120.5612833334,0.12333333333333363,0.11666666666666665,7.033333333333332,7.166666666666667,251.3795,249.96775000000002,0.0165550734822828,1.5247347006831724,-0.1055389724140765,-1.1069002378264359,-0.16539263377344238
2015-07-01,2015,7,6.8,250.992,0.13,4.046,372421.9198,1.905979515617723,69451.75884555935,677.014,17.3,11.48,2.7999999999999994,17.7,7.0,250.48,80570.62035071998,687.576,2.9399999999999995,484.6276999999536,-0.4165000000000134,-24.189470489800442,0.0,0.06350000000000033,-0.4999999999999997,-0.8660254037844388,0,1,0,0,1,5.362310846988897,1430.3118758907026,24.7131862403307,0.2660530668008976,-0.13605306680089757,3.7799469331991027,1,0,0.7533246017283446,0,0,1,372078.31323333335,371584.6561333333,0.12666666666666695,0.12,6.8999999999999995,7.066666666666666,251.4085,250.6119166666667,0.13029822776406963,1.5734545399956223,-0.03481704255372531,-1.3224436166754394,-0.16566663418301486
2015-08-01,2015,8,6.8,251.684,0.14,3.905,373162.3381,1.6,69487.22717895015,677.014,17.3,9.839999999999998,2.7999999999999994,17.7,6.9,250.634,81280.0,687.576,2.9399999999999995,740.4183000000194,0.6920000000000073,35.46833339080331,0.0,-0.14100000000000046,-0.8660254037844385,-0.5000000000000004,0,1,0,0,0,5.370229224127718,1408.9257555196502,24.33124727037244,0.4806770999680632,-0.34067709996806317,3.4243229000319366,1,0,0.7604882604060448,0,0,1,372507.18333333335,372054.06231666665,0.13333333333333364,0.125,6.833333333333333,6.983333333333334,251.36149999999998,251.13325,0.1988116865939693,1.750548262649243,0.051069021116756375,-1.3618103674229554,0.27570599859756406
2015-09-01,2015,9,6.7,252.376,0.14,3.89,374228.5809,1.128043035457529,69596.40675942777,677.014,17.3,8.2,2.9399999999999995,17.7,6.8,250.303,81872.68649523563,687.576,2.7999999999999994,1066.2428000000073,0.6920000000000073,109.17958047761931,0.0,-0.01499999999999968,-1.0,-1.8369701987210297e-16,0,0,1,0,0,5.377125031664162,1410.3791559223873,24.318137471624553,0.6950373851911662,-0.5550373851911662,3.194962614808834,1,0,0.8101604801502793,0,0,1,373270.9462666667,372555.31008333334,0.13666666666666696,0.13,6.766666666666666,6.8999999999999995,251.684,251.53175,0.28573162163922916,1.9098812842626378,0.15712179764555412,-1.211910321029197,0.2749479506047203
2015-10-01,2015,10,6.6,251.8515,0.12,3.796,375544.3002,0.7333488690424617,69783.91660419256,677.014,17.3,7.38,2.9399999999999995,17.7,6.8,249.972,82318.17662076463,687.576,2.7999999999999994,1315.719299999997,-0.5245000000000175,187.5098447647906,0.0,-0.0940000000000003,-0.8660254037844386,0.5000000000000001,0,0,1,0,0,5.381530852302973,1399.2169964844354,24.060850658537642,0.6186501959625001,-0.49865019596250015,3.1773498040374997,0,0,1.0326167404919095,0,0,1,374311.7397333333,373195.0264833334,0.13333333333333364,0.13,6.699999999999999,6.8,251.97050000000002,251.68949999999998,0.3515817249542419,2.0943209873823143,0.2694246060905847,-0.8830098081314741,-0.20782483278918296
2015-11-01,2015,11,6.6,251.327,0.12,3.9425,376917.1222,0.7,70074.31560600328,677.014,17.3,6.56,2.7999999999999994,17.7,6.7,248.5495,82730.11842888562,687.576,2.835000000000001,1372.8219999999856,-0.5244999999999891,290.39900181071425,0.0,0.14650000000000007,-0.5000000000000004,0.8660254037844384,0,0,1,0,0,5.3788198848667665,1429.5902723022714,24.481271232219605,0.5420607107996078,-0.42206071079960783,3.400439289200392,0,0,1.3556664291656473,0,0,1,375563.3344333333,374035.2588833333,0.12666666666666695,0.13,6.633333333333333,6.733333333333333,251.8515,251.60649999999998,0.3655552751749669,2.239898658795658,0.4161403027259647,-0.3487593076242246,-0.20825764388935353
2015-12-01,2015,12,6.5,251.067,0.24,3.964,378175.4529,1.2013613781970394,70460.41076666619,677.014,17.3,6.56,2.7999999999999994,17.7,6.6,247.127,83065.44159981594,687.576,2.7000000000000006,1258.3306999999913,-0.2599999999999909,386.0951606629096,0.0,0.021500000000000075,-2.4492935982947064e-16,1.0,0,0,0,1,0,5.36720477194421,1438.1019654666172,24.492084842859803,1.0128767106753367,-0.7728767106753367,2.9511232893246633,1,0,1.6772076725027008,0,0,0,376878.9584333333,375074.95235,0.16000000000000028,0.14833333333333334,6.5666666666666655,6.666666666666667,251.41516666666666,251.54958333333335,0.33384811298975414,2.4544600975099584,0.5509795669411233,0.3610224506159332,-0.10345088271455083
2016-01-01,2016,1,6.4,250.807,0.34,3.8725,379542.308,1.9089191902211435,70980.0,687.576,18.6,6.48,2.835000000000001,17.7,6.6,248.556,83365.72119482444,687.576,2.7000000000000006,1366.8551000000443,-0.2600000000000193,519.5892333338124,10.562000000000012,-0.09149999999999991,0.49999999999999994,0.8660254037844387,0,0,0,1,0,5.347172555649479,1427.3647870327043,24.131272815430336,1.4891128852775992,-1.1491128852775991,2.383387114722401,1,0,1.911914369547274,0,0,0,378211.6277,376261.68371666665,0.23333333333333361,0.18333333333333335,6.5,6.6000000000000005,251.067,251.51874999999998,0.36143411464664155,2.679641892585405,0.7374201025515781,1.298701298701288,-0.10355801439456691
2016-02-01,2016,2,6.3,251.7625,0.38,3.66,380640.1057,2.3,71628.73296334222,687.576,18.6,6.48,2.7000000000000006,17.7,6.5,249.985,83629.98233827052,687.576,2.5650000000000004,1097.7976999999955,0.9555000000000007,648.7329633422196,0.0,-0.2124999999999999,0.8660254037844386,0.5000000000000001,0,0,0,1,0,5.314070065916174,1394.736936683468,23.366102606850674,1.2900513365197375,-0.9100513365197375,2.3699486634802627,1,0,2.0038912924798202,0,0,0,379452.62220000004,377507.97831666673,0.3200000000000003,0.22333333333333336,6.3999999999999995,6.516666666666666,251.2121666666667,251.5318333333333,0.28924251048185745,2.7796189109164704,0.9139658542437479,2.4402739592828793,0.3809702281036831
2016-03-01,2016,3,6.2,252.718,0.36,3.694,381141.6667,2.071468634653559,72338.30512602274,687.576,18.6,7.29,2.7000000000000006,17.7,6.4,250.905,83895.0626229241,687.576,2.5650000000000004,501.56099999998696,0.9555000000000007,709.5721626805171,0.0,0.03399999999999981,1.0,6.123233995736766e-17,1,0,0,0,0,5.268877478342929,1402.42963184372,23.264514634129267,1.093265595935744,-0.733265595935744,2.600734404064256,1,0,1.8472896386947157,0,0,0,380441.36013333336,378660.1592833333,0.3600000000000003,0.26,6.3,6.433333333333334,251.76250000000002,251.58883333333333,0.13176777551531238,2.6724161294516158,0.990625037362669,3.6514098139876383,0.37952435330916856
2016-04-01,2016,4,6.1,253.784,0.37,3.605,381083.2877,1.550743691214488,73185.8563730805,687.576,18.6,8.1,2.5650000000000004,17.3,6.3,251.825,84171.55763572901,687.576,2.5650000000000004,-58.37900000001537,1.0660000000000025,847.5512470577669,0.0,-0.08899999999999997,0.8660254037844387,-0.4999999999999998,1,0,0,0,1,5.207061945922265,1386.9186507634365,22.74076527071006,1.1474462445945743,-0.7774462445945743,2.4575537554054256,1,0,1.4749225316560866,0,0,0,380955.0200333333,379583.3238666667,0.3700000000000003,0.3016666666666667,6.199999999999999,6.3500000000000005,252.75483333333332,251.91091666666668,-0.015316876925441925,2.5227695691191654,1.171649301958655,5.068029249700112,0.42181403778125404
2016-05-01,2016,5,6.1,254.85,0.37,3.6,380971.7109,1.3,74073.50055487955,687.576,18.6,8.91,2.5650000000000004,17.3,6.2,251.4085,84468.6019734495,697.079,2.7000000000000006,-111.57679999998072,1.0660000000000025,887.6441817990417,0.0,-0.004999999999999893,0.49999999999999994,-0.8660254037844387,1,0,0,0,1,5.143157918097118,1385.656135424106,22.447803196191625,1.2012310136007232,-0.8312310136007232,2.398768986399277,1,0,1.0757242006768308,0,0,0,381065.5551,380259.08865,0.366666666666667,0.3433333333333333,6.133333333333333,6.266666666666666,253.784,252.4980833333333,-0.02927884890292498,2.445973861701445,1.2128630117738792,6.504950183558211,0.4200422406455795
2016-06-01,2016,6,6.1,254.5775,0.38,3.568,381182.7186,1.6789785100636716,75039.10465440305,687.576,18.6,10.53,2.5650000000000004,17.3,6.1,250.992,84825.21877514041,697.079,2.7000000000000006,211.00770000001648,-0.27250000000000796,965.6040995235089,0.0,-0.03200000000000003,1.2246467991473532e-16,-1.0,0,1,0,0,1,5.079787670116256,1380.9460215911606,22.083622046683864,1.2604983522832347,-0.8804983522832347,2.3075016477167654,1,0,0.7952038338128853,0,0,0,381079.2390666667,380760.2996,0.3733333333333336,0.3666666666666667,6.1,6.199999999999999,254.40383333333332,253.08316666666664,0.055386710866667244,2.485748726028336,1.303575627302922,8.007312563834112,-0.1069256425348275
2016-07-01,2016,7,6.2,254.305,0.39,3.44,381363.3422,2.3592942091742044,75999.97388488517,687.576,18.6,11.339999999999998,2.7000000000000006,17.3,6.1,251.684,85236.79850666552,697.079,2.835000000000001,180.6235999999917,-0.27249999999997954,960.8692304821161,0.0,-0.1280000000000001,-0.4999999999999997,-0.8660254037844388,0,1,0,0,1,5.017940437422246,1359.79564715077,21.470464964270818,1.319962389239504,-0.929962389239504,2.120037610760496,1,0,0.4797974195804189,0,0,0,381172.5905666666,381063.80529999995,0.38000000000000034,0.375,6.133333333333333,6.166666666666667,254.57750000000001,253.66616666666664,0.04738504428096757,2.400885104937389,1.280491331696254,9.428436584143473,-0.1070400958450679
2016-08-01,2016,8,6.2,253.909,0.4,3.435,381448.2139,2.9,76998.85689922128,687.576,18.6,9.72,2.7000000000000006,17.3,6.1,252.376,85750.0,697.079,2.835000000000001,84.87169999995967,-0.396000000000015,998.883014336112,0.0,-0.004999999999999893,-0.8660254037844385,-0.5000000000000004,0,1,0,0,0,4.953946451429173,1359.2501098592033,21.183433073115403,0.8840450723923698,-0.4840450723923698,2.55095492760763,1,0,0.2123024315879185,0,0,0,381331.4249,381198.49,0.3900000000000003,0.37833333333333335,6.166666666666667,6.1499999999999995,254.26383333333334,254.02391666666668,0.022254813352096114,2.2204480340080712,1.3143202073320204,10.810087012000725,-0.15571852696565358
2016-09-01,2016,9,6.3,253.513,0.4,3.46,381719.5979,2.915620224331439,77982.16420617151,687.576,18.6,8.1,2.835000000000001,17.3,6.2,251.8515,86364.60352221348,697.079,2.7000000000000006,271.38400000002,-0.3959999999999866,983.3073069502279,0.0,0.02499999999999991,-1.0,-1.8369701987210297e-16,0,0,1,0,0,4.894960300034744,1364.4638117192603,20.996552105609965,0.4505182743208547,-0.05051827432085465,3.0094817256791453,1,0,0.1516315980364613,0,0,0,381510.3846666666,381294.81186666666,0.396666666666667,0.385,6.233333333333333,6.166666666666667,253.909,254.15641666666667,0.07114569949753236,2.001722311530685,1.2770414348322268,12.049124139024281,-0.15596138774127688
2016-10-01,2016,10,6.3,253.751,0.4,3.47,382767.7159,2.5905059923324263,78898.29987537897,687.576,18.6,7.29,2.835000000000001,17.3,6.2,251.327,86992.42434875183,697.079,2.7000000000000006,1048.1180000000168,0.23799999999999955,916.1356692074623,0.0,0.010000000000000231,-0.8660254037844386,0.5000000000000001,0,0,1,0,0,4.8514063865075325,1369.9156542117137,20.835668039116417,0.754214288975863,-0.35421428897586293,2.7157857110241372,1,0,0.4420105143330355,0,0,0,381978.50923333335,381575.5499,0.4,0.38999999999999996,6.266666666666666,6.199999999999999,253.72433333333333,254.15091666666663,0.2745779901703216,1.9234523586573182,1.1748015440881554,13.060865188869064,0.09388078717855741
2016-11-01,2016,11,6.3,253.989,0.41,3.77,384477.0333,2.2,79787.03032232067,687.576,18.6,6.48,2.7000000000000006,17.3,6.3,251.067,87744.86893176516,697.079,2.625,1709.3174,0.23799999999999955,888.7304469416995,0.0,0.2999999999999998,-0.5000000000000004,0.8660254037844384,0,0,1,0,0,4.818791121148437,1427.9513888077552,21.476443723334537,1.059177883792839,-0.649177883792839,2.710822116207161,1,0,0.9201004430799076,0,0,0,382988.11569999997,382159.7703,0.4033333333333336,0.39666666666666667,6.3,6.233333333333333,253.751,254.00741666666667,0.44656780835887755,2.0057223868934715,1.1264253454706497,13.860591619513873,0.09379273382172926
2016-12-01,2016,12,6.3,254.242,0.54,4.198,386548.6693,1.9956854697722688,80570.62035071998,687.576,18.6,6.48,2.7000000000000006,17.3,6.3,250.807,88507.54758413343,697.079,2.5,2071.6359999999986,0.2529999999999859,783.5900283993105,0.0,0.4280000000000004,-2.4492935982947064e-16,1.0,0,0,0,1,0,4.797637992823842,1511.870544534475,22.517446750987535,1.264602675779769,-0.724602675779769,2.9333973242202314,1,0,1.407710905601367,0,0,0,384597.80616666673,383054.0954166667,0.45000000000000034,0.42333333333333334,6.3,6.266666666666666,253.994,253.9515,0.5388191804901687,2.2141089105045975,0.9821020098552236,14.348780363393487,0.0996106130580321
2017-01-01,2017,1,6.3,254.495,0.65,4.15,388436.9977,1.951651740128457,81280.0,697.079,16.6,6.56,2.625,17.3,6.3,251.7625,89306.86367010286,697.079,2.5,1888.3283999999985,0.2530000000000143,709.3796492800175,9.502999999999929,-0.04800000000000004,0.49999999999999994,0.8660254037844387,0,0,0,1,0,4.778998495324803,1510.5641222004137,22.301635662407683,1.4704533765006689,-0.8204533765006689,2.6795466234993315,1,0,1.8548336238070728,0,0,0,386487.5667666667,384233.038,0.5333333333333337,0.4666666666666666,6.3,6.283333333333332,254.242,253.98316666666668,0.4885098695125656,2.3435304872520213,0.8804445667566219,14.511129895745277,0.09951148905373852
2017-02-01,2017,2,6.2,254.965,0.66,4.1675,390336.3192,2.0,81872.68649523563,697.079,16.6,6.56,2.5,17.3,6.3,252.718,90067.85208092273,697.079,2.375,1899.32150000002,0.46999999999999886,592.6864952356264,0.0,0.01750000000000007,0.8660254037844386,0.5000000000000001,0,0,0,1,0,4.767601209992232,1521.1317674683764,22.295080314339923,1.272032173179083,-0.6120321731790829,2.8954678268209175,1,0,2.33009487949265,0,0,0,388440.6620666667,385714.38888333336,0.616666666666667,0.51,6.266666666666666,6.283333333333334,254.56733333333332,254.15916666666666,0.48896513752454407,2.5473441591680412,0.729191062051715,14.301458518240162,0.18467946325075868
2017-03-01,2017,3,6.2,255.435,0.79,4.196,392001.9334,2.068981729008408,82318.17662076463,697.079,16.6,7.38,2.5,17.3,6.3,253.784,90816.80349806936,697.079,2.375,1665.6141999999527,0.46999999999999886,445.4901255290024,0.0,0.028499999999999304,1.0,6.123233995736766e-17,1,0,0,0,0,4.762033726839354,1532.8333653635138,22.345004638650256,1.075111388979022,-0.285111388979022,3.1208886110209777,1,0,2.6936881303887494,0,0,0,390258.41676666663,387428.1114666667,0.7000000000000003,0.5750000000000001,6.233333333333333,6.266666666666667,254.965,254.4795,0.4267125855502485,2.849404210783435,0.5441254520882621,13.796109097877896,0.18433902692527315
2017-04-01,2017,4,6.2,255.4685,0.9,4.045,393462.7423,2.1690182088595025,82730.11842888562,697.079,16.6,8.2,2.375,18.6,6.2,254.85,91502.8959069654,697.079,2.375,1460.8089000000036,0.03350000000000364,411.94180812098784,0.0,-0.1509999999999998,0.8660254037844387,-0.4999999999999998,1,0,0,0,1,4.755979439800011,1510.9386114573895,21.916157841686413,0.6637534281120905,0.23624657188790954,3.3812465718879094,1,0,2.7941296916467406,0,0,0,391933.66496666666,389210.61586666666,0.7833333333333337,0.6583333333333333,6.2,6.25,255.2895,254.76575000000003,0.3726534936523862,3.24849055300096,0.5004263031952005,13.04112915909763,0.013114882455411703
2017-05-01,2017,5,6.2,255.502,0.91,4.01,394193.2368,2.3,83065.44159981594,697.079,16.6,9.02,2.375,18.6,6.2,254.5775,92083.3527228095,704.147,2.5,730.4945000000298,0.03350000000000364,335.3231709303218,0.0,-0.03500000000000014,0.49999999999999994,-0.8660254037844387,1,0,0,0,1,4.745574443570688,1507.3696711401192,21.776126997345084,0.2558367667255368,0.6541632332744632,3.754163233274463,1,0,2.5271219496792785,0,0,0,393219.3041666667,390829.9831166666,0.866666666666667,0.7416666666666667,6.2,6.233333333333333,255.46849999999998,255.01791666666668,0.18565785815700675,3.4704744530153597,0.4053217586271973,12.139214398642405,0.013113162679556645
2017-06-01,2017,6,6.1,255.51,1.04,3.904,394482.6655,2.48868273162061,83365.72119482444,697.079,16.6,10.66,2.375,18.6,6.2,254.305,92572.42918741294,704.147,2.5,289.4286999999895,0.007999999999981355,300.2795950084983,0.0,-0.10599999999999987,1.2246467991473532e-16,-1.0,0,1,0,0,1,4.731952891981825,1489.2427341499388,21.436763880486573,0.3662931720203044,0.6737068279796956,3.5377068279796955,1,0,2.052521928058293,0,0,0,394046.21486666665,392152.3158166667,0.9500000000000003,0.8250000000000001,6.166666666666667,6.2,255.4935,255.22925,0.07342305067168375,3.4891264086807983,0.3614976207014564,11.096369791151028,0.0031310909503590167
2017-07-01,2017,7,6.1,255.518,1.15,3.9675,394455.2152,2.765532286181508,83629.98233827052,697.079,16.6,11.48,2.5,18.6,6.2,253.909,92915.175651468,704.147,2.625,-27.45030000002589,0.008000000000009777,264.26114344608504,0.0,0.06349999999999989,-0.4999999999999997,-0.8660254037844388,0,1,0,0,1,4.716672228920111,1500.64500821522,21.532636496016558,0.47698629598316167,0.6730137040168382,3.490513704016838,1,0,1.549341987409747,0,0,0,394377.0391666666,393155.35206666664,1.0333333333333337,0.9083333333333332,6.133333333333333,6.166666666666667,255.51,255.39975,-0.006958556712555186,3.4329133273470536,0.3169901725296853,10.039488256854256,0.0031309929161338346
2017-08-01,2017,8,6.1,256.667,1.16,3.88,394742.5457,3.2,83895.0626229241,697.079,16.6,9.839999999999998,2.5,18.6,6.1,253.513,93110.0,704.147,2.625,287.33050000004005,1.1489999999999725,265.08028465358075,0.0,-0.08749999999999991,-0.8660254037844385,-0.5000000000000004,0,1,0,0,0,4.705194004970415,1485.8839743544045,21.25346490578897,1.086215927753642,0.07378407224635786,2.793784072246358,1,0,1.128828213841504,0,0,0,394560.1421333333,393889.72315,1.116666666666667,0.9916666666666666,6.1,6.1499999999999995,255.8983333333333,255.68341666666666,0.07284236306885905,3.4852258617431353,0.31696800267322356,8.956244289092252,0.4496747782934962
2017-09-01,2017,9,6.0,257.816,1.15,3.805,395624.1547,3.787964526854098,84171.55763572901,697.079,16.6,8.2,2.625,18.6,6.1,253.751,93126.38303868278,704.147,2.5,881.6089999999967,1.149000000000001,276.4950128049095,0.0,-0.07499999999999973,-1.0,-1.8369701987210297e-16,0,0,1,0,0,4.700211874563981,1475.652869334015,21.037788689432052,1.697348853904912,-0.5473488539049121,2.107651146095088,1,0,0.9240314884630729,0,0,0,394940.6385333333,394493.4267,1.1533333333333335,1.0516666666666667,6.0666666666666655,6.116666666666667,256.667,256.08025000000004,0.2233377196361408,3.6426101453776116,0.3295724493915131,7.936934672900087,0.4476617562834351
2017-10-01,2017,10,6.0,257.844,1.15,3.895,397023.0394,4.321464299286515,84468.6019734495,697.079,16.6,7.38,2.625,18.6,6.1,253.989,93001.4572780276,704.147,2.5,1398.884699999995,0.02800000000002001,297.0443377204938,0.0,0.08999999999999986,-0.8660254037844386,0.5000000000000001,0,0,1,0,0,4.7002439974654,1497.195476121453,21.26985091940398,1.6129985694637528,-0.46299856946375284,2.2820014305362473,1,0,0.9048625745828431,0,0,0,395796.5799333334,395086.80955000006,1.1533333333333335,1.0933333333333333,6.033333333333332,6.083333333333333,257.44233333333335,256.47616666666664,0.3535893052487582,3.724275300094604,0.35290345820380153,7.060104092063968,0.010860458621664293
2017-11-01,2017,11,5.9,257.872,1.16,3.922,398572.8671,4.6,84825.21877514041,697.079,16.6,6.56,2.5,18.6,6.0,254.242,92731.52222200132,704.147,2.625,1549.8276999999653,0.02800000000002001,356.61680169090687,0.0,0.027000000000000135,-0.5000000000000004,0.8660254037844384,0,0,1,0,0,4.698754366393795,1507.9748189740017,21.332922082590954,1.52880636563002,-0.36880636563002,2.3931936343699802,1,0,1.1110363880296736,0,0,0,397073.3537333333,395816.74793333333,1.1533333333333335,1.135,5.966666666666666,6.033333333333332,257.844,256.8711666666666,0.39036215690206877,3.666235582139765,0.42218859239910866,6.314545650422954,0.01085927925412733
2017-12-01,2017,12,5.9,259.0455,1.3,3.95,400273.7263,4.443947809105219,85236.79850666552,697.079,16.6,6.56,2.5,18.6,6.0,254.495,92361.42384784498,704.147,2.5,1700.8592000000062,1.17349999999999,411.57973152511113,0.0,0.028000000000000025,-2.4492935982947064e-16,1.0,0,0,0,1,0,4.6960201850929275,1519.558301416509,21.3929898077673,1.8893416508680705,-0.5893416508680704,2.0606583491319297,1,0,1.4680140108716655,0,0,0,398623.21093333326,396781.9247333333,1.2033333333333334,1.1783333333333332,5.933333333333333,6.0,258.2538333333334,257.4604166666666,0.42673732719826774,3.5506672484100443,0.4852091600449082,5.7914139616077165,0.4550707327666492
2018-01-01,2018,1,5.9,260.219,1.41,4.032500000000001,401989.6106,3.95027742305856,85750.0,704.147,16.2,6.24,2.625,18.6,5.9,254.965,91890.87028027928,704.147,2.5,1715.8843000000343,1.17349999999999,513.2014933344763,7.068000000000097,0.08250000000000046,0.49999999999999994,0.8660254037844387,0,0,0,1,0,4.687925488046647,1541.3595706698675,21.57004647001564,2.2491601013772344,-0.8391601013772345,1.7833398986227662,1,0,1.9100762544563832,0,0,0,400278.73466666666,398037.6573,1.2900000000000003,1.2216666666666667,5.9,5.966666666666666,259.0455,258.2439166666666,0.42867772408174964,3.489011855267976,0.6020891238592618,5.499507874015741,0.45300922038791214
2018-02-01,2018,2,5.8,260.1225,1.42,4.33,403565.5454,3.3,86364.60352221348,704.147,16.2,6.24,2.5,18.6,5.9,255.435,91373.55820268983,704.147,2.375,1575.9347999999882,-0.09649999999999181,614.6035222134815,0.0,0.29749999999999943,0.8660254037844386,0.5000000000000001,0,0,0,1,0,4.67281188057791,1603.3969008372223,22.278528500507537,2.0228266624830793,-0.6028266624830794,2.3071733375169208,1,0,2.235127628402478,0,0,0,401942.9607666666,399508.15725,1.376666666666667,1.265,5.866666666666667,5.916666666666667,259.79566666666665,258.8198333333333,0.39203371391807185,3.389186593528737,0.7167388014151399,5.4864659012248795,-0.03708414835196239
2018-03-01,2018,3,5.8,260.026,1.51,4.444,405153.7041,2.726843016679755,86992.42434875183,704.147,16.2,7.02,2.5,18.6,5.9,255.4685,90799.38149290172,704.147,2.375,1588.1586999999708,-0.09649999999999181,627.8208265383437,0.0,0.11399999999999988,1.0,6.123233995736766e-17,1,0,0,0,0,4.657344672631981,1631.51623375902,22.50563190033587,1.7973261299352172,-0.2873261299352172,2.6466738700647827,1,0,2.408738012274858,0,0,0,403569.6200333333,401096.41548333335,1.446666666666667,1.325,5.833333333333332,5.883333333333334,260.1225,259.18816666666663,0.39353178637335784,3.3550269984459202,0.7269422899357947,5.678269271586522,-0.03709790579438099
2018-04-01,2018,4,5.8,260.898,1.69,4.4675,406342.4173,2.2545452375099213,87744.86893176516,704.147,16.2,7.8,2.375,16.6,5.8,255.502,90209.71540786592,704.147,2.375,1188.7131999999983,0.8720000000000141,752.4445830133336,0.0,0.0235000000000003,0.8660254037844387,-0.4999999999999998,1,0,0,0,1,4.630953607281496,1640.8303969302226,22.440018433983397,2.125310948316539,-0.43531094831653894,2.3421890516834614,1,0,2.3473141291960875,0,0,0,405020.5556,402649.64513333334,1.5400000000000003,1.415,5.8,5.8500000000000005,260.34883333333335,259.69716666666665,0.2933980827450666,3.273416670841911,0.8649541481874135,6.061577812426555,0.33535108027660243
2018-05-01,2018,5,5.7,261.77,1.7,4.586,407551.0947,2.1,88507.54758413343,704.147,16.2,8.58,2.375,16.6,5.8,255.51,89647.91771562136,708.253,2.5,1208.6774000000441,0.8719999999999573,762.6786523682676,0.0,0.11850000000000005,0.49999999999999994,-0.8660254037844387,1,0,0,0,1,4.6047044102379004,1668.7033631432514,22.624556779956198,2.453209759610475,-0.7532097596104752,2.132790240389525,1,0,2.2525937767227555,0,0,0,406349.07203333336,404146.0164,1.6333333333333335,1.505,5.766666666666666,5.816666666666666,260.89799999999997,260.34683333333334,0.2974529235789003,3.388657301286302,0.8692002867556559,6.551588578239187,0.33423023557097586
2018-06-01,2018,6,5.6,261.893,1.82,4.57,408109.4326,2.308529373851471,89306.86367010286,704.147,16.2,10.14,2.375,16.6,5.8,255.518,89100.91658634943,708.253,2.5,558.3378999999841,0.12299999999999045,799.3160859694326,0.0,-0.016000000000000014,1.2246467991473532e-16,-1.0,0,1,0,0,1,4.569743195859449,1667.871514792665,22.410884622983566,2.498140972956042,-0.6781409729560421,2.071859027043958,1,0,1.9575869674062218,0,0,0,407334.3148666667,405451.96744999994,1.736666666666667,1.5916666666666668,5.699999999999999,5.766666666666667,261.5203333333333,260.82141666666666,0.13699825795119303,3.454338629234388,0.9031049981467643,7.126601185868786,0.046987813729604255
2018-07-01,2018,7,5.5,262.016,1.91,4.5275,409138.9206,2.569313900950848,90067.85208092273,704.147,16.2,10.92,2.5,16.6,5.7,256.667,88627.34080419103,708.253,2.625,1029.488000000012,0.1230000000000473,760.9884108198748,0.0,-0.042500000000000426,-0.4999999999999997,-0.8660254037844388,0,1,0,0,1,4.54256331362719,1663.7899572563383,22.167154013107577,2.543069372803486,-0.633069372803486,1.984430627196514,1,0,1.778481286948952,0,0,0,408266.48263333336,406643.5191166667,1.8100000000000003,1.675,5.599999999999999,5.699999999999999,261.893,261.1209166666667,0.2522578303180367,3.722527890157301,0.8521051793185075,7.698040299245812,0.04696574555258515
2018-08-01,2018,8,5.5,262.536,1.91,4.55,410082.8462,2.5,90816.80349806936,704.147,16.2,9.36,2.5,16.6,5.6,257.816,88220.0,708.253,2.625,943.9256000000169,0.5199999999999818,748.951417146629,0.0,0.022499999999999964,-0.8660254037844385,-0.5000000000000004,0,1,0,0,0,4.515495265242603,1672.0243056952527,22.0931489498742,2.286620406986506,-0.376620406986506,2.263379593013494,1,0,1.6149299349973667,0,0,0,409110.3998,407729.7359166667,1.8800000000000001,1.7566666666666666,5.533333333333332,5.6499999999999995,262.1483333333333,261.52316666666667,0.23071029239061236,3.8861533085563282,0.8315413322766085,8.250474651000395,0.19846116267707714
2018-09-01,2018,9,5.5,263.056,1.95,4.6275,411276.6794,1.8449875220665783,91502.8959069654,704.147,16.2,7.8,2.625,16.6,5.5,257.844,87916.08540567601,708.253,2.5,1193.8331999999937,0.5199999999999818,686.092408896031,0.0,0.07750000000000057,-1.0,-1.8369701987210297e-16,0,0,1,0,0,4.494684843834465,1692.1210668848476,22.19104936663811,2.0324572563378496,-0.08245725633784962,2.595042743662151,1,0,1.5112722006581425,0,0,0,410166.1487333334,408750.2318,1.9233333333333336,1.83,5.5,5.6000000000000005,262.536,262.02816666666666,0.291120004424128,3.9564128008991784,0.7554685724108445,8.709994773964347,0.19806807447357855
2018-10-01,2018,10,5.6,262.088,2.19,4.83,412197.4046,1.041684365971038,92083.3527228095,704.147,16.2,7.02,2.625,16.6,5.5,257.872,87726.78617503656,708.253,2.5,920.7251999999862,-0.9679999999999609,580.4568158441107,0.0,0.20249999999999968,-0.8660254037844386,0.5000000000000001,0,0,1,0,0,4.476350962598006,1736.1102615283041,22.624418553755735,1.6459564698034557,0.5440435301965443,3.1840435301965444,1,0,1.4408998545867524,0,0,0,411185.6434,409726.06301666674,2.016666666666667,1.9133333333333333,5.533333333333332,5.566666666666666,262.56,262.2265,0.22387002378623233,3.8220364296571274,0.6343589567201047,9.014889049251096,-0.3679824828173306
2018-11-01,2018,11,5.7,261.12,2.2,4.866,413131.4751,0.6,92572.42918741294,704.147,16.2,6.24,2.5,16.6,5.5,259.0455,87622.89442481393,708.253,2.52,934.0704999999725,-0.9680000000000177,489.07646460343676,0.0,0.03599999999999959,-0.5000000000000004,0.8660254037844384,0,0,1,0,0,4.462791769929846,1747.2555561434096,22.649364241347797,1.2595396165539396,0.9404603834460605,3.60646038344606,1,0,1.3692468190050322,0,0,0,412201.8530333333,410656.12641666667,2.1133333333333337,1.9966666666666668,5.599999999999999,5.566666666666666,262.08799999999997,262.11816666666664,0.22660756462220544,3.6526841643606645,0.5311236506295058,9.13314521806219,-0.3693415951894097
2018-12-01,2018,12,5.8,261.712,2.27,4.6375,414045.3448,0.9240981049863392,92915.175651468,704.147,16.2,6.24,2.5,16.6,5.6,260.219,87616.2143231633,708.253,2.4,913.8697000000393,0.5919999999999845,342.74646405506064,0.0,-0.22849999999999948,-2.4492935982947064e-16,1.0,0,0,0,1,0,4.456164904139191,1705.495486016131,22.026483498199386,1.0293558467527886,1.2406441532472114,3.6081441532472116,1,0,1.4544903219176453,0,0,0,413124.7415,411645.44511666667,2.22,2.0716666666666668,5.699999999999999,5.6000000000000005,261.64000000000004,262.08799999999997,0.22120553748146143,3.4405502023079126,0.370246807892638,9.008289001143122,0.22671568627450345
2019-01-01,2019,1,5.9,262.304,2.4,4.464,414971.8353,1.7249277436140835,93110.0,708.253,15.5,6.24,2.52,16.6,5.7,260.1225,87703.11665062224,708.253,2.4,926.4904999999562,0.5919999999999845,194.8243485319981,4.1059999999999945,-0.17349999999999977,0.49999999999999994,0.8660254037844387,0,0,0,1,0,4.456791271614219,1674.987399304742,21.58720738014918,0.8012481794180903,1.5987518205819096,3.66275182058191,1,0,1.4256562762217762,0,0,0,414049.5517333333,412617.5975666667,2.2900000000000005,2.153333333333333,5.8,5.666666666666667,261.712,262.136,0.22376546714888423,3.229492593259553,0.2096797936031347,8.583090379008752,0.22620284893317688
2019-02-01,2019,2,5.9,263.2805,2.4,4.37,416331.117,2.5,93126.38303868278,708.253,15.5,6.24,2.4,16.6,5.8,260.026,87874.94712286947,708.253,2.28,1359.2817000000505,0.9765000000000441,16.383038682775805,0.0,-0.0940000000000003,0.8660254037844386,0.5000000000000001,0,0,0,1,0,4.470603317934776,1661.9618101982783,21.415565677124178,1.214043383405894,1.185956616594106,3.155956616594106,1,0,1.523660610995825,0,0,0,415116.09903333336,413658.9760333334,2.356666666666667,2.235,5.866666666666666,5.733333333333333,262.43216666666666,262.26008333333334,0.32755998946707443,3.163196597307949,0.017595358911792758,7.829341235533049,0.37227796754912834
2019-03-01,2019,3,5.8,264.257,2.41,4.265,418216.8862,2.863073576842426,93001.4572780276,708.253,15.5,7.02,2.4,16.6,5.9,260.898,88139.97722536909,708.253,2.28,1885.7691999999806,0.9764999999999873,-124.92576065516914,0.0,-0.10500000000000043,1.0,6.123233995736766e-17,1,0,0,0,0,4.4968853009447125,1648.8399150927014,21.27502037087654,1.6271449778099134,0.7828550221900867,2.6378550221900863,1,0,1.6874788062685386,0,0,0,416506.6128333334,414815.67716666666,2.4033333333333338,2.3116666666666665,5.866666666666666,5.783333333333334,263.2805,262.46025000000003,0.452949376829781,3.2242534050178184,-0.13414647555169967,6.9075358851773405,0.3708971989949905
2019-04-01,2019,4,5.7,265.112,2.42,4.1425,420273.776,3.071958320135889,92731.52222200132,708.253,15.5,7.8,2.28,16.2,5.9,261.77,88490.6771679751,708.253,2.28,2056.8898000000045,0.8550000000000182,-269.93505602628284,0.0,-0.12249999999999961,0.8660254037844387,-0.4999999999999998,1,0,0,0,1,4.532156551834179,1632.9048717867997,21.13074172828854,1.6151906108900826,0.8048093891099173,2.5273093891099174,1,0,1.959345524709799,0,0,0,418273.9264,416161.7390666667,2.41,2.35,5.8,5.800000000000001,264.21650000000005,262.96425,0.49182370867166814,3.4284775861129546,-0.29024820032583776,5.683128085944311,0.3235486666389287
2019-05-01,2019,5,5.6,265.967,2.39,4.072,421611.1555,3.4,92361.42384784498,708.253,15.5,8.58,2.28,16.2,5.8,261.893,88908.55213418034,670.917,2.4,1337.379499999981,0.8549999999999613,-370.09837415633956,0.0,-0.07050000000000001,0.49999999999999994,-0.8660254037844387,1,0,0,0,1,4.564797054174444,1624.3008156792375,21.103626358403783,1.603315887993273,0.7866841120067272,2.468684112006727,1,0,2.0525379718278502,0,0,0,420033.93923333334,417575.01913333335,2.4066666666666667,2.3816666666666664,5.699999999999999,5.783333333333332,265.112,263.77208333333334,0.31821626196348873,3.4498891017210154,-0.39910740737147954,4.354291095963481,0.32250520534715665
2019-06-01,2019,6,5.4,265.5685,2.38,3.8025,422351.7296,4.066725595085123,91890.87028027928,708.253,15.5,10.14,2.28,16.2,5.7,262.016,89418.27657571282,670.917,2.4,740.5741000000271,-0.39850000000001273,-470.5535675657011,0.0,-0.26949999999999985,1.2246467991473532e-16,-1.0,0,1,0,0,1,4.5962316856045815,1574.8640436190174,20.5661002728407,1.4034357542966003,0.9765642457033996,2.3990642457034,1,0,2.0061534091180944,0,0,0,421412.22036666673,418959.41660000006,2.396666666666667,2.4,5.566666666666666,5.716666666666668,265.5491666666666,264.4148333333333,0.17565334558611312,3.4898230382141904,-0.509469806724594,2.8934020342732847,-0.14983061808420128
2019-07-01,2019,7,5.4,265.17,2.4,3.765,422736.8341,4.684763030263626,91373.55820268983,708.253,15.5,10.92,2.4,16.2,5.6,262.536,89983.91736218196,670.917,2.52,385.1044999999576,-0.3984999999999559,-517.3120775894495,0.0,-0.03750000000000009,-0.4999999999999997,-0.8660254037844388,0,1,0,0,1,4.626467901821903,1569.088065991196,20.60668005302661,1.2037432828529537,1.1962567171470462,2.5612567171470464,0,0,1.8712110411990723,0,0,0,422233.2397333333,420253.5830666667,2.3900000000000006,2.4,5.466666666666666,5.633333333333333,265.56850000000003,264.8925,0.0911809927627516,3.323544355071051,-0.5629635196745642,1.4496916398028192,-0.15005544708802665
2019-08-01,2019,8,5.3,265.335,2.13,3.616,423334.4191,4.8,90799.38149290172,708.253,15.5,9.36,2.4,16.2,5.4,263.056,90640.0,670.917,2.52,597.585000000021,0.16499999999996362,-574.1767097881093,0.0,-0.14900000000000002,-0.8660254037844385,-0.5000000000000004,0,1,0,0,0,4.662305096572649,1542.7826625991102,20.389337071240526,1.066139500868446,1.063860499131554,2.549860499131554,0,1,1.682147169412751,0,0,0,422807.6609333334,421420.80008333334,2.3033333333333332,2.355,5.366666666666666,5.533333333333334,265.3578333333333,265.23491666666666,0.14136099620281062,3.231437994247899,-0.6283838794090113,-0.019183680218393118,0.06222423351056605
2019-09-01,2019,9,5.2,265.5,2.04,3.605,423945.0366,4.098633621696128,90209.71540786592,708.253,15.5,7.8,2.52,16.2,5.4,262.088,91364.98864329344,670.917,2.4,610.617499999993,0.16500000000002046,-589.6660850358021,0.0,-0.01100000000000012,-1.0,-1.8369701987210297e-16,0,0,1,0,0,4.699549651422952,1542.9101646199736,20.524310371369666,0.9290797396751982,1.1109202603248018,2.675920260324802,0,1,1.3696602382670564,0,0,0,423338.7632666666,422375.4918166667,2.19,2.2933333333333334,5.3,5.433333333333334,265.335,265.44208333333336,0.1442399843835318,3.080251770774245,-0.6494164115885548,-1.4132672920147749,0.06218553903556412
2019-10-01,2019,10,5.2,265.263,1.83,3.688,424931.8218,3.191296330769456,89647.91771562136,708.253,15.5,7.02,2.52,16.2,5.3,261.12,92073.76651862526,670.917,2.4,986.7851999999839,-0.2370000000000232,-561.7976922445669,0.0,0.08300000000000018,-0.8660254037844386,0.5000000000000001,0,0,1,0,0,4.740007717167028,1562.4047027319943,20.913878325940082,1.2114251701718315,0.6185748298281686,2.4765748298281687,0,1,1.1083360575892653,0,0,0,424070.4258333333,423151.8327833333,2.0,2.195,5.2333333333333325,5.3500000000000005,265.366,265.46725,0.23276253165125382,3.0893977152421703,-0.6227685008255546,-2.6448157404947326,-0.08926553672317095
2019-11-01,2019,11,5.2,265.026,1.55,3.695,426383.9969,2.8,89100.91658634943,708.253,15.5,6.24,2.4,16.2,5.2,261.712,92911.78376931052,670.917,2.205,1452.1751000000513,-0.23699999999996635,-547.0011292719282,0.0,0.006999999999999673,-0.5000000000000004,0.8660254037844384,0,0,1,0,0,4.785405282411243,1569.093888329025,21.132360228528768,1.4958639705882293,0.05413602941177076,2.1991360294117706,0,1,1.132048177031697,0,0,0,425086.95176666667,423947.30635,1.8066666666666669,2.055,5.2,5.283333333333333,265.263,265.31041666666664,0.34174308100736184,3.207821867552507,-0.6101660174719359,-3.750050237998437,-0.08934529127694324
2019-12-01,2019,12,5.4,265.7295,1.55,3.72,428404.894,3.068124769002324,88627.34080419103,708.253,15.5,6.24,2.4,16.2,5.2,262.304,93769.7333818951,670.917,2.1,2020.8970999999437,0.7034999999999627,-473.5757821583975,0.0,0.025000000000000355,-2.4492935982947064e-16,1.0,0,0,0,1,0,4.833778043126636,1581.3793037897826,21.411622500784794,1.5350843675490555,0.014915632450944516,2.1849156324509447,0,1,1.433204596020654,0,0,0,426573.5709,424956.1670833333,1.6433333333333338,1.9166666666666667,5.266666666666667,5.283333333333334,265.3395,265.33725,0.47396176092273645,3.468110288001469,-0.5315049500073887,-4.614784202056477,0.26544565438861856
2020-01-01,2020,1,5.5,266.433,1.55,3.624,430919.5727,1.427055915377221,88220.0,670.917,13.5,5.2,2.205,16.2,5.2,263.2805,94698.01542136226,670.917,2.1,2514.6787000000477,0.7035000000000196,-407.34080419102975,-37.33600000000001,-0.09600000000000009,0.49999999999999994,0.8660254037844387,0,0,0,1,0,4.884601821582407,1571.977432098548,21.382599393768505,1.5741277296571932,-0.02412772965719312,2.049872270342807,0,1,1.9356578230096622,0,0,0,428569.48786666663,426319.95684999996,1.55,1.7750000000000001,5.366666666666666,5.3,265.7295,265.54775,0.5869864549213233,3.8430891071127293,-0.45961077077895096,-5.251852647406297,0.26474290584974636
2020-02-01,2020,2,5.7,265.909,1.58,3.4650000000000003,433649.8075,-5.5,87916.08540567601,670.917,13.5,5.2,2.1,16.2,5.4,264.257,95630.23488513558,670.917,1.995,2730.2347999999765,-0.5240000000000009,-303.9145943239855,0.0,-0.1589999999999998,0.8660254037844386,0.5000000000000001,0,0,0,1,0,4.93254227026813,1551.0551601254006,21.17094026152254,0.9983648618108631,0.5816351381891369,2.466635138189137,0,1,2.4366996716048472,0,0,0,430991.4247333333,428039.18825000006,1.5600000000000005,1.6833333333333333,5.533333333333334,5.366666666666667,266.02383333333336,265.6434166666666,0.6335833814401282,4.159835715570592,-0.34449625291769204,-5.594867386659386,-0.19667233413278584
2020-03-01,2020,3,5.8,265.385,0.65,3.45,436430.5874,-17.789609810197856,87726.78617503656,670.917,13.5,5.8500000000000005,2.1,16.2,5.5,265.112,96621.74316161095,670.917,1.995,2780.779900000023,-0.5240000000000009,-189.29923063945898,0.0,-0.015000000000000124,1.0,6.123233995736766e-17,1,0,0,0,0,4.97488402834242,1558.086158357589,21.31279933472757,0.426857188267471,0.22314281173252903,3.023142811732529,0,1,2.9450871509507426,0,0,0,433666.6558666667,430120.1133833334,1.2600000000000005,1.4516666666666669,5.666666666666665,5.466666666666666,265.90900000000005,265.62425,0.641250117469494,4.355085076906695,-0.21531808401837882,-5.671600486025108,-0.19705989643072908
2020-04-01,2020,4,11.2,265.559,0.05,3.306,438740.4351,-29.10155012294439,87622.89442481393,670.917,13.5,6.5,1.995,15.5,5.7,265.967,97635.02081173674,670.917,1.995,2309.847699999984,0.17400000000003502,-103.89175022262498,0.0,-0.14400000000000013,0.8660254037844387,-0.4999999999999998,1,0,0,0,1,5.0071438290191095,1538.349332789352,21.067772429398865,0.16860798454991777,-0.11860798454991776,3.1373920154500823,0,1,3.2496067819790753,0,0,1,436273.61000000004,432421.5489333333,0.7600000000000003,1.155,7.5666666666666655,6.466666666666666,265.6176666666667,265.67358333333334,0.5292588940112308,4.3939594032628815,-0.11842648608525463,-5.509052018964189,0.06556512236939316
2020-05-01,2020,5,8.8,265.733,0.05,3.2325,439883.5358,-28.1,87616.2143231633,670.917,13.5,7.15,1.995,15.5,5.8,265.5685,98629.76209785676,669.256,2.1,1143.10070000001,0.17399999999997817,-6.680101650636061,0.0,-0.07350000000000012,0.49999999999999994,-0.8660254037844387,1,0,0,0,1,5.020572267337816,1528.142856331442,20.92958982265606,-0.08798083972823001,0.13798083972823,3.32048083972823,0,1,3.1660519621157457,0,0,1,438351.51943333336,434671.47208333324,0.2500000000000003,0.9049999999999999,8.6,7.066666666666666,265.55899999999997,265.79141666666663,0.2605414519724958,4.333941372668448,-0.007623694348934951,-5.137653066608072,0.06552216268322919
2020-06-01,2020,6,8.6,266.51,0.08,3.1625,440122.6549,-8.543304630365558,87703.11665062224,670.917,13.5,8.450000000000001,1.995,15.5,11.2,265.17,99665.4865298566,669.256,2.1,239.1191000000108,0.7769999999999868,86.90232745894173,0.0,-0.06999999999999984,1.2246467991473532e-16,-1.0,0,1,0,0,1,5.018323997005612,1515.4954245995864,20.735802545810678,0.35452246783787,-0.27452246783787,2.80797753216213,0,1,2.7352070585823007,0,0,1,439582.2086,436624.43223333335,0.060000000000000296,0.66,9.533333333333331,7.6000000000000005,265.93399999999997,265.9215,0.05435963852684633,4.207612767877245,0.09918521147056492,-4.557311968951694,0.2923987611625156
2020-07-01,2020,7,8.6,267.287,0.09,3.016,440610.2295,17.264345651148464,87874.94712286947,670.917,13.5,9.1,2.1,15.5,8.8,265.335,100668.86733789976,669.256,2.205,487.57459999999264,0.7769999999999868,171.8304722472385,0.0,-0.14650000000000007,-0.4999999999999997,-0.8660254037844388,0,1,0,0,1,5.014059682834575,1489.147816214386,20.33545894438669,0.7983557717690326,-0.7083557717690326,2.2176442282309674,0,1,2.2488318966997767,0,0,1,440205.4734,438239.5417,0.07333333333333364,0.41666666666666674,8.666666666666666,8.116666666666667,266.51,266.0638333333333,0.11078152750640946,4.228019410244244,0.19592288029142146,-3.828909750958309,0.2915462834415239
2020-08-01,2020,8,8.4,268.0375,0.1,2.935,442754.5165,35.2,88139.97722536909,670.917,13.5,7.8,2.1,15.5,8.6,265.5,101700.0,669.256,2.205,2144.287000000011,0.750500000000045,265.03010249961517,0.0,-0.08099999999999996,-0.8660254037844385,-0.5000000000000004,0,1,0,0,0,5.023310992784817,1480.9484292345924,20.162679535728333,1.018523752991518,-0.9185237529915181,1.916476247008482,0,1,2.0995533360175678,0,0,1,441162.4669666667,439756.99319999997,0.0900000000000003,0.17,8.533333333333331,8.566666666666666,267.27816666666666,266.41858333333334,0.48666300880788604,4.587412816866321,0.3015991601440726,-2.928879276276275,0.28078432546290166
2020-09-01,2020,9,8.4,268.788,0.09,2.89,446934.5789,32.97368930935817,88490.6771679751,670.917,13.5,6.5,2.205,15.5,8.6,265.263,102718.4371469942,669.256,2.1,4180.062399999995,0.7504999999999882,350.6999426060065,0.0,-0.04499999999999993,-1.0,-1.8369701987210297e-16,0,0,1,0,0,5.050640284417964,1486.3066493054819,20.15543372756621,1.2384180790960597,-1.1484180790960596,1.6515819209039404,0,1,2.4067954454285,0,0,1,443433.1083,441507.65845,0.09333333333333362,0.07666666666666667,8.466666666666665,9.0,268.03749999999997,266.98575,0.944103841795596,5.422764819792225,0.39788975859307296,-1.9056021096159337,0.2799981345893654
2020-10-01,2020,10,8.1,268.744,0.09,2.834,452299.9788,18.92441552984651,88908.55213418034,670.917,13.5,5.8500000000000005,2.205,15.5,8.4,265.026,103621.59530276852,669.256,2.1,5365.39989999996,-0.04399999999998272,417.87496620524325,0.0,-0.05600000000000005,-0.8660254037844386,0.5000000000000001,0,0,1,0,0,5.087249403380128,1493.3287771657021,20.155479867610186,1.3122825271523197,-1.2222825271523197,1.5217174728476803,1,0,3.0905616658992052,0,0,1,447329.69139999995,443767.5824,0.09333333333333364,0.08333333333333333,8.299999999999999,8.483333333333333,268.52316666666667,267.51658333333336,1.2004888753976761,6.440599549374593,0.4722248485137248,-0.824743731122024,-0.01636977841271703
2020-11-01,2020,11,7.9,268.7,0.09,2.765,458210.922,4.4,89418.27657571282,670.917,13.5,5.2,2.1,15.5,8.4,265.7295,104596.57752787566,669.256,2.7300000000000004,5910.943200000038,-0.04400000000003956,509.72444153248216,0.0,-0.06899999999999995,-0.5000000000000004,0.8660254037844384,0,0,1,0,0,5.124354209757339,1499.3986216358999,20.122042325872645,1.3862790820523108,-1.2962790820523107,1.3787209179476894,1,0,4.16641786027947,0,0,1,452481.82656666666,446822.14676666673,0.09,0.08999999999999998,8.133333333333333,8.333333333333334,268.74399999999997,268.0110833333333,1.3068634704963777,7.464380776810531,0.5733131732515551,0.35618038682669884,-0.01637245854793079
2020-12-01,2020,12,7.7,269.6175,0.09,2.684,463821.8679,-0.6048965023145221,89983.91736218196,670.917,13.5,5.2,2.1,15.5,8.1,266.433,105508.78934682244,669.256,2.6,5610.9458999999915,0.9175000000000182,565.6407864691428,0.0,-0.08099999999999996,-2.4492935982947064e-16,1.0,0,0,0,1,0,5.154497397942057,1501.8690743645507,20.02850000387846,1.463142029770892,-1.3731420297708918,1.2208579702291082,1,0,5.384683732171136,1,0,1,458110.92289999995,450772.0156,0.09,0.09166666666666667,7.899999999999999,8.183333333333334,269.0205,268.529,1.2245334256785867,8.26717304027811,0.6325784930446554,1.5306524439090197,0.3414588760699777
2021-01-01,2021,1,7.3,270.535,0.09,2.735,468895.496,1.4352158928582648,90640.0,669.256,16.5,5.84,2.7300000000000004,15.5,7.9,265.909,106412.24830501634,669.256,2.6,5073.628099999973,0.9175000000000182,656.0826378180354,-1.6610000000000582,0.05099999999999971,0.49999999999999994,0.8660254037844387,0,0,0,1,0,5.173163018534863,1528.400855753003,20.234786263278945,1.5395990736883247,-1.4495990736883246,1.1954009263116752,0,0,6.419566457205916,1,0,1,463642.7619666667,455486.22668333334,0.09,0.09166666666666666,7.633333333333333,7.966666666666666,269.6175,269.07033333333334,1.093874276124862,8.812763612025165,0.7291109978879051,2.7431421446383997,0.34029690209278485
2021-02-01,2021,2,7.1,271.441,0.08,2.81,474112.3945,5.6,91364.98864329344,669.256,16.5,5.84,2.6,15.5,7.7,265.385,107242.1608889953,669.256,2.47,5216.89850000001,0.9059999999999491,724.9886432934436,0.0,0.07500000000000018,0.8660254037844386,0.5000000000000001,0,0,0,1,0,5.189213084139115,1560.498306327676,20.495793798040022,2.080410967661872,-2.000410967661872,0.729589032338128,0,1,7.082452427111474,1,0,1,468943.2528000001,460712.53968333337,0.08666666666666696,0.08833333333333333,7.3666666666666645,7.75,270.53116666666665,269.63758333333334,1.1125930072913404,9.330705629334336,0.7998550786556091,3.9229490504530062,0.3348919733121125
2021-03-01,2021,3,7.0,272.347,0.07,3.0825,479892.5812,7.574316659017612,92073.76651862526,669.256,16.5,6.57,2.6,15.5,7.3,265.559,108047.05802850224,669.256,2.47,5780.18670000002,0.9060000000000059,708.7778753318125,0.0,0.27249999999999996,1.0,6.123233995736766e-17,1,0,0,0,0,5.212044639261329,1635.7291372503248,21.31850405297938,2.623358516871721,-2.553358516871721,0.45914148312827896,0,1,7.374234139841351,1,0,1,474300.1572333334,466205.54006666667,0.0800000000000003,0.085,7.133333333333333,7.516666666666667,271.441,270.23075,1.219159584742724,9.95851231668279,0.7757652968130024,4.955134609531231,0.33377419033970845
2021-04-01,2021,4,7.1,274.0845,0.07,3.06,486381.9385,7.622978984872265,92911.78376931052,669.256,16.5,7.3,2.47,13.5,7.1,265.733,108791.50438220796,669.256,2.47,6489.357299999974,1.7375000000000114,838.0172506852687,0.0,-0.022499999999999964,0.8660254037844387,-0.4999999999999998,1,0,0,0,1,5.234878922437131,1653.1027488760603,21.35061041962808,3.2103976894023445,-3.1403976894023446,-0.15039768940234444,0,1,7.535255648347161,1,0,1,480128.9714,471885.86668333336,0.07333333333333364,0.08166666666666667,7.0666666666666655,7.349999999999999,272.62416666666667,271.12083333333334,1.3522520568609142,10.858699036741681,0.9101585417554903,6.035967402372,0.6379728801859441
2021-05-01,2021,5,7.1,275.822,0.06,2.9625,492964.0081,6.4,93769.7333818951,669.256,16.5,8.030000000000001,2.47,13.5,7.0,266.51,109447.80180613347,676.725,2.6,6582.069599999988,1.7375000000000114,857.9496125845762,0.0,-0.09750000000000014,0.49999999999999994,-0.8660254037844387,1,0,0,0,1,5.257176173172106,1654.7195196486687,21.175952537813135,3.796668084129551,-3.7366680841295508,-0.8341680841295509,0,1,7.584517180059702,1,0,1,486412.84260000003,477678.0477,0.06666666666666697,0.07666666666666666,7.0666666666666655,7.216666666666666,274.0845,272.30783333333335,1.3532717971187491,12.066937718745141,0.9234023691922388,7.0232651641797705,0.633928587716559
2021-06-01,2021,6,7.3,277.4605,0.08,2.975,498709.6571,4.731624193669861,94698.01542136226,669.256,16.5,9.49,2.47,13.5,7.1,267.287,110052.90688601811,676.725,2.6,5745.649000000034,1.6385000000000218,928.282039467158,0.0,0.012500000000000178,1.2246467991473532e-16,-1.0,0,1,0,0,1,5.266315823842488,1676.6894778031701,21.24677443778748,4.1088514502270135,-4.028851450227013,-1.1338514502270134,0,1,7.521807748728615,1,0,1,492685.20123333327,483492.6792333333,0.0700000000000003,0.075,7.166666666666665,7.1499999999999995,275.789,273.615,1.1655311352536835,13.311517039110733,0.9899591328542678,7.9756558693406365,0.594042534678163
2021-07-01,2021,7,7.1,279.099,0.1,2.868,502221.3841,3.5210406298763943,95630.23488513558,669.256,16.5,10.22,2.6,13.5,7.1,268.0375,110561.27474571014,676.725,2.7300000000000004,3511.7270000000135,1.638499999999965,932.2194637733191,0.0,-0.1070000000000002,-0.4999999999999997,-0.8660254037844388,0,1,0,0,1,5.251700831888927,1665.440068962389,20.89849601598658,4.419219789963602,-4.3192197899636025,-1.5512197899636022,1,0,7.107316744198378,1,0,1,497965.01643333334,489046.9939166666,0.0800000000000003,0.07666666666666667,7.166666666666665,7.116666666666666,277.4605,275.0423333333333,0.7041626224807196,13.983142123122217,0.984412883021224,8.825368340105433,0.5905345085156055
2021-08-01,2021,8,7.0,280.016,0.09,2.8425,503447.5223,3.5,96621.74316161095,669.256,16.5,8.76,2.6,13.5,7.3,268.788,111000.0,676.725,2.7300000000000004,1226.1381999999867,0.91700000000003,991.5082764753752,0.0,-0.025500000000000078,-0.8660254037844385,-0.5000000000000004,0,1,0,0,0,5.210499270934558,1664.024261629973,20.66645714118448,4.468964230751293,-4.3789642307512935,-1.6264642307512935,1,0,6.187378381224762,1,0,1,501459.5211666667,493936.1818833333,0.0900000000000003,0.07833333333333332,7.133333333333332,7.099999999999999,278.85850000000005,276.4715,0.24414296937937952,13.708048938671858,1.0368146409619472,9.623063453436643,0.3285572502947032
2021-09-01,2021,9,6.6,280.933,0.08,2.9,502877.4031,5.115481012579353,97635.02081173674,669.256,16.5,7.3,2.7300000000000004,13.5,7.1,268.744,111000.0,676.725,2.6,-570.1192000000156,0.9169999999999732,1013.2776501257904,0.0,0.05750000000000011,-1.0,-1.8369701987210297e-16,0,0,1,0,0,5.15058427723046,1674.5012120386702,20.580744877609053,4.518430882331059,-4.438430882331059,-1.6184308823310594,1,0,4.789576417815233,0,0,1,502848.7698333333,497766.9855333333,0.0900000000000003,0.08,6.899999999999999,7.033333333333332,280.016,277.9025,-0.11324302429683852,12.517005137012905,1.0487056194287137,10.333680266005473,0.327481286783593
2021-10-01,2021,10,6.5,282.5865,0.08,3.0675,502748.9873,6.958854913617443,98629.76209785676,669.256,16.5,6.57,2.7300000000000004,13.5,7.0,268.7,111000.0,676.725,2.6,-128.41580000001704,1.6535000000000082,994.7412861200137,0.0,0.16749999999999998,-0.8660254037844386,0.5000000000000001,0,0,1,0,0,5.097335495965115,1710.3648877680002,20.80951856383115,5.150812669306104,-5.070812669306104,-2.083312669306104,1,0,3.3650609746068927,0,0,0,503024.63756666664,500494.827,0.08333333333333363,0.08166666666666668,6.699999999999999,6.933333333333333,281.1785,279.3195,-0.025536204094356307,11.15388257011345,1.0188365586955905,10.933942495211513,0.5885744999697406
2021-11-01,2021,11,6.3,284.24,0.08,3.0675,503545.5431,7.4,99665.4865298566,669.256,16.5,5.84,2.6,13.5,6.6,269.6175,111000.0,676.725,2.1,796.555800000031,1.6535000000000082,1035.7244319998426,0.0,0.0,-0.5000000000000004,0.8660254037844384,0,0,1,0,0,5.052356243193112,1713.0747909321713,20.62589388456742,5.783401563081503,-5.703401563081503,-2.715901563081503,1,0,2.1465126918258637,0,0,0,503057.3111666666,502258.41616666666,0.08,0.085,6.466666666666666,6.8,282.58649999999994,280.7225,0.15844006057135207,9.893832495769272,1.0501134849866478,11.459860720383253,0.585130570639425
2021-12-01,2021,12,6.1,285.459,0.08,3.098,505693.3879,5.304387169290903,100668.86733789976,669.256,16.5,5.84,2.6,13.5,6.5,270.535,111000.0,676.725,2.0,2147.8447999999626,1.218999999999994,1003.3808080431627,0.0,0.03049999999999997,-2.4492935982947064e-16,1.0,0,0,0,1,0,5.023334435686223,1727.0755225989385,20.587205179952154,5.875545912264601,-5.795545912264601,-2.7775459122646016,0,0,1.4003600492940915,0,0,0,503995.9727666667,503422.3713,0.08,0.085,6.299999999999998,6.599999999999999,284.09516666666667,282.05558333333335,0.4265442976174594,9.027500188720605,1.006748517444489,11.874288527261223,0.42886293273289855
2022-01-01,2022,1,6.0,286.678,0.08,3.4450000000000003,509623.5527,1.833564603670604,101700.0,676.725,13.3,6.640000000000001,2.1,13.5,6.3,271.441,111000.0,676.725,2.0,3930.1648000000278,1.218999999999994,1031.1326621002372,7.469000000000051,0.3470000000000004,0.49999999999999994,0.8660254037844387,0,0,0,1,0,5.011047715830875,1818.2559827780735,21.4543478793873,5.967065259578241,-5.887065259578241,-2.522065259578241,0,1,1.4738855879792734,0,0,0,506287.49456666666,504656.0660666667,0.08,0.08166666666666667,6.133333333333332,6.416666666666667,285.459,283.31875,0.7771833474669032,8.685956049362442,1.024281577182351,12.202118270079442,0.4270315526923252
2022-02-01,2022,2,5.6,289.4525,0.08,3.7625,515576.3775,-1.0,102718.4371469942,676.725,13.3,6.640000000000001,2.0,13.5,6.1,272.347,111000.0,676.725,1.9,5952.824800000002,2.774499999999989,1018.437146994198,0.0,0.3174999999999999,0.8660254037844386,0.5000000000000001,0,0,0,1,0,5.019316802515108,1913.098426389613,22.34962072468325,6.635511952873752,-6.5555119528737515,-2.8730119528737514,0,1,2.409159775896663,0,0,0,510297.77270000003,506677.5419333333,0.08,0.08,5.899999999999999,6.183333333333333,287.19649999999996,284.8915,1.1680827482289269,8.745601988264418,1.0014131238881063,12.426476128647934,0.9678105749307608
2022-03-01,2022,3,5.2,292.227,0.2,4.172,523506.9181,-1.734435639974487,103621.59530276852,676.725,13.3,7.470000000000001,2.0,13.5,6.0,274.0845,111000.0,676.725,1.9,7930.5406000000075,2.774499999999989,903.1581557743193,0.0,0.40949999999999953,1.0,6.123233995736766e-17,1,0,0,0,0,5.05210247507175,2041.1925178304691,23.638229215055524,7.299511285235383,-7.0995112852353826,-3.127511285235383,1,0,4.102295086800245,0,0,0,516235.6161,510115.7944333334,0.12000000000000029,0.10000000000000002,5.599999999999999,5.95,289.4525,286.77383333333336,1.5381892860287127,9.088354062682047,0.8792561305054347,12.541931562892339,0.958533783608706
2022-04-01,2022,4,4.9,294.393,0.33,4.9825,531336.8681,-0.9971608698467622,104596.57752787566,676.725,13.3,8.3,1.9,16.5,5.6,275.822,111000.0,676.725,1.9,7829.949999999953,2.165999999999997,974.9822251071455,0.0,0.8105000000000002,0.8660254037844387,-0.4999999999999998,1,0,0,0,1,5.079868583256419,2277.3208974846084,26.12690722364434,7.409576243822613,-7.079576243822613,-2.427076243822613,1,0,5.686312955801354,1,0,0,523473.3879,514880.4412333334,0.20333333333333367,0.1416666666666667,5.233333333333332,5.683333333333334,292.02416666666664,288.7415833333334,1.4956726891819816,9.242721828577928,0.9409064030122094,12.57622368716671,0.741204611483548
2022-05-01,2022,5,4.7,296.559,0.77,5.23,537820.2237,0.3,105508.78934682244,676.725,13.3,9.13,1.9,16.5,5.2,277.4605,111000.0,687.324,2.0,6483.35560000001,2.1660000000000537,912.2118189467728,0.0,0.2475000000000005,0.49999999999999994,-0.8660254037844387,1,0,0,0,1,5.097397354566436,2370.5635212365983,26.96150949219085,7.51825452646997,-6.748254526469969,-2.288254526469969,1,0,6.806669440264179,1,0,0,530888.0033,520592.888,0.4333333333333336,0.25666666666666665,4.933333333333333,5.416666666666667,294.393,290.79474999999996,1.2201968260143081,9.09928815551595,0.8721239647670798,12.5190245738652,0.735751189736189
2022-06-01,2022,6,4.4,298.248,1.21,5.522,541463.343,1.4029708973638868,106412.24830501634,676.725,13.3,10.79,1.9,16.5,4.9,279.099,111000.0,687.324,2.0,3643.1193000000203,1.6889999999999645,903.4589581939072,0.0,0.2919999999999998,1.2246467991473532e-16,-1.0,0,1,0,0,1,5.088355444271494,2465.4778803229115,27.80294095381899,7.4920574279942365,-6.2820574279942365,-1.9700574279942362,1,0,7.073447261895671,1,0,0,536873.4782666666,526554.5471833333,0.7700000000000004,0.445,4.666666666666666,5.133333333333333,296.40000000000003,292.92625,0.6773860742790072,8.572861040753232,0.8562878635865134,12.370093324058784,0.5695325382133021
2022-07-01,2022,7,4.2,299.937,1.68,5.4125,541420.8361,2.155116385361411,107242.1608889953,676.725,13.3,11.62,2.0,16.5,4.7,280.016,111000.0,687.324,2.1,-42.506900000036694,1.6890000000000214,829.9125839789631,0.0,-0.1095000000000006,-0.4999999999999997,-0.8660254037844388,0,1,0,0,1,5.048581934677876,2435.576521751552,27.25319782699171,7.466167918910505,-5.786167918910505,-2.053667918910505,1,0,6.239366927124346,1,0,0,540234.8009333333,531854.0944166667,1.2200000000000004,0.7116666666666666,4.433333333333333,4.833333333333333,298.248,295.1360833333333,-0.007850374462015086,7.8052136450236675,0.779903250986802,12.142525863088348,0.5663072342480202
2022-08-01,2022,8,4.0,299.6025,2.33,5.2225,538237.8309,2.7,108047.05802850224,676.725,13.3,9.96,2.0,16.5,4.4,280.933,111000.0,687.324,2.1,-3183.005200000014,-0.33449999999999136,804.8971395069384,0.0,-0.1899999999999995,-0.8660254037844385,-0.5000000000000004,0,1,0,0,0,4.981513062188289,2370.406478289766,26.326378763569462,6.9947788697788615,-4.6647788697788615,-1.7722788697788614,1,0,4.39536301292236,0,0,0,540374.0033333333,535631.0033166666,1.7400000000000002,1.0866666666666667,4.199999999999999,4.566666666666667,299.2625,296.82775,-0.5878985417199778,6.910414106530993,0.7505417019152416,11.824786526342358,-0.11152341991818027
2022-09-01,2022,9,4.2,299.268,2.56,6.112,533680.0303,3.086229908096529,108791.50438220796,676.725,13.3,8.3,2.1,16.5,4.2,282.5865,111000.0,687.324,2.0,-4557.800599999959,-0.3345000000000482,744.4463537057163,0.0,0.8895,-1.0,-1.8369701987210297e-16,0,0,1,0,0,4.90553038429423,2590.5687439421563,28.57468062771811,6.526467164768812,-3.966467164768812,-0.41446716476881207,1,0,1.9432622279227818,0,0,0,537779.5657666667,537326.5220166666,2.1900000000000004,1.4799999999999998,4.133333333333332,4.4,299.6025,298.00124999999997,-0.8468004919644501,6.125275665622754,0.6890019657076918,11.426723195956034,-0.11164793351191582
2022-10-01,2022,10,4.4,299.6765,3.08,6.9,530563.7496,3.3172828402783026,109447.80180613347,676.725,13.3,7.470000000000001,2.1,16.5,4.0,284.24,111000.0,687.324,2.0,-3116.280700000003,0.40850000000000364,656.2974239255127,0.0,0.7880000000000003,-0.8660254037844386,0.5000000000000001,0,0,1,0,0,4.847641897274424,2795.4348466620127,30.649512924310073,6.047705746735943,-2.967705746735943,0.8522942532640574,1,0,-0.14550439587687203,0,1,0,534160.5369333334,537197.6689333332,2.656666666666667,1.9383333333333332,4.199999999999998,4.316666666666666,299.5156666666666,298.88183333333336,-0.5839230480946145,5.532534724610483,0.603261649567588,10.968331949886956,0.136499725998096
2022-11-01,2022,11,4.6,300.085,3.78,6.805,528874.8778,3.4,110052.90688601811,676.725,13.3,6.640000000000001,2.0,16.5,4.2,285.459,111000.0,687.324,2.0,-1688.8717999999644,0.40850000000000364,605.1050798846409,0.0,-0.09500000000000064,-0.5000000000000004,0.8660254037844384,0,0,1,0,0,4.80564205675872,2759.7041421687904,30.091390262252883,5.574514494793115,-1.7945144947931149,1.230485505206885,1,0,-1.6632594881723417,0,1,0,531039.5525666666,535706.77795,3.1400000000000006,2.44,4.3999999999999995,4.3,299.6765,299.4695,-0.3183164702212027,5.030197376798107,0.5528709301594548,10.42228430104515,0.13631365822812658
2022-12-01,2022,12,4.8,299.617,4.1,6.364,528214.7204,3.326863859086296,110561.27474571014,676.725,13.3,6.640000000000001,2.0,16.5,4.4,286.678,111000.0,687.324,2.0,-660.1574000000255,-0.4679999999999609,508.36785969202174,0.0,-0.44099999999999984,-2.4492935982947064e-16,1.0,0,0,0,1,0,4.777574441095119,2633.2586846207832,28.580625800604263,4.95973152011322,-0.8597315201132201,1.4042684798867802,1,0,-2.446818011094798,0,1,0,529217.7826,533498.6741833333,3.6533333333333338,2.9216666666666664,4.599999999999999,4.366666666666666,299.7928333333333,299.69766666666663,-0.12482298322546992,4.453554869191523,0.46193042426270203,9.826679955190155,-0.1559558125197702
2023-01-01,2023,1,4.9,299.149,4.33,6.2725,527444.8263,3.116557299962465,111000.0,687.324,14.0,6.640000000000001,2.0,16.5,4.6,289.4525,111000.0,687.324,2.0,-769.8941000000341,-0.46800000000001774,438.7252542898641,10.598999999999933,-0.09149999999999991,0.49999999999999994,0.8660254037844387,0,0,0,1,0,4.751755191891892,2604.2326950999704,28.153866974053738,4.350176853473231,-0.02017685347323095,1.922323146526769,1,0,-2.581357950808272,0,1,0,528178.1415,531169.3392166666,4.07,3.3633333333333333,4.766666666666666,4.483333333333333,299.617,299.5663333333333,-0.14575400311014342,3.4969485820626423,0.3968163855734508,9.144542772861364,-0.15619941458595576
2023-02-01,2023,2,5.0,301.0395,4.57,6.2575,527180.8241,2.8,111000.0,687.324,14.0,6.640000000000001,2.0,16.5,4.8,292.227,111000.0,687.324,2.0,-264.0021999999881,1.8904999999999745,0.0,0.0,-0.01499999999999968,0.8660254037844386,0.5000000000000001,0,0,0,1,0,4.749376793693694,2598.811973576173,28.095264579201867,4.003074770471837,0.566925229528163,2.254425229528163,1,0,-2.0542975921092888,0,1,0,527613.4569333334,529326.50475,4.333333333333334,3.736666666666667,4.899999999999999,4.6499999999999995,299.9351666666667,299.80583333333334,-0.05005304570943059,2.250771584274136,0.0,8.062391799394831,0.6319593246174815
2023-03-01,2023,3,5.0,302.93,4.65,6.544,527312.913,2.474071136710404,111000.0,687.324,14.0,6.640000000000001,2.0,16.5,4.9,294.393,111000.0,687.324,2.0,132.08889999997336,1.8905000000000314,0.0,0.0,0.2864999999999993,1.0,6.123233995736766e-17,1,0,0,0,0,4.750566783783783,2678.599665162474,28.957834217972696,3.6625636919244364,0.9874363080755639,2.881436308075563,1,0,-1.1930589376598633,0,1,0,527312.8544666666,528265.3185333334,4.5166666666666675,4.085,4.966666666666665,4.783333333333333,301.03950000000003,300.41616666666664,0.02505571029172149,0.7270190265705079,0.0,7.120527990012859,0.6279906789640632
2023-04-01,2023,4,4.9,304.272,4.83,6.342499999999999,528835.5017,2.2541879813135246,111000.0,687.324,14.0,6.640000000000001,2.0,13.3,5.0,296.559,111000.0,687.324,2.0,1522.5887000000803,1.3419999999999845,0.0,0.0,-0.20150000000000023,0.8660254037844387,-0.4999999999999998,1,0,0,0,1,4.7642837990991,2630.4100271607977,28.436865158495113,3.355718376455963,1.4742816235440372,2.9867816235440365,1,0,-0.32573802889905856,0,1,0,527776.4129333334,527977.2772166666,4.6833333333333345,4.376666666666667,4.966666666666666,4.866666666666666,302.74716666666666,301.1820833333333,0.28874481592680024,-0.47076846162483754,0.0,6.122019117133903,0.4430066351962525
2023-05-01,2023,5,4.8,305.614,5.06,6.425,531386.0727,2.4,111000.0,687.324,14.0,6.640000000000001,2.0,13.3,5.0,298.248,111000.0,702.25,2.0,2550.5709999999963,1.3419999999999845,0.0,0.0,0.08250000000000046,0.49999999999999994,-0.8660254037844387,1,0,0,0,1,4.787261916216217,2666.043557484545,28.82209251334643,3.0533553188404117,2.006644681159588,3.371644681159588,1,0,0.4748183370792747,0,0,0,529178.1624666667,528395.8097,4.846666666666668,4.59,4.8999999999999995,4.8999999999999995,304.272,302.10358333333335,0.4822995036832589,-1.1963386121361164,0.0,5.204505413408889,0.44105274228321
2023-06-01,2023,6,4.8,305.4435,5.08,6.714,535015.8566,3.0411195252729,111000.0,687.324,14.0,6.640000000000001,2.0,13.3,4.9,299.937,111000.0,702.25,2.0,3629.7839000000386,-0.1705000000000041,0.0,0.0,0.2890000000000006,1.2246467991473532e-16,-1.0,0,1,0,0,1,4.819962672072073,2765.8475310981576,29.901054390250355,2.4125895228132244,2.6674104771867757,4.301410477186776,1,0,1.2875703643491443,0,0,0,531745.8103333334,529529.3324000001,4.990000000000001,4.753333333333334,4.833333333333332,4.8999999999999995,305.10983333333326,303.07466666666664,0.683078478432253,-1.1907521503260687,0.0,4.311300407668761,-0.055789329022881695
2023-07-01,2023,7,4.7,305.273,5.12,6.84,538369.9319,3.83173840458668,111000.0,687.324,14.0,6.640000000000001,2.0,13.3,4.8,299.6025,111000.0,702.25,2.0,3354.0752999999095,-0.17049999999994725,0.0,0.0,0.12599999999999945,-0.4999999999999997,-0.8660254037844388,0,1,0,0,1,4.850179566666666,2819.300581409976,30.478925204432173,1.7790402651223447,3.3409597348776554,5.060959734877655,1,0,2.071326716130506,0,0,0,534923.9537333334,531350.1833333333,5.086666666666667,4.885,4.766666666666666,4.866666666666667,305.44350000000003,304.0953333333334,0.6269113819008743,-0.5634995915518304,0.0,3.5040688101150685,-0.05582047088903419
