Date,House_Index,House_Index_pct_change,CPI_pct_change,Poverty_Rate_pct_change,Median_Household_Income_pct_change,Population_pct_change,Interest_Rate_pct_change,Mortgage_Rate_pct_change,GDP_pct_change,Unemployment_Rate,House_Index_pct_change_lag1,House_Index_pct_change_lag2,House_Index_pct_change_lag3,House_Index_pct_change_lag4,House_Index_pct_change_lag5,House_Index_pct_change_lag6,House_Index_pct_change_lag7,House_Index_pct_change_lag8,CPI_pct_change_lag1,CPI_pct_change_lag2,CPI_pct_change_lag3,CPI_pct_change_lag4,CPI_pct_change_lag5,CPI_pct_change_lag6,CPI_pct_change_lag7,CPI_pct_change_lag8,Poverty_Rate_pct_change_lag1,Poverty_Rate_pct_change_lag2,Poverty_Rate_pct_change_lag3,Poverty_Rate_pct_change_lag4,Poverty_Rate_pct_change_lag5,Poverty_Rate_pct_change_lag6,Poverty_Rate_pct_change_lag7,Poverty_Rate_pct_change_lag8,Median_Household_Income_pct_change_lag1,Median_Household_Income_pct_change_lag2,Median_Household_Income_pct_change_lag3,Median_Household_Income_pct_change_lag4,Median_Household_Income_pct_change_lag5,Median_Household_Income_pct_change_lag6,Median_Household_Income_pct_change_lag7,Median_Household_Income_pct_change_lag8,Population_pct_change_lag1,Population_pct_change_lag2,Population_pct_change_lag3,Population_pct_change_lag4,Population_pct_change_lag5,Population_pct_change_lag6,Population_pct_change_lag7,Population_pct_change_lag8,Interest_Rate_pct_change_lag1,Interest_Rate_pct_change_lag2,Interest_Rate_pct_change_lag3,Interest_Rate_pct_change_lag4,Interest_Rate_pct_change_lag5,Interest_Rate_pct_change_lag6,Interest_Rate_pct_change_lag7,Interest_Rate_pct_change_lag8,Mortgage_Rate_pct_change_lag1,Mortgage_Rate_pct_change_lag2,Mortgage_Rate_pct_change_lag3,Mortgage_Rate_pct_change_lag4,Mortgage_Rate_pct_change_lag5,Mortgage_Rate_pct_change_lag6,Mortgage_Rate_pct_change_lag7,Mortgage_Rate_pct_change_lag8,GDP_pct_change_lag1,GDP_pct_change_lag2,GDP_pct_change_lag3,GDP_pct_change_lag4,GDP_pct_change_lag5,GDP_pct_change_lag6,GDP_pct_change_lag7,GDP_pct_change_lag8,Unemployment_Rate_lag1,Unemployment_Rate_lag2,Unemployment_Rate_lag3,Unemployment_Rate_lag4,Unemployment_Rate_lag5,Unemployment_Rate_lag6,Unemployment_Rate_lag7,Unemployment_Rate_lag8,time_trend,dummy_crisis_2008_period,dummy_covid_2020_period
1990-04-01,102.41,0.0029380080305552,0.0143939393939394,0.012962962962963,0.0131871895872581,0.0042658231153316,0.0036452004860265,0.0480040424456795,0.0148699891242547,3.8,,,,,,,,,,,,,,,,,,,,,,,,,,,,,,,,,,,,,,,,,,,,,,,,,,,,,,,,,,,,,,,,,,,,,,,,,0,0,0
1990-07-01,101.87,-0.0052729225661555,0.0134428678117997,0.012797074954296,0.0130155510480054,0.0042477031649836,-0.0133171912832928,-0.0323047251687559,0.0092429095970689,4.7,0.0029380080305552,,,,,,,,0.0143939393939394,,,,,,,,0.012962962962963,,,,,,,,0.0131871895872581,,,,,,,,0.0042658231153316,,,,,,,,0.0036452004860265,,,,,,,,0.0480040424456795,,,,,,,,0.0148699891242547,,,,,,,,3.8,,,,,,,,1,0,0
1990-10-01,100.53,-0.013154019829194,0.0184229918938836,0.0126353790613717,0.0128483230435507,0.0042297364998662,-0.0049079754601227,0.0142002989536622,-0.0017261512496183,4.9,-0.0052729225661555,0.0029380080305552,,,,,,,0.0134428678117997,0.0143939393939394,,,,,,,0.012797074954296,0.012962962962963,,,,,,,0.0130155510480054,0.0131871895872581,,,,,,,0.0042477031649836,0.0042658231153316,,,,,,,-0.0133171912832928,0.0036452004860265,,,,,,,-0.0323047251687559,0.0480040424456795,,,,,,,0.0092429095970689,0.0148699891242547,,,,,,,4.7,3.8,,,,,,,2,0,0
1991-01-01,101.07,0.0053715308863024,0.0065123010130245,0.0124777183600712,0.0126853377265239,0.0042119211831033,-0.1479654747225646,-0.0530582166543848,0.0050701671498132,5.3,-0.013154019829194,-0.0052729225661555,0.0029380080305552,,,,,,0.0184229918938836,0.0134428678117997,0.0143939393939394,,,,,,0.0126353790613717,0.012797074954296,0.012962962962963,,,,,,0.0128483230435507,0.0130155510480054,0.0131871895872581,,,,,,0.0042297364998662,0.0042477031649836,0.0042658231153316,,,,,,-0.0049079754601227,-0.0133171912832928,0.0036452004860265,,,,,,0.0142002989536622,-0.0323047251687559,0.0480040424456795,,,,,,-0.0017261512496183,0.0092429095970689,0.0148699891242547,,,,,,4.9,4.7,3.8,,,,,,3,0,0
1991-04-01,101.22,0.0014841199168893,0.0071890726096333,0.0105633802816902,-0.0032536196518626,0.0041942553103144,-0.1447178002894356,-0.0150453955901426,0.0151915983256831,5.2,0.0053715308863024,-0.013154019829194,-0.0052729225661555,0.0029380080305552,,,,,0.0065123010130245,0.0184229918938836,0.0134428678117997,0.0143939393939394,,,,,0.0124777183600712,0.0126353790613717,0.012797074954296,0.012962962962963,,,,,0.0126853377265239,0.0128483230435507,0.0130155510480054,0.0131871895872581,,,,,0.0042119211831033,0.0042297364998662,0.0042477031649836,0.0042658231153316,,,,,-0.1479654747225646,-0.0049079754601227,-0.0133171912832928,0.0036452004860265,,,,,-0.0530582166543848,0.0142002989536622,-0.0323047251687559,0.0480040424456795,,,,,0.0050701671498132,-0.0017261512496183,0.0092429095970689,0.0148699891242547,,,,,5.3,4.9,4.7,3.8,,,,,4,0,0
1991-07-01,100.41,-0.0080023710729104,0.0057102069950036,0.0104529616724737,-0.0032642402480822,0.0041767370089351,-0.015228426395939,0.0086910718988675,0.0129062805723385,6.1,0.0014841199168893,0.0053715308863024,-0.013154019829194,-0.0052729225661555,0.0029380080305552,,,,0.0071890726096333,0.0065123010130245,0.0184229918938836,0.0134428678117997,0.0143939393939394,,,,0.0105633802816902,0.0124777183600712,0.0126353790613717,0.012797074954296,0.012962962962963,,,,-0.0032536196518626,0.0126853377265239,0.0128483230435507,0.0130155510480054,0.0131871895872581,,,,0.0041942553103144,0.0042119211831033,0.0042297364998662,0.0042477031649836,0.0042658231153316,,,,-0.1447178002894356,-0.1479654747225646,-0.0049079754601227,-0.0133171912832928,0.0036452004860265,,,,-0.0150453955901426,-0.0530582166543848,0.0142002989536622,-0.0323047251687559,0.0480040424456795,,,,0.0151915983256831,0.0050701671498132,-0.0017261512496183,0.0092429095970689,0.0148699891242547,,,,5.2,5.3,4.9,4.7,3.8,,,,5,0,0
1991-10-01,102.01,0.0159346678617668,0.0145493257629523,0.010344827586207,-0.0032749304077288,0.004159364437555,-0.1048109965635739,-0.075195822454308,0.009443054288176,6.2,-0.0080023710729104,0.0014841199168893,0.0053715308863024,-0.013154019829194,-0.0052729225661555,0.0029380080305552,,,0.0057102069950036,0.0071890726096333,0.0065123010130245,0.0184229918938836,0.0134428678117997,0.0143939393939394,,,0.0104529616724737,0.0105633802816902,0.0124777183600712,0.0126353790613717,0.012797074954296,0.012962962962963,,,-0.0032642402480822,-0.0032536196518626,0.0126853377265239,0.0128483230435507,0.0130155510480054,0.0131871895872581,,,0.0041767370089351,0.0041942553103144,0.0042119211831033,0.0042297364998662,0.0042477031649836,0.0042658231153316,,,-0.015228426395939,-0.1447178002894356,-0.1479654747225646,-0.0049079754601227,-0.0133171912832928,0.0036452004860265,,,0.0086910718988675,-0.0150453955901426,-0.0530582166543848,0.0142002989536622,-0.0323047251687559,0.0480040424456795,,,0.0129062805723385,0.0151915983256831,0.0050701671498132,-0.0017261512496183,0.0092429095970689,0.0148699891242547,,,6.1,5.2,5.3,4.9,4.7,3.8,,,6,0,0
1992-01-01,102.32,0.0030389177531613,-0.0003497726477788,0.0102389078498292,-0.0032856908164942,0.0041421357852742,-0.2264875239923224,-0.0477696216826654,0.0157333180089838,6.6,0.0159346678617668,-0.0080023710729104,0.0014841199168893,0.0053715308863024,-0.013154019829194,-0.0052729225661555,0.0029380080305552,,0.0145493257629523,0.0057102069950036,0.0071890726096333,0.0065123010130245,0.0184229918938836,0.0134428678117997,0.0143939393939394,,0.010344827586207,0.0104529616724737,0.0105633802816902,0.0124777183600712,0.0126353790613717,0.012797074954296,0.012962962962963,,-0.0032749304077288,-0.0032642402480822,-0.0032536196518626,0.0126853377265239,0.0128483230435507,0.0130155510480054,0.0131871895872581,,0.004159364437555,0.0041767370089351,0.0041942553103144,0.0042119211831033,0.0042297364998662,0.0042477031649836,0.0042658231153316,,-0.1048109965635739,-0.015228426395939,-0.1447178002894356,-0.1479654747225646,-0.0049079754601227,-0.0133171912832928,0.0036452004860265,,-0.075195822454308,0.0086910718988675,-0.0150453955901426,-0.0530582166543848,0.0142002989536622,-0.0323047251687559,0.0480040424456795,,0.009443054288176,0.0129062805723385,0.0151915983256831,0.0050701671498132,-0.0017261512496183,0.0092429095970689,0.0148699891242547,,6.2,6.1,5.2,5.3,4.9,4.7,3.8,,7,0,0
1992-04-01,101.5,-0.0080140734949177,0.001399580125962,0.0050675675675675,-0.029751112576232,0.0041250492710727,-0.0744416873449131,0.0498695445920305,0.0169195779039845,6.3,0.0030389177531613,0.0159346678617668,-0.0080023710729104,0.0014841199168893,0.0053715308863024,-0.013154019829194,-0.0052729225661555,0.0029380080305552,-0.0003497726477788,0.0145493257629523,0.0057102069950036,0.0071890726096333,0.0065123010130245,0.0184229918938836,0.0134428678117997,0.0143939393939394,0.0102389078498292,0.010344827586207,0.0104529616724737,0.0105633802816902,0.0124777183600712,0.0126353790613717,0.012797074954296,0.012962962962963,-0.0032856908164942,-0.0032749304077288,-0.0032642402480822,-0.0032536196518626,0.0126853377265239,0.0128483230435507,0.0130155510480054,0.0131871895872581,0.0041421357852742,0.004159364437555,0.0041767370089351,0.0041942553103144,0.0042119211831033,0.0042297364998662,0.0042477031649836,0.0042658231153316,-0.2264875239923224,-0.1048109965635739,-0.015228426395939,-0.1447178002894356,-0.1479654747225646,-0.0049079754601227,-0.0133171912832928,0.0036452004860265,-0.0477696216826654,-0.075195822454308,0.0086910718988675,-0.0150453955901426,-0.0530582166543848,0.0142002989536622,-0.0323047251687559,0.0480040424456795,0.0157333180089838,0.009443054288176,0.0129062805723385,0.0151915983256831,0.0050701671498132,-0.0017261512496183,0.0092429095970689,0.0148699891242547,6.6,6.2,6.1,5.2,5.3,4.9,4.7,3.8,8,0,0
1992-07-01,102.32,0.0080788177339901,0.0118798043326346,0.0050420168067226,-0.0306633823154676,0.0041081031431962,-0.1286863270777479,-0.0818412877718157,0.0148171088942679,7.0,-0.0080140734949177,0.0030389177531613,0.0159346678617668,-0.0080023710729104,0.0014841199168893,0.0053715308863024,-0.013154019829194,-0.0052729225661555,0.001399580125962,-0.0003497726477788,0.0145493257629523,0.0057102069950036,0.0071890726096333,0.0065123010130245,0.0184229918938836,0.0134428678117997,0.0050675675675675,0.0102389078498292,0.010344827586207,0.0104529616724737,0.0105633802816902,0.0124777183600712,0.0126353790613717,0.012797074954296,-0.029751112576232,-0.0032856908164942,-0.0032749304077288,-0.0032642402480822,-0.0032536196518626,0.0126853377265239,0.0128483230435507,0.0130155510480054,0.0041250492710727,0.0041421357852742,0.004159364437555,0.0041767370089351,0.0041942553103144,0.0042119211831033,0.0042297364998662,0.0042477031649836,-0.0744416873449131,-0.2264875239923224,-0.1048109965635739,-0.015228426395939,-0.1447178002894356,-0.1479654747225646,-0.0049079754601227,-0.0133171912832928,0.0498695445920305,-0.0477696216826654,-0.075195822454308,0.0086910718988675,-0.0150453955901426,-0.0530582166543848,0.0142002989536622,-0.0323047251687559,0.0169195779039845,0.0157333180089838,0.009443054288176,0.0129062805723385,0.0151915983256831,0.0050701671498132,-0.0017261512496183,0.0092429095970689,6.3,6.6,6.2,6.1,5.2,5.3,4.9,4.7,9,0,0
1992-10-01,102.43,0.0010750586395622,0.0113950276243093,0.0050167224080268,-0.0316333683841569,0.0040912956785592,-0.0461538461538461,-0.0049212598425197,0.017385144094218,6.6,0.0080788177339901,-0.0080140734949177,0.0030389177531613,0.0159346678617668,-0.0080023710729104,0.0014841199168893,0.0053715308863024,-0.013154019829194,0.0118798043326346,0.001399580125962,-0.0003497726477788,0.0145493257629523,0.0057102069950036,0.0071890726096333,0.0065123010130245,0.0184229918938836,0.0050420168067226,0.0050675675675675,0.0102389078498292,0.010344827586207,0.0104529616724737,0.0105633802816902,0.0124777183600712,0.0126353790613717,-0.0306633823154676,-0.029751112576232,-0.0032856908164942,-0.0032749304077288,-0.0032642402480822,-0.0032536196518626,0.0126853377265239,0.0128483230435507,0.0041081031431962,0.0041250492710727,0.0041421357852742,0.004159364437555,0.0041767370089351,0.0041942553103144,0.0042119211831033,0.0042297364998662,-0.1286863270777479,-0.0744416873449131,-0.2264875239923224,-0.1048109965635739,-0.015228426395939,-0.1447178002894356,-0.1479654747225646,-0.0049079754601227,-0.0818412877718157,0.0498695445920305,-0.0477696216826654,-0.075195822454308,0.0086910718988675,-0.0150453955901426,-0.0530582166543848,0.0142002989536622,0.0148171088942679,0.0169195779039845,0.0157333180089838,0.009443054288176,0.0129062805723385,0.0151915983256831,0.0050701671498132,-0.0017261512496183,7.0,6.3,6.6,6.2,6.1,5.2,5.3,4.9,10,0,0
1993-01-01,102.2,-0.002245435907449,0.00921816319563,0.0049916805324459,-0.0326667269930323,0.0040746251821599,-0.0258064516129032,-0.0118076162215627,0.0072829568541386,6.8,0.0010750586395622,0.0080788177339901,-0.0080140734949177,0.0030389177531613,0.0159346678617668,-0.0080023710729104,0.0014841199168893,0.0053715308863024,0.0113950276243093,0.0118798043326346,0.001399580125962,-0.0003497726477788,0.0145493257629523,0.0057102069950036,0.0071890726096333,0.0065123010130245,0.0050167224080268,0.0050420168067226,0.0050675675675675,0.0102389078498292,0.010344827586207,0.0104529616724737,0.0105633802816902,0.0124777183600712,-0.0316333683841569,-0.0306633823154676,-0.029751112576232,-0.0032856908164942,-0.0032749304077288,-0.0032642402480822,-0.0032536196518626,0.0126853377265239,0.0040912956785592,0.0041081031431962,0.0041250492710727,0.0041421357852742,0.004159364437555,0.0041767370089351,0.0041942553103144,0.0042119211831033,-0.0461538461538461,-0.1286863270777479,-0.0744416873449131,-0.2264875239923224,-0.1048109965635739,-0.015228426395939,-0.1447178002894356,-0.1479654747225646,-0.0049212598425197,-0.0818412877718157,0.0498695445920305,-0.0477696216826654,-0.075195822454308,0.0086910718988675,-0.0150453955901426,-0.0530582166543848,0.017385144094218,0.0148171088942679,0.0169195779039845,0.0157333180089838,0.009443054288176,0.0129062805723385,0.0151915983256831,0.0050701671498132,6.6,7.0,6.3,6.6,6.2,6.1,5.2,5.3,11,0,0
1993-04-01,102.4,0.0019569471624265,0.007104194857916,-0.0099337748344371,0.0198316183348923,0.0040580899865092,-0.0198675496688741,-0.0651235533312482,0.0118107562584155,6.1,-0.002245435907449,0.0010750586395622,0.0080788177339901,-0.0080140734949177,0.0030389177531613,0.0159346678617668,-0.0080023710729104,0.0014841199168893,0.00921816319563,0.0113950276243093,0.0118798043326346,0.001399580125962,-0.0003497726477788,0.0145493257629523,0.0057102069950036,0.0071890726096333,0.0049916805324459,0.0050167224080268,0.0050420168067226,0.0050675675675675,0.0102389078498292,0.010344827586207,0.0104529616724737,0.0105633802816902,-0.0326667269930323,-0.0316333683841569,-0.0306633823154676,-0.029751112576232,-0.0032856908164942,-0.0032749304077288,-0.0032642402480822,-0.0032536196518626,0.0040746251821599,0.0040912956785592,0.0041081031431962,0.0041250492710727,0.0041421357852742,0.004159364437555,0.0041767370089351,0.0041942553103144,-0.0258064516129032,-0.0461538461538461,-0.1286863270777479,-0.0744416873449131,-0.2264875239923224,-0.1048109965635739,-0.015228426395939,-0.1447178002894356,-0.0118076162215627,-0.0049212598425197,-0.0818412877718157,0.0498695445920305,-0.0477696216826654,-0.075195822454308,0.0086910718988675,-0.0150453955901426,0.0072829568541386,0.017385144094218,0.0148171088942679,0.0169195779039845,0.0157333180089838,0.009443054288176,0.0129062805723385,0.0151915983256831,6.8,6.6,7.0,6.3,6.6,6.2,6.1,5.2,12,0,0
1993-07-01,102.42,0.0001953125,0.0023513604299629,-0.0100334448160533,0.0194459732159237,0.0040416884510774,0.0337837837837837,-0.0355995717344751,0.0107445521247877,6.8,0.0019569471624265,-0.002245435907449,0.0010750586395622,0.0080788177339901,-0.0080140734949177,0.0030389177531613,0.0159346678617668,-0.0080023710729104,0.007104194857916,0.00921816319563,0.0113950276243093,0.0118798043326346,0.001399580125962,-0.0003497726477788,0.0145493257629523,0.0057102069950036,-0.0099337748344371,0.0049916805324459,0.0050167224080268,0.0050420168067226,0.0050675675675675,0.0102389078498292,0.010344827586207,0.0104529616724737,0.0198316183348923,-0.0326667269930323,-0.0316333683841569,-0.0306633823154676,-0.029751112576232,-0.0032856908164942,-0.0032749304077288,-0.0032642402480822,0.0040580899865092,0.0040746251821599,0.0040912956785592,0.0041081031431962,0.0041250492710727,0.0041421357852742,0.004159364437555,0.0041767370089351,-0.0198675496688741,-0.0258064516129032,-0.0461538461538461,-0.1286863270777479,-0.0744416873449131,-0.2264875239923224,-0.1048109965635739,-0.015228426395939,-0.0651235533312482,-0.0118076162215627,-0.0049212598425197,-0.0818412877718157,0.0498695445920305,-0.0477696216826654,-0.075195822454308,0.0086910718988675,0.0118107562584155,0.0072829568541386,0.017385144094218,0.0148171088942679,0.0169195779039845,0.0157333180089838,0.009443054288176,0.0129062805723385,6.1,6.8,6.6,7.0,6.3,6.6,6.2,6.1,13,0,0
1993-10-01,102.96,0.0052724077328645,0.0073726541554961,-0.0101351351351351,0.0190750404894728,0.004025418961749,-0.0228758169934639,-0.0516236469608659,0.019127888036468,6.3,0.0001953125,0.0019569471624265,-0.002245435907449,0.0010750586395622,0.0080788177339901,-0.0080140734949177,0.0030389177531613,0.0159346678617668,0.0023513604299629,0.007104194857916,0.00921816319563,0.0113950276243093,0.0118798043326346,0.001399580125962,-0.0003497726477788,0.0145493257629523,-0.0100334448160533,-0.0099337748344371,0.0049916805324459,0.0050167224080268,0.0050420168067226,0.0050675675675675,0.0102389078498292,0.010344827586207,0.0194459732159237,0.0198316183348923,-0.0326667269930323,-0.0316333683841569,-0.0306633823154676,-0.029751112576232,-0.0032856908164942,-0.0032749304077288,0.0040416884510774,0.0040580899865092,0.0040746251821599,0.0040912956785592,0.0041081031431962,0.0041250492710727,0.0041421357852742,0.004159364437555,0.0337837837837837,-0.0198675496688741,-0.0258064516129032,-0.0461538461538461,-0.1286863270777479,-0.0744416873449131,-0.2264875239923224,-0.1048109965635739,-0.0355995717344751,-0.0651235533312482,-0.0118076162215627,-0.0049212598425197,-0.0818412877718157,0.0498695445920305,-0.0477696216826654,-0.075195822454308,0.0107445521247877,0.0118107562584155,0.0072829568541386,0.017385144094218,0.0148171088942679,0.0169195779039845,0.0157333180089838,0.009443054288176,6.8,6.1,6.8,6.6,7.0,6.3,6.6,6.2,14,0,0
1994-01-01,103.15,0.001845376845377,0.0039920159680637,-0.0102389078498293,0.018717993996115,0.0040092799302944,0.0200668896321067,0.0330699443956687,0.0145306254667625,6.3,0.0052724077328645,0.0001953125,0.0019569471624265,-0.002245435907449,0.0010750586395622,0.0080788177339901,-0.0080140734949177,0.0030389177531613,0.0073726541554961,0.0023513604299629,0.007104194857916,0.00921816319563,0.0113950276243093,0.0118798043326346,0.001399580125962,-0.0003497726477788,-0.0101351351351351,-0.0100334448160533,-0.0099337748344371,0.0049916805324459,0.0050167224080268,0.0050420168067226,0.0050675675675675,0.0102389078498292,0.0190750404894728,0.0194459732159237,0.0198316183348923,-0.0326667269930323,-0.0316333683841569,-0.0306633823154676,-0.029751112576232,-0.0032856908164942,0.004025418961749,0.0040416884510774,0.0040580899865092,0.0040746251821599,0.0040912956785592,0.0041081031431962,0.0041250492710727,0.0041421357852742,-0.0228758169934639,0.0337837837837837,-0.0198675496688741,-0.0258064516129032,-0.0461538461538461,-0.1286863270777479,-0.0744416873449131,-0.2264875239923224,-0.0516236469608659,-0.0355995717344751,-0.0651235533312482,-0.0118076162215627,-0.0049212598425197,-0.0818412877718157,0.0498695445920305,-0.0477696216826654,0.019127888036468,0.0107445521247877,0.0118107562584155,0.0072829568541386,0.017385144094218,0.0148171088942679,0.0169195779039845,0.0157333180089838,6.3,6.8,6.1,6.8,6.6,7.0,6.3,6.6,15,0,0
1994-04-01,102.23,-0.0089190499272904,0.0036447978793903,-0.0120689655172414,-0.00065002600104,0.0039932697938538,0.1672131147540985,0.1779036827195466,0.0184493283257809,5.6,0.001845376845377,0.0052724077328645,0.0001953125,0.0019569471624265,-0.002245435907449,0.0010750586395622,0.0080788177339901,-0.0080140734949177,0.0039920159680637,0.0073726541554961,0.0023513604299629,0.007104194857916,0.00921816319563,0.0113950276243093,0.0118798043326346,0.001399580125962,-0.0102389078498293,-0.0101351351351351,-0.0100334448160533,-0.0099337748344371,0.0049916805324459,0.0050167224080268,0.0050420168067226,0.0050675675675675,0.018717993996115,0.0190750404894728,0.0194459732159237,0.0198316183348923,-0.0326667269930323,-0.0316333683841569,-0.0306633823154676,-0.029751112576232,0.0040092799302944,0.004025418961749,0.0040416884510774,0.0040580899865092,0.0040746251821599,0.0040912956785592,0.0041081031431962,0.0041250492710727,0.0200668896321067,-0.0228758169934639,0.0337837837837837,-0.0198675496688741,-0.0258064516129032,-0.0461538461538461,-0.1286863270777479,-0.0744416873449131,0.0330699443956687,-0.0516236469608659,-0.0355995717344751,-0.0651235533312482,-0.0118076162215627,-0.0049212598425197,-0.0818412877718157,0.0498695445920305,0.0145306254667625,0.019127888036468,0.0107445521247877,0.0118107562584155,0.0072829568541386,0.017385144094218,0.0148171088942679,0.0169195779039845,6.3,6.3,6.8,6.1,6.8,6.6,7.0,6.3,16,0,0
1994-07-01,101.16,-0.0104665949329942,0.0023109937273029,-0.0122164048865618,-0.0006504488096786,0.0039773870144308,0.196629213483146,0.035834535834536,0.0116109840151645,6.0,-0.0089190499272904,0.001845376845377,0.0052724077328645,0.0001953125,0.0019569471624265,-0.002245435907449,0.0010750586395622,0.0080788177339901,0.0036447978793903,0.0039920159680637,0.0073726541554961,0.0023513604299629,0.007104194857916,0.00921816319563,0.0113950276243093,0.0118798043326346,-0.0120689655172414,-0.0102389078498293,-0.0101351351351351,-0.0100334448160533,-0.0099337748344371,0.0049916805324459,0.0050167224080268,0.0050420168067226,-0.00065002600104,0.018717993996115,0.0190750404894728,0.0194459732159237,0.0198316183348923,-0.0326667269930323,-0.0316333683841569,-0.0306633823154676,0.0039932697938538,0.0040092799302944,0.004025418961749,0.0040416884510774,0.0040580899865092,0.0040746251821599,0.0040912956785592,0.0041081031431962,0.1672131147540985,0.0200668896321067,-0.0228758169934639,0.0337837837837837,-0.0198675496688741,-0.0258064516129032,-0.0461538461538461,-0.1286863270777479,0.1779036827195466,0.0330699443956687,-0.0516236469608659,-0.0355995717344751,-0.0651235533312482,-0.0118076162215627,-0.0049212598425197,-0.0818412877718157,0.0184493283257809,0.0145306254667625,0.019127888036468,0.0107445521247877,0.0118107562584155,0.0072829568541386,0.017385144094218,0.0148171088942679,5.6,6.3,6.3,6.8,6.1,6.8,6.6,7.0,17,0,0
1994-10-01,100.28,-0.0086990905496243,0.0102108036890644,-0.0123674911660778,-0.000650872168706,0.0039616300784008,0.1173708920187792,0.0361040167169723,0.0169433541465611,5.8,-0.0104665949329942,-0.0089190499272904,0.001845376845377,0.0052724077328645,0.0001953125,0.0019569471624265,-0.002245435907449,0.0010750586395622,0.0023109937273029,0.0036447978793903,0.0039920159680637,0.0073726541554961,0.0023513604299629,0.007104194857916,0.00921816319563,0.0113950276243093,-0.0122164048865618,-0.0120689655172414,-0.0102389078498293,-0.0101351351351351,-0.0100334448160533,-0.0099337748344371,0.0049916805324459,0.0050167224080268,-0.0006504488096786,-0.00065002600104,0.018717993996115,0.0190750404894728,0.0194459732159237,0.0198316183348923,-0.0326667269930323,-0.0316333683841569,0.0039773870144308,0.0039932697938538,0.0040092799302944,0.004025418961749,0.0040416884510774,0.0040580899865092,0.0040746251821599,0.0040912956785592,0.196629213483146,0.1672131147540985,0.0200668896321067,-0.0228758169934639,0.0337837837837837,-0.0198675496688741,-0.0258064516129032,-0.0461538461538461,0.035834535834536,0.1779036827195466,0.0330699443956687,-0.0516236469608659,-0.0355995717344751,-0.0651235533312482,-0.0118076162215627,-0.0049212598425197,0.0116109840151645,0.0184493283257809,0.0145306254667625,0.019127888036468,0.0107445521247877,0.0118107562584155,0.0072829568541386,0.017385144094218,6.0,5.6,6.3,6.3,6.8,6.1,6.8,6.6,18,0,0
1995-01-01,100.0,-0.002792181890706,0.0029344636452559,-0.0125223613595706,-0.0006512960791975,0.0039459974960311,0.161764705882353,0.0249299719887954,0.0089870438271466,6.1,-0.0086990905496243,-0.0104665949329942,-0.0089190499272904,0.001845376845377,0.0052724077328645,0.0001953125,0.0019569471624265,-0.002245435907449,0.0102108036890644,0.0023109937273029,0.0036447978793903,0.0039920159680637,0.0073726541554961,0.0023513604299629,0.007104194857916,0.00921816319563,-0.0123674911660778,-0.0122164048865618,-0.0120689655172414,-0.0102389078498293,-0.0101351351351351,-0.0100334448160533,-0.0099337748344371,0.0049916805324459,-0.000650872168706,-0.0006504488096786,-0.00065002600104,0.018717993996115,0.0190750404894728,0.0194459732159237,0.0198316183348923,-0.0326667269930323,0.0039616300784008,0.0039773870144308,0.0039932697938538,0.0040092799302944,0.004025418961749,0.0040416884510774,0.0040580899865092,0.0040746251821599,0.1173708920187792,0.196629213483146,0.1672131147540985,0.0200668896321067,-0.0228758169934639,0.0337837837837837,-0.0198675496688741,-0.0258064516129032,0.0361040167169723,0.035834535834536,0.1779036827195466,0.0330699443956687,-0.0516236469608659,-0.0355995717344751,-0.0651235533312482,-0.0118076162215627,0.0169433541465611,0.0116109840151645,0.0184493283257809,0.0145306254667625,0.019127888036468,0.0107445521247877,0.0118107562584155,0.0072829568541386,5.8,6.0,5.6,6.3,6.3,6.8,6.1,6.8,19,0,0
1995-04-01,100.89,0.0088999999999999,0.0071521456436931,-0.0018115942028985,0.0032151546750087,0.0039304878010104,0.0940325497287521,-0.0904618748291883,0.0078045392831889,5.9,-0.002792181890706,-0.0086990905496243,-0.0104665949329942,-0.0089190499272904,0.001845376845377,0.0052724077328645,0.0001953125,0.0019569471624265,0.0029344636452559,0.0102108036890644,0.0023109937273029,0.0036447978793903,0.0039920159680637,0.0073726541554961,0.0023513604299629,0.007104194857916,-0.0125223613595706,-0.0123674911660778,-0.0122164048865618,-0.0120689655172414,-0.0102389078498293,-0.0101351351351351,-0.0100334448160533,-0.0099337748344371,-0.0006512960791975,-0.000650872168706,-0.0006504488096786,-0.00065002600104,0.018717993996115,0.0190750404894728,0.0194459732159237,0.0198316183348923,0.0039459974960311,0.0039616300784008,0.0039773870144308,0.0039932697938538,0.0040092799302944,0.004025418961749,0.0040416884510774,0.0040580899865092,0.161764705882353,0.1173708920187792,0.196629213483146,0.1672131147540985,0.0200668896321067,-0.0228758169934639,0.0337837837837837,-0.0198675496688741,0.0249299719887954,0.0361040167169723,0.035834535834536,0.1779036827195466,0.0330699443956687,-0.0516236469608659,-0.0355995717344751,-0.0651235533312482,0.0089870438271466,0.0169433541465611,0.0116109840151645,0.0184493283257809,0.0145306254667625,0.019127888036468,0.0107445521247877,0.0118107562584155,6.1,5.8,6.0,5.6,6.3,6.3,6.8,6.1,20,0,0
1995-07-01,102.14,0.0123897313906233,0.0077469335054873,-0.0018148820326678,0.0032048505846686,0.0039150995499892,-0.0330578512396694,-0.0856370192307692,0.0134715790020758,6.5,0.0088999999999999,-0.002792181890706,-0.0086990905496243,-0.0104665949329942,-0.0089190499272904,0.001845376845377,0.0052724077328645,0.0001953125,0.0071521456436931,0.0029344636452559,0.0102108036890644,0.0023109937273029,0.0036447978793903,0.0039920159680637,0.0073726541554961,0.0023513604299629,-0.0018115942028985,-0.0125223613595706,-0.0123674911660778,-0.0122164048865618,-0.0120689655172414,-0.0102389078498293,-0.0101351351351351,-0.0100334448160533,0.0032151546750087,-0.0006512960791975,-0.000650872168706,-0.0006504488096786,-0.00065002600104,0.018717993996115,0.0190750404894728,0.0194459732159237,0.0039304878010104,0.0039459974960311,0.0039616300784008,0.0039773870144308,0.0039932697938538,0.0040092799302944,0.004025418961749,0.0040416884510774,0.0940325497287521,0.161764705882353,0.1173708920187792,0.196629213483146,0.1672131147540985,0.0200668896321067,-0.0228758169934639,0.0337837837837837,-0.0904618748291883,0.0249299719887954,0.0361040167169723,0.035834535834536,0.1779036827195466,0.0330699443956687,-0.0516236469608659,-0.0355995717344751,0.0078045392831889,0.0089870438271466,0.0169433541465611,0.0116109840151645,0.0184493283257809,0.0145306254667625,0.019127888036468,0.0107445521247877,5.9,6.1,5.8,6.0,5.6,6.3,6.3,6.8,21,0,0
1995-10-01,102.87,0.0071470530644213,-0.0025624599615631,-0.0018181818181818,0.0031946123294768,0.0038998313221352,-0.0153846153846153,-0.0174170226749917,0.0116438298218499,6.0,0.0123897313906233,0.0088999999999999,-0.002792181890706,-0.0086990905496243,-0.0104665949329942,-0.0089190499272904,0.001845376845377,0.0052724077328645,0.0077469335054873,0.0071521456436931,0.0029344636452559,0.0102108036890644,0.0023109937273029,0.0036447978793903,0.0039920159680637,0.0073726541554961,-0.0018148820326678,-0.0018115942028985,-0.0125223613595706,-0.0123674911660778,-0.0122164048865618,-0.0120689655172414,-0.0102389078498293,-0.0101351351351351,0.0032048505846686,0.0032151546750087,-0.0006512960791975,-0.000650872168706,-0.0006504488096786,-0.00065002600104,0.018717993996115,0.0190750404894728,0.0039150995499892,0.0039304878010104,0.0039459974960311,0.0039616300784008,0.0039773870144308,0.0039932697938538,0.0040092799302944,0.004025418961749,-0.0330578512396694,0.0940325497287521,0.161764705882353,0.1173708920187792,0.196629213483146,0.1672131147540985,0.0200668896321067,-0.0228758169934639,-0.0856370192307692,-0.0904618748291883,0.0249299719887954,0.0361040167169723,0.035834535834536,0.1779036827195466,0.0330699443956687,-0.0516236469608659,0.0134715790020758,0.0078045392831889,0.0089870438271466,0.0169433541465611,0.0116109840151645,0.0184493283257809,0.0145306254667625,0.019127888036468,6.5,5.9,6.1,5.8,6.0,5.6,6.3,6.3,22,0,0
1996-01-01,104.04,0.0113735783027122,0.0070648683365448,-0.0018214936247723,0.0031844392804889,0.0038846817186919,-0.0347222222222222,-0.0595317725752508,0.0123359201171913,5.9,0.0071470530644213,0.0123897313906233,0.0088999999999999,-0.002792181890706,-0.0086990905496243,-0.0104665949329942,-0.0089190499272904,0.001845376845377,-0.0025624599615631,0.0077469335054873,0.0071521456436931,0.0029344636452559,0.0102108036890644,0.0023109937273029,0.0036447978793903,0.0039920159680637,-0.0018181818181818,-0.0018148820326678,-0.0018115942028985,-0.0125223613595706,-0.0123674911660778,-0.0122164048865618,-0.0120689655172414,-0.0102389078498293,0.0031946123294768,0.0032048505846686,0.0032151546750087,-0.0006512960791975,-0.000650872168706,-0.0006504488096786,-0.00065002600104,0.018717993996115,0.0038998313221352,0.0039150995499892,0.0039304878010104,0.0039459974960311,0.0039616300784008,0.0039773870144308,0.0039932697938538,0.0040092799302944,-0.0153846153846153,-0.0330578512396694,0.0940325497287521,0.161764705882353,0.1173708920187792,0.196629213483146,0.1672131147540985,0.0200668896321067,-0.0174170226749917,-0.0856370192307692,-0.0904618748291883,0.0249299719887954,0.0361040167169723,0.035834535834536,0.1779036827195466,0.0330699443956687,0.0116438298218499,0.0134715790020758,0.0078045392831889,0.0089870438271466,0.0169433541465611,0.0116109840151645,0.0184493283257809,0.0145306254667625,6.0,6.5,5.9,6.1,5.8,6.0,5.6,6.3,23,0,0
1996-04-01,102.69,-0.0129757785467128,0.0121173469387754,-0.0072992700729926,-0.0060483870967742,0.0038696493625556,-0.0611510791366906,0.1273115220483642,0.0208899623154088,5.8,0.0113735783027122,0.0071470530644213,0.0123897313906233,0.0088999999999999,-0.002792181890706,-0.0086990905496243,-0.0104665949329942,-0.0089190499272904,0.0070648683365448,-0.0025624599615631,0.0077469335054873,0.0071521456436931,0.0029344636452559,0.0102108036890644,0.0023109937273029,0.0036447978793903,-0.0018214936247723,-0.0018181818181818,-0.0018148820326678,-0.0018115942028985,-0.0125223613595706,-0.0123674911660778,-0.0122164048865618,-0.0120689655172414,0.0031844392804889,0.0031946123294768,0.0032048505846686,0.0032151546750087,-0.0006512960791975,-0.000650872168706,-0.0006504488096786,-0.00065002600104,0.0038846817186919,0.0038998313221352,0.0039150995499892,0.0039304878010104,0.0039459974960311,0.0039616300784008,0.0039773870144308,0.0039932697938538,-0.0347222222222222,-0.0153846153846153,-0.0330578512396694,0.0940325497287521,0.161764705882353,0.1173708920187792,0.196629213483146,0.1672131147540985,-0.0595317725752508,-0.0174170226749917,-0.0856370192307692,-0.0904618748291883,0.0249299719887954,0.0361040167169723,0.035834535834536,0.1779036827195466,0.0123359201171913,0.0116438298218499,0.0134715790020758,0.0078045392831889,0.0089870438271466,0.0169433541465611,0.0116109840151645,0.0184493283257809,5.9,6.0,6.5,5.9,6.1,5.8,6.0,5.6,24,0,0
1996-07-01,101.68,-0.009835427013341,0.0088216761184625,-0.0073529411764705,-0.0060851926977687,0.0038547328978544,0.0344827586206897,0.0403785488958989,0.0122706290676772,6.4,-0.0129757785467128,0.0113735783027122,0.0071470530644213,0.0123897313906233,0.0088999999999999,-0.002792181890706,-0.0086990905496243,-0.0104665949329942,0.0121173469387754,0.0070648683365448,-0.0025624599615631,0.0077469335054873,0.0071521456436931,0.0029344636452559,0.0102108036890644,0.0023109937273029,-0.0072992700729926,-0.0018214936247723,-0.0018181818181818,-0.0018148820326678,-0.0018115942028985,-0.0125223613595706,-0.0123674911660778,-0.0122164048865618,-0.0060483870967742,0.0031844392804889,0.0031946123294768,0.0032048505846686,0.0032151546750087,-0.0006512960791975,-0.000650872168706,-0.0006504488096786,0.0038696493625556,0.0038846817186919,0.0038998313221352,0.0039150995499892,0.0039304878010104,0.0039459974960311,0.0039616300784008,0.0039773870144308,-0.0611510791366906,-0.0347222222222222,-0.0153846153846153,-0.0330578512396694,0.0940325497287521,0.161764705882353,0.1173708920187792,0.196629213483146,0.1273115220483642,-0.0595317725752508,-0.0174170226749917,-0.0856370192307692,-0.0904618748291883,0.0249299719887954,0.0361040167169723,0.035834535834536,0.0208899623154088,0.0123359201171913,0.0116438298218499,0.0134715790020758,0.0078045392831889,0.0089870438271466,0.0169433541465611,0.0116109840151645,5.8,5.9,6.0,6.5,5.9,6.1,5.8,6.0,25,0,0
1996-10-01,102.37,0.0067859952793076,0.0056214865708932,-0.0074074074074074,-0.0061224489795917,0.0038399309895436,-0.0296296296296296,-0.0400242571255307,0.0157860729654693,5.9,-0.009835427013341,-0.0129757785467128,0.0113735783027122,0.0071470530644213,0.0123897313906233,0.0088999999999999,-0.002792181890706,-0.0086990905496243,0.0088216761184625,0.0121173469387754,0.0070648683365448,-0.0025624599615631,0.0077469335054873,0.0071521456436931,0.0029344636452559,0.0102108036890644,-0.0073529411764705,-0.0072992700729926,-0.0018214936247723,-0.0018181818181818,-0.0018148820326678,-0.0018115942028985,-0.0125223613595706,-0.0123674911660778,-0.0060851926977687,-0.0060483870967742,0.0031844392804889,0.0031946123294768,0.0032048505846686,0.0032151546750087,-0.0006512960791975,-0.000650872168706,0.0038547328978544,0.0038696493625556,0.0038846817186919,0.0038998313221352,0.0039150995499892,0.0039304878010104,0.0039459974960311,0.0039616300784008,0.0344827586206897,-0.0611510791366906,-0.0347222222222222,-0.0153846153846153,-0.0330578512396694,0.0940325497287521,0.161764705882353,0.1173708920187792,0.0403785488958989,0.1273115220483642,-0.0595317725752508,-0.0174170226749917,-0.0856370192307692,-0.0904618748291883,0.0249299719887954,0.0361040167169723,0.0122706290676772,0.0208899623154088,0.0123359201171913,0.0116438298218499,0.0134715790020758,0.0078045392831889,0.0089870438271466,0.0169433541465611,6.4,5.8,5.9,6.0,6.5,5.9,6.1,5.8,26,0,0
1997-01-01,102.79,0.0041027644817817,0.0037267080745342,-0.0074626865671642,-0.0061601642710472,0.0038252423230049,0.0019083969465647,-0.0114971572962728,0.0124560354034028,6.0,0.0067859952793076,-0.009835427013341,-0.0129757785467128,0.0113735783027122,0.0071470530644213,0.0123897313906233,0.0088999999999999,-0.002792181890706,0.0056214865708932,0.0088216761184625,0.0121173469387754,0.0070648683365448,-0.0025624599615631,0.0077469335054873,0.0071521456436931,0.0029344636452559,-0.0074074074074074,-0.0073529411764705,-0.0072992700729926,-0.0018214936247723,-0.0018181818181818,-0.0018148820326678,-0.0018115942028985,-0.0125223613595706,-0.0061224489795917,-0.0060851926977687,-0.0060483870967742,0.0031844392804889,0.0031946123294768,0.0032048505846686,0.0032151546750087,-0.0006512960791975,0.0038399309895436,0.0038547328978544,0.0038696493625556,0.0038846817186919,0.0038998313221352,0.0039150995499892,0.0039304878010104,0.0039459974960311,-0.0296296296296296,0.0344827586206897,-0.0611510791366906,-0.0347222222222222,-0.0153846153846153,-0.0330578512396694,0.0940325497287521,0.161764705882353,-0.0400242571255307,0.0403785488958989,0.1273115220483642,-0.0595317725752508,-0.0174170226749917,-0.0856370192307692,-0.0904618748291883,0.0249299719887954,0.0157860729654693,0.0122706290676772,0.0208899623154088,0.0123359201171913,0.0116438298218499,0.0134715790020758,0.0078045392831889,0.0089870438271466,5.9,6.4,5.8,5.9,6.0,6.5,5.9,6.1,27,0,0
1997-04-01,102.37,-0.0040860005837143,0.0024752475247524,-0.0112781954887217,0.008791981712678,0.0038106656036591,0.0495238095238095,0.0407080777096113,0.018674691231433,5.5,0.0041027644817817,0.0067859952793076,-0.009835427013341,-0.0129757785467128,0.0113735783027122,0.0071470530644213,0.0123897313906233,0.0088999999999999,0.0037267080745342,0.0056214865708932,0.0088216761184625,0.0121173469387754,0.0070648683365448,-0.0025624599615631,0.0077469335054873,0.0071521456436931,-0.0074626865671642,-0.0074074074074074,-0.0073529411764705,-0.0072992700729926,-0.0018214936247723,-0.0018181818181818,-0.0018148820326678,-0.0018115942028985,-0.0061601642710472,-0.0061224489795917,-0.0060851926977687,-0.0060483870967742,0.0031844392804889,0.0031946123294768,0.0032048505846686,0.0032151546750087,0.0038252423230049,0.0038399309895436,0.0038547328978544,0.0038696493625556,0.0038846817186919,0.0038998313221352,0.0039150995499892,0.0039304878010104,0.0019083969465647,-0.0296296296296296,0.0344827586206897,-0.0611510791366906,-0.0347222222222222,-0.0153846153846153,-0.0330578512396694,0.0940325497287521,-0.0114971572962728,-0.0400242571255307,0.0403785488958989,0.1273115220483642,-0.0595317725752508,-0.0174170226749917,-0.0856370192307692,-0.0904618748291883,0.0124560354034028,0.0157860729654693,0.0122706290676772,0.0208899623154088,0.0123359201171913,0.0116438298218499,0.0134715790020758,0.0078045392831889,6.0,5.9,6.4,5.8,5.9,6.0,6.5,5.9,28,0,0
1997-07-01,103.33,0.0093777473869296,0.0055555555555555,-0.0114068441064638,0.008715356458079,0.003796199556584,0.0018148820326677,-0.079214000614062,0.0169035048847698,6.1,-0.0040860005837143,0.0041027644817817,0.0067859952793076,-0.009835427013341,-0.0129757785467128,0.0113735783027122,0.0071470530644213,0.0123897313906233,0.0024752475247524,0.0037267080745342,0.0056214865708932,0.0088216761184625,0.0121173469387754,0.0070648683365448,-0.0025624599615631,0.0077469335054873,-0.0112781954887217,-0.0074626865671642,-0.0074074074074074,-0.0073529411764705,-0.0072992700729926,-0.0018214936247723,-0.0018181818181818,-0.0018148820326678,0.008791981712678,-0.0061601642710472,-0.0061224489795917,-0.0060851926977687,-0.0060483870967742,0.0031844392804889,0.0031946123294768,0.0032048505846686,0.0038106656036591,0.0038252423230049,0.0038399309895436,0.0038547328978544,0.0038696493625556,0.0038846817186919,0.0038998313221352,0.0039150995499892,0.0495238095238095,0.0019083969465647,-0.0296296296296296,0.0344827586206897,-0.0611510791366906,-0.0347222222222222,-0.0153846153846153,-0.0330578512396694,0.0407080777096113,-0.0114971572962728,-0.0400242571255307,0.0403785488958989,0.1273115220483642,-0.0595317725752508,-0.0174170226749917,-0.0856370192307692,0.018674691231433,0.0124560354034028,0.0157860729654693,0.0122706290676772,0.0208899623154088,0.0123359201171913,0.0116438298218499,0.0134715790020758,5.5,6.0,5.9,6.4,5.8,5.9,6.0,6.5,29,0,0
1997-10-01,104.11,0.007548630600987,-0.0012277470841007,-0.0115384615384616,0.0086400552963539,0.0037818429261446,-0.003623188405797,-0.0271423807935978,0.0118995851583252,6.0,0.0093777473869296,-0.0040860005837143,0.0041027644817817,0.0067859952793076,-0.009835427013341,-0.0129757785467128,0.0113735783027122,0.0071470530644213,0.0055555555555555,0.0024752475247524,0.0037267080745342,0.0056214865708932,0.0088216761184625,0.0121173469387754,0.0070648683365448,-0.0025624599615631,-0.0114068441064638,-0.0112781954887217,-0.0074626865671642,-0.0074074074074074,-0.0073529411764705,-0.0072992700729926,-0.0018214936247723,-0.0018181818181818,0.008715356458079,0.008791981712678,-0.0061601642710472,-0.0061224489795917,-0.0060851926977687,-0.0060483870967742,0.0031844392804889,0.0031946123294768,0.003796199556584,0.0038106656036591,0.0038252423230049,0.0038399309895436,0.0038547328978544,0.0038696493625556,0.0038846817186919,0.0038998313221352,0.0018148820326677,0.0495238095238095,0.0019083969465647,-0.0296296296296296,0.0344827586206897,-0.0611510791366906,-0.0347222222222222,-0.0153846153846153,-0.079214000614062,0.0407080777096113,-0.0114971572962728,-0.0400242571255307,0.0403785488958989,0.1273115220483642,-0.0595317725752508,-0.0174170226749917,0.0169035048847698,0.018674691231433,0.0124560354034028,0.0157860729654693,0.0122706290676772,0.0208899623154088,0.0123359201171913,0.0116438298218499,6.1,5.5,6.0,5.9,6.4,5.8,5.9,6.0,30,0,0
1998-01-01,105.59,0.0142157333589472,-0.0012292562999384,-0.0116731517509728,0.0085660442007879,0.0037675944756287,0.0109090909090907,-0.0411296956402522,0.011473199521738,6.1,0.007548630600987,0.0093777473869296,-0.0040860005837143,0.0041027644817817,0.0067859952793076,-0.009835427013341,-0.0129757785467128,0.0113735783027122,-0.0012277470841007,0.0055555555555555,0.0024752475247524,0.0037267080745342,0.0056214865708932,0.0088216761184625,0.0121173469387754,0.0070648683365448,-0.0115384615384616,-0.0114068441064638,-0.0112781954887217,-0.0074626865671642,-0.0074074074074074,-0.0073529411764705,-0.0072992700729926,-0.0018214936247723,0.0086400552963539,0.008715356458079,0.008791981712678,-0.0061601642710472,-0.0061224489795917,-0.0060851926977687,-0.0060483870967742,0.0031844392804889,0.0037818429261446,0.003796199556584,0.0038106656036591,0.0038252423230049,0.0038399309895436,0.0038547328978544,0.0038696493625556,0.0038846817186919,-0.003623188405797,0.0018148820326677,0.0495238095238095,0.0019083969465647,-0.0296296296296296,0.0344827586206897,-0.0611510791366906,-0.0347222222222222,-0.0271423807935978,-0.079214000614062,0.0407080777096113,-0.0114971572962728,-0.0400242571255307,0.0403785488958989,0.1273115220483642,-0.0595317725752508,0.0118995851583252,0.0169035048847698,0.018674691231433,0.0124560354034028,0.0157860729654693,0.0122706290676772,0.0208899623154088,0.0123359201171913,6.0,6.1,5.5,6.0,5.9,6.4,5.8,5.9,31,0,0
1998-04-01,105.73,0.0013258831328724,0.0064615384615385,-0.0157480314960629,0.0332936979785969,0.0037534529868905,-0.0197841726618703,0.0208750357449243,0.011641485685413,5.2,0.0142157333589472,0.007548630600987,0.0093777473869296,-0.0040860005837143,0.0041027644817817,0.0067859952793076,-0.009835427013341,-0.0129757785467128,-0.0012292562999384,-0.0012277470841007,0.0055555555555555,0.0024752475247524,0.0037267080745342,0.0056214865708932,0.0088216761184625,0.0121173469387754,-0.0116731517509728,-0.0115384615384616,-0.0114068441064638,-0.0112781954887217,-0.0074626865671642,-0.0074074074074074,-0.0073529411764705,-0.0072992700729926,0.0085660442007879,0.0086400552963539,0.008715356458079,0.008791981712678,-0.0061601642710472,-0.0061224489795917,-0.0060851926977687,-0.0060483870967742,0.0037675944756287,0.0037818429261446,0.003796199556584,0.0038106656036591,0.0038252423230049,0.0038399309895436,0.0038547328978544,0.0038696493625556,0.0109090909090907,-0.003623188405797,0.0018148820326677,0.0495238095238095,0.0019083969465647,-0.0296296296296296,0.0344827586206897,-0.0611510791366906,-0.0411296956402522,-0.0271423807935978,-0.079214000614062,0.0407080777096113,-0.0114971572962728,-0.0400242571255307,0.0403785488958989,0.1273115220483642,0.011473199521738,0.0118995851583252,0.0169035048847698,0.018674691231433,0.0124560354034028,0.0157860729654693,0.0122706290676772,0.0208899623154088,6.1,6.0,6.1,5.5,6.0,5.9,6.4,5.8,32,0,0
1998-07-01,106.28,0.0052019294429206,0.0082543564659125,-0.0159999999999999,0.0322209436133487,0.0037394172600067,0.0165137614678898,-0.0263305322128852,0.0168788272605355,5.7,0.0013258831328724,0.0142157333589472,0.007548630600987,0.0093777473869296,-0.0040860005837143,0.0041027644817817,0.0067859952793076,-0.009835427013341,0.0064615384615385,-0.0012292562999384,-0.0012277470841007,0.0055555555555555,0.0024752475247524,0.0037267080745342,0.0056214865708932,0.0088216761184625,-0.0157480314960629,-0.0116731517509728,-0.0115384615384616,-0.0114068441064638,-0.0112781954887217,-0.0074626865671642,-0.0074074074074074,-0.0073529411764705,0.0332936979785969,0.0085660442007879,0.0086400552963539,0.008715356458079,0.008791981712678,-0.0061601642710472,-0.0061224489795917,-0.0060851926977687,0.0037534529868905,0.0037675944756287,0.0037818429261446,0.003796199556584,0.0038106656036591,0.0038252423230049,0.0038399309895436,0.0038547328978544,-0.0197841726618703,0.0109090909090907,-0.003623188405797,0.0018148820326677,0.0495238095238095,0.0019083969465647,-0.0296296296296296,0.0344827586206897,0.0208750357449243,-0.0411296956402522,-0.0271423807935978,-0.079214000614062,0.0407080777096113,-0.0114971572962728,-0.0400242571255307,0.0403785488958989,0.011641485685413,0.011473199521738,0.0118995851583252,0.0169035048847698,0.018674691231433,0.0124560354034028,0.0157860729654693,0.0122706290676772,5.2,6.1,6.0,6.1,5.5,6.0,5.9,6.4,33,0,0
1998-10-01,107.46,0.0111027474595408,-0.0003032140691329,-0.0162601626016261,0.0312151616499443,0.0037254861129343,-0.0848375451263537,-0.0348101265822785,0.0189553953871997,5.3,0.0052019294429206,0.0013258831328724,0.0142157333589472,0.007548630600987,0.0093777473869296,-0.0040860005837143,0.0041027644817817,0.0067859952793076,0.0082543564659125,0.0064615384615385,-0.0012292562999384,-0.0012277470841007,0.0055555555555555,0.0024752475247524,0.0037267080745342,0.0056214865708932,-0.0159999999999999,-0.0157480314960629,-0.0116731517509728,-0.0115384615384616,-0.0114068441064638,-0.0112781954887217,-0.0074626865671642,-0.0074074074074074,0.0322209436133487,0.0332936979785969,0.0085660442007879,0.0086400552963539,0.008715356458079,0.008791981712678,-0.0061601642710472,-0.0061224489795917,0.0037394172600067,0.0037534529868905,0.0037675944756287,0.0037818429261446,0.003796199556584,0.0038106656036591,0.0038252423230049,0.0038399309895436,0.0165137614678898,-0.0197841726618703,0.0109090909090907,-0.003623188405797,0.0018148820326677,0.0495238095238095,0.0019083969465647,-0.0296296296296296,-0.0263305322128852,0.0208750357449243,-0.0411296956402522,-0.0271423807935978,-0.079214000614062,0.0407080777096113,-0.0114971572962728,-0.0400242571255307,0.0168788272605355,0.011641485685413,0.011473199521738,0.0118995851583252,0.0169035048847698,0.018674691231433,0.0124560354034028,0.0157860729654693,5.7,5.2,6.1,6.0,6.1,5.5,6.0,5.9,34,0,0
1999-01-01,108.69,0.0114461194863204,0.0033363663936913,-0.0165289256198346,0.0302702702702701,0.0037116583811791,-0.086785009861933,0.011177347242921,0.0126631282513616,4.9,0.0111027474595408,0.0052019294429206,0.0013258831328724,0.0142157333589472,0.007548630600987,0.0093777473869296,-0.0040860005837143,0.0041027644817817,-0.0003032140691329,0.0082543564659125,0.0064615384615385,-0.0012292562999384,-0.0012277470841007,0.0055555555555555,0.0024752475247524,0.0037267080745342,-0.0162601626016261,-0.0159999999999999,-0.0157480314960629,-0.0116731517509728,-0.0115384615384616,-0.0114068441064638,-0.0112781954887217,-0.0074626865671642,0.0312151616499443,0.0322209436133487,0.0332936979785969,0.0085660442007879,0.0086400552963539,0.008715356458079,0.008791981712678,-0.0061601642710472,0.0037254861129343,0.0037394172600067,0.0037534529868905,0.0037675944756287,0.0037818429261446,0.003796199556584,0.0038106656036591,0.0038252423230049,-0.0848375451263537,0.0165137614678898,-0.0197841726618703,0.0109090909090907,-0.003623188405797,0.0018148820326677,0.0495238095238095,0.0019083969465647,-0.0348101265822785,-0.0263305322128852,0.0208750357449243,-0.0411296956402522,-0.0271423807935978,-0.079214000614062,0.0407080777096113,-0.0114971572962728,0.0189553953871997,0.0168788272605355,0.011641485685413,0.011473199521738,0.0118995851583252,0.0169035048847698,0.018674691231433,0.0124560354034028,5.3,5.7,5.2,6.1,6.0,6.1,5.5,6.0,35,0,0
1999-04-01,109.52,0.0076363970926487,0.0063482466747277,-0.0126050420168067,0.007607555089192,0.0036979329174728,0.0237580993520518,0.0193072955047899,0.012168706932512,4.6,0.0114461194863204,0.0111027474595408,0.0052019294429206,0.0013258831328724,0.0142157333589472,0.007548630600987,0.0093777473869296,-0.0040860005837143,0.0033363663936913,-0.0003032140691329,0.0082543564659125,0.0064615384615385,-0.0012292562999384,-0.0012277470841007,0.0055555555555555,0.0024752475247524,-0.0165289256198346,-0.0162601626016261,-0.0159999999999999,-0.0157480314960629,-0.0116731517509728,-0.0115384615384616,-0.0114068441064638,-0.0112781954887217,0.0302702702702701,0.0312151616499443,0.0322209436133487,0.0332936979785969,0.0085660442007879,0.0086400552963539,0.008715356458079,0.008791981712678,0.0037116583811791,0.0037254861129343,0.0037394172600067,0.0037534529868905,0.0037675944756287,0.0037818429261446,0.003796199556584,0.0038106656036591,-0.086785009861933,-0.0848375451263537,0.0165137614678898,-0.0197841726618703,0.0109090909090907,-0.003623188405797,0.0018148820326677,0.0495238095238095,0.011177347242921,-0.0348101265822785,-0.0263305322128852,0.0208750357449243,-0.0411296956402522,-0.0271423807935978,-0.079214000614062,0.0407080777096113,0.0126631282513616,0.0189553953871997,0.0168788272605355,0.011641485685413,0.011473199521738,0.0118995851583252,0.0169035048847698,0.018674691231433,4.9,5.3,5.7,5.2,6.1,6.0,6.1,5.5,36,0,0
1999-07-01,111.45,0.0176223520818115,0.0111144487834184,-0.0127659574468085,0.0075501171569902,0.0036843085914546,0.0527426160337551,0.1035280508964717,0.0168394356202519,4.8,0.0076363970926487,0.0114461194863204,0.0111027474595408,0.0052019294429206,0.0013258831328724,0.0142157333589472,0.007548630600987,0.0093777473869296,0.0063482466747277,0.0033363663936913,-0.0003032140691329,0.0082543564659125,0.0064615384615385,-0.0012292562999384,-0.0012277470841007,0.0055555555555555,-0.0126050420168067,-0.0165289256198346,-0.0162601626016261,-0.0159999999999999,-0.0157480314960629,-0.0116731517509728,-0.0115384615384616,-0.0114068441064638,0.007607555089192,0.0302702702702701,0.0312151616499443,0.0322209436133487,0.0332936979785969,0.0085660442007879,0.0086400552963539,0.008715356458079,0.0036979329174728,0.0037116583811791,0.0037254861129343,0.0037394172600067,0.0037534529868905,0.0037675944756287,0.0037818429261446,0.003796199556584,0.0237580993520518,-0.086785009861933,-0.0848375451263537,0.0165137614678898,-0.0197841726618703,0.0109090909090907,-0.003623188405797,0.0018148820326677,0.0193072955047899,0.011177347242921,-0.0348101265822785,-0.0263305322128852,0.0208750357449243,-0.0411296956402522,-0.0271423807935978,-0.079214000614062,0.012168706932512,0.0126631282513616,0.0189553953871997,0.0168788272605355,0.011641485685413,0.011473199521738,0.0118995851583252,0.0169035048847698,4.6,4.9,5.3,5.7,5.2,6.1,6.0,6.1,37,0,0
1999-10-01,113.1,0.0148048452220725,0.0068330362448008,-0.0129310344827586,0.0074935400516795,0.0036707842893597,0.0420841683366732,0.0288259958071277,0.02204513728516,4.2,0.0176223520818115,0.0076363970926487,0.0114461194863204,0.0111027474595408,0.0052019294429206,0.0013258831328724,0.0142157333589472,0.007548630600987,0.0111144487834184,0.0063482466747277,0.0033363663936913,-0.0003032140691329,0.0082543564659125,0.0064615384615385,-0.0012292562999384,-0.0012277470841007,-0.0127659574468085,-0.0126050420168067,-0.0165289256198346,-0.0162601626016261,-0.0159999999999999,-0.0157480314960629,-0.0116731517509728,-0.0115384615384616,0.0075501171569902,0.007607555089192,0.0302702702702701,0.0312151616499443,0.0322209436133487,0.0332936979785969,0.0085660442007879,0.0086400552963539,0.0036843085914546,0.0036979329174728,0.0037116583811791,0.0037254861129343,0.0037394172600067,0.0037534529868905,0.0037675944756287,0.0037818429261446,0.0527426160337551,0.0237580993520518,-0.086785009861933,-0.0848375451263537,0.0165137614678898,-0.0197841726618703,0.0109090909090907,-0.003623188405797,0.1035280508964717,0.0193072955047899,0.011177347242921,-0.0348101265822785,-0.0263305322128852,0.0208750357449243,-0.0411296956402522,-0.0271423807935978,0.0168394356202519,0.012168706932512,0.0126631282513616,0.0189553953871997,0.0168788272605355,0.011641485685413,0.011473199521738,0.0118995851583252,4.8,4.6,4.9,5.3,5.7,5.2,6.1,6.0,38,0,0
2000-01-01,115.69,0.0229000884173298,0.002065506048982,-0.0131004366812226,0.0074378045652732,0.0036573589137187,0.0480769230769231,0.0455934793683139,0.0103038645097877,4.5,0.0148048452220725,0.0176223520818115,0.0076363970926487,0.0114461194863204,0.0111027474595408,0.0052019294429206,0.0013258831328724,0.0142157333589472,0.0068330362448008,0.0111144487834184,0.0063482466747277,0.0033363663936913,-0.0003032140691329,0.0082543564659125,0.0064615384615385,-0.0012292562999384,-0.0129310344827586,-0.0127659574468085,-0.0126050420168067,-0.0165289256198346,-0.0162601626016261,-0.0159999999999999,-0.0157480314960629,-0.0116731517509728,0.0074935400516795,0.0075501171569902,0.007607555089192,0.0302702702702701,0.0312151616499443,0.0322209436133487,0.0332936979785969,0.0085660442007879,0.0036707842893597,0.0036843085914546,0.0036979329174728,0.0037116583811791,0.0037254861129343,0.0037394172600067,0.0037534529868905,0.0037675944756287,0.0420841683366732,0.0527426160337551,0.0237580993520518,-0.086785009861933,-0.0848375451263537,0.0165137614678898,-0.0197841726618703,0.0109090909090907,0.0288259958071277,0.1035280508964717,0.0193072955047899,0.011177347242921,-0.0348101265822785,-0.0263305322128852,0.0208750357449243,-0.0411296956402522,0.02204513728516,0.0168394356202519,0.012168706932512,0.0126631282513616,0.0189553953871997,0.0168788272605355,0.011641485685413,0.011473199521738,4.2,4.8,4.6,4.9,5.3,5.7,5.2,6.1,39,0,0
2000-04-01,119.38,0.0318955830235976,0.0179623085983509,0.0088495575221239,-0.0058190282222868,0.0036440313830583,0.1045871559633027,-0.0070036540803899,0.0245487508271946,3.9,0.0229000884173298,0.0148048452220725,0.0176223520818115,0.0076363970926487,0.0114461194863204,0.0111027474595408,0.0052019294429206,0.0013258831328724,0.002065506048982,0.0068330362448008,0.0111144487834184,0.0063482466747277,0.0033363663936913,-0.0003032140691329,0.0082543564659125,0.0064615384615385,-0.0131004366812226,-0.0129310344827586,-0.0127659574468085,-0.0126050420168067,-0.0165289256198346,-0.0162601626016261,-0.0159999999999999,-0.0157480314960629,0.0074378045652732,0.0074935400516795,0.0075501171569902,0.007607555089192,0.0302702702702701,0.0312151616499443,0.0322209436133487,0.0332936979785969,0.0036573589137187,0.0036707842893597,0.0036843085914546,0.0036979329174728,0.0037116583811791,0.0037254861129343,0.0037394172600067,0.0037534529868905,0.0480769230769231,0.0420841683366732,0.0527426160337551,0.0237580993520518,-0.086785009861933,-0.0848375451263537,0.0165137614678898,-0.0197841726618703,0.0455934793683139,0.0288259958071277,0.1035280508964717,0.0193072955047899,0.011177347242921,-0.0348101265822785,-0.0263305322128852,0.0208750357449243,0.0103038645097877,0.02204513728516,0.0168394356202519,0.012168706932512,0.0126631282513616,0.0189553953871997,0.0168788272605355,0.011641485685413,4.5,4.2,4.8,4.6,4.9,5.3,5.7,5.2,40,0,0
2000-07-01,122.31,0.0245434746188641,0.0112814579114839,0.0087719298245614,-0.0058530875036582,0.0036308006316108,0.0863787375415283,-0.0006133088009812,0.0068742120198446,4.7,0.0318955830235976,0.0229000884173298,0.0148048452220725,0.0176223520818115,0.0076363970926487,0.0114461194863204,0.0111027474595408,0.0052019294429206,0.0179623085983509,0.002065506048982,0.0068330362448008,0.0111144487834184,0.0063482466747277,0.0033363663936913,-0.0003032140691329,0.0082543564659125,0.0088495575221239,-0.0131004366812226,-0.0129310344827586,-0.0127659574468085,-0.0126050420168067,-0.0165289256198346,-0.0162601626016261,-0.0159999999999999,-0.0058190282222868,0.0074378045652732,0.0074935400516795,0.0075501171569902,0.007607555089192,0.0302702702702701,0.0312151616499443,0.0322209436133487,0.0036440313830583,0.0036573589137187,0.0036707842893597,0.0036843085914546,0.0036979329174728,0.0037116583811791,0.0037254861129343,0.0037394172600067,0.1045871559633027,0.0480769230769231,0.0420841683366732,0.0527426160337551,0.0237580993520518,-0.086785009861933,-0.0848375451263537,0.0165137614678898,-0.0070036540803899,0.0455934793683139,0.0288259958071277,0.1035280508964717,0.0193072955047899,0.011177347242921,-0.0348101265822785,-0.0263305322128852,0.0245487508271946,0.0103038645097877,0.02204513728516,0.0168394356202519,0.012168706932512,0.0126631282513616,0.0189553953871997,0.0168788272605355,3.9,4.5,4.2,4.8,4.6,4.9,5.3,5.7,41,0,0
2000-10-01,125.1,0.0228108903605592,0.0020022883295194,0.0086956521739129,-0.0058875478363261,0.005509350593265,-0.0045871559633028,-0.0432648051549555,0.0113953401598054,4.4,0.0245434746188641,0.0318955830235976,0.0229000884173298,0.0148048452220725,0.0176223520818115,0.0076363970926487,0.0114461194863204,0.0111027474595408,0.0112814579114839,0.0179623085983509,0.002065506048982,0.0068330362448008,0.0111144487834184,0.0063482466747277,0.0033363663936913,-0.0003032140691329,0.0087719298245614,0.0088495575221239,-0.0131004366812226,-0.0129310344827586,-0.0127659574468085,-0.0126050420168067,-0.0165289256198346,-0.0162601626016261,-0.0058530875036582,-0.0058190282222868,0.0074378045652732,0.0074935400516795,0.0075501171569902,0.007607555089192,0.0302702702702701,0.0312151616499443,0.0036308006316108,0.0036440313830583,0.0036573589137187,0.0036707842893597,0.0036843085914546,0.0036979329174728,0.0037116583811791,0.0037254861129343,0.0863787375415283,0.1045871559633027,0.0480769230769231,0.0420841683366732,0.0527426160337551,0.0237580993520518,-0.086785009861933,-0.0848375451263537,-0.0006133088009812,-0.0070036540803899,0.0455934793683139,0.0288259958071277,0.1035280508964717,0.0193072955047899,0.011177347242921,-0.0348101265822785,0.0068742120198446,0.0245487508271946,0.0103038645097877,0.02204513728516,0.0168394356202519,0.012168706932512,0.0126631282513616,0.0189553953871997,4.7,3.9,4.5,4.2,4.8,4.6,4.9,5.3,42,0,0
2001-01-01,129.2,0.0327737809752197,0.0042820439623179,0.0086206896551723,-0.005922416345869,0.0054791639580624,-0.0814132104454684,-0.0978191148171905,0.003304699693668,4.6,0.0228108903605592,0.0245434746188641,0.0318955830235976,0.0229000884173298,0.0148048452220725,0.0176223520818115,0.0076363970926487,0.0114461194863204,0.0020022883295194,0.0112814579114839,0.0179623085983509,0.002065506048982,0.0068330362448008,0.0111144487834184,0.0063482466747277,0.0033363663936913,0.0086956521739129,0.0087719298245614,0.0088495575221239,-0.0131004366812226,-0.0129310344827586,-0.0127659574468085,-0.0126050420168067,-0.0165289256198346,-0.0058875478363261,-0.0058530875036582,-0.0058190282222868,0.0074378045652732,0.0074935400516795,0.0075501171569902,0.007607555089192,0.0302702702702701,0.005509350593265,0.0036308006316108,0.0036440313830583,0.0036573589137187,0.0036707842893597,0.0036843085914546,0.0036979329174728,0.0037116583811791,-0.0045871559633028,0.0863787375415283,0.1045871559633027,0.0480769230769231,0.0420841683366732,0.0527426160337551,0.0237580993520518,-0.086785009861933,-0.0432648051549555,-0.0006133088009812,-0.0070036540803899,0.0455934793683139,0.0288259958071277,0.1035280508964717,0.0193072955047899,0.011177347242921,0.0113953401598054,0.0068742120198446,0.0245487508271946,0.0103038645097877,0.02204513728516,0.0168394356202519,0.012168706932512,0.0126631282513616,4.4,4.7,3.9,4.5,4.2,4.8,4.6,4.9,43,0,0
2001-04-01,133.05,0.0297987616099073,0.0096645821489482,0.0085470085470087,-0.0156761989871909,0.0054493063153031,-0.1973244147157191,0.0063988624244579,0.0122985825241104,4.3,0.0327737809752197,0.0228108903605592,0.0245434746188641,0.0318955830235976,0.0229000884173298,0.0148048452220725,0.0176223520818115,0.0076363970926487,0.0042820439623179,0.0020022883295194,0.0112814579114839,0.0179623085983509,0.002065506048982,0.0068330362448008,0.0111144487834184,0.0063482466747277,0.0086206896551723,0.0086956521739129,0.0087719298245614,0.0088495575221239,-0.0131004366812226,-0.0129310344827586,-0.0127659574468085,-0.0126050420168067,-0.005922416345869,-0.0058875478363261,-0.0058530875036582,-0.0058190282222868,0.0074378045652732,0.0074935400516795,0.0075501171569902,0.007607555089192,0.0054791639580624,0.005509350593265,0.0036308006316108,0.0036440313830583,0.0036573589137187,0.0036707842893597,0.0036843085914546,0.0036979329174728,-0.0814132104454684,-0.0045871559633028,0.0863787375415283,0.1045871559633027,0.0480769230769231,0.0420841683366732,0.0527426160337551,0.0237580993520518,-0.0978191148171905,-0.0432648051549555,-0.0006133088009812,-0.0070036540803899,0.0455934793683139,0.0288259958071277,0.1035280508964717,0.0193072955047899,0.003304699693668,0.0113953401598054,0.0068742120198446,0.0245487508271946,0.0103038645097877,0.02204513728516,0.0168394356202519,0.012168706932512,4.6,4.4,4.7,3.9,4.5,4.2,4.8,4.6,44,0,0
2001-07-01,137.2,0.0311912814731303,0.0090090090090089,0.0084745762711864,-0.0159258558728957,0.0054197723157949,-0.2145833333333333,0.0070646414694455,-9.24615529767081e-05,5.1,0.0297987616099073,0.0327737809752197,0.0228108903605592,0.0245434746188641,0.0318955830235976,0.0229000884173298,0.0148048452220725,0.0176223520818115,0.0096645821489482,0.0042820439623179,0.0020022883295194,0.0112814579114839,0.0179623085983509,0.002065506048982,0.0068330362448008,0.0111144487834184,0.0085470085470087,0.0086206896551723,0.0086956521739129,0.0087719298245614,0.0088495575221239,-0.0131004366812226,-0.0129310344827586,-0.0127659574468085,-0.0156761989871909,-0.005922416345869,-0.0058875478363261,-0.0058530875036582,-0.0058190282222868,0.0074378045652732,0.0074935400516795,0.0075501171569902,0.0054493063153031,0.0054791639580624,0.005509350593265,0.0036308006316108,0.0036440313830583,0.0036573589137187,0.0036707842893597,0.0036843085914546,-0.1973244147157191,-0.0814132104454684,-0.0045871559633028,0.0863787375415283,0.1045871559633027,0.0480769230769231,0.0420841683366732,0.0527426160337551,0.0063988624244579,-0.0978191148171905,-0.0432648051549555,-0.0006133088009812,-0.0070036540803899,0.0455934793683139,0.0288259958071277,0.1035280508964717,0.0122985825241104,0.003304699693668,0.0113953401598054,0.0068742120198446,0.0245487508271946,0.0103038645097877,0.02204513728516,0.0168394356202519,4.3,4.6,4.4,4.7,3.9,4.5,4.2,4.8,45,0,0
2001-10-01,140.24,0.0221574344023325,0.0055803571428572,0.0084033613445377,-0.0161835934496809,0.0044292746861651,-0.339522546419098,-0.0715538407576289,0.0058921383428225,5.5,0.0311912814731303,0.0297987616099073,0.0327737809752197,0.0228108903605592,0.0245434746188641,0.0318955830235976,0.0229000884173298,0.0148048452220725,0.0090090090090089,0.0096645821489482,0.0042820439623179,0.0020022883295194,0.0112814579114839,0.0179623085983509,0.002065506048982,0.0068330362448008,0.0084745762711864,0.0085470085470087,0.0086206896551723,0.0086956521739129,0.0087719298245614,0.0088495575221239,-0.0131004366812226,-0.0129310344827586,-0.0159258558728957,-0.0156761989871909,-0.005922416345869,-0.0058875478363261,-0.0058530875036582,-0.0058190282222868,0.0074378045652732,0.0074935400516795,0.0054197723157949,0.0054493063153031,0.0054791639580624,0.005509350593265,0.0036308006316108,0.0036440313830583,0.0036573589137187,0.0036707842893597,-0.2145833333333333,-0.1973244147157191,-0.0814132104454684,-0.0045871559633028,0.0863787375415283,0.1045871559633027,0.0480769230769231,0.0420841683366732,0.0070646414694455,0.0063988624244579,-0.0978191148171905,-0.0432648051549555,-0.0006133088009812,-0.0070036540803899,0.0455934793683139,0.0288259958071277,-9.24615529767081e-05,0.0122985825241104,0.003304699693668,0.0113953401598054,0.0068742120198446,0.0245487508271946,0.0103038645097877,0.02204513728516,5.1,4.3,4.6,4.4,4.7,3.9,4.5,4.2,46,0,0
2002-01-01,143.91,0.0261694238448373,-0.0011098779134294,0.0083333333333333,-0.0164498104950572,0.0044097427243439,-0.3052208835341365,0.0574234982999621,0.0115412413998825,5.8,0.0221574344023325,0.0311912814731303,0.0297987616099073,0.0327737809752197,0.0228108903605592,0.0245434746188641,0.0318955830235976,0.0229000884173298,0.0055803571428572,0.0090090090090089,0.0096645821489482,0.0042820439623179,0.0020022883295194,0.0112814579114839,0.0179623085983509,0.002065506048982,0.0084033613445377,0.0084745762711864,0.0085470085470087,0.0086206896551723,0.0086956521739129,0.0087719298245614,0.0088495575221239,-0.0131004366812226,-0.0161835934496809,-0.0159258558728957,-0.0156761989871909,-0.005922416345869,-0.0058875478363261,-0.0058530875036582,-0.0058190282222868,0.0074378045652732,0.0044292746861651,0.0054197723157949,0.0054493063153031,0.0054791639580624,0.005509350593265,0.0036308006316108,0.0036440313830583,0.0036573589137187,-0.339522546419098,-0.2145833333333333,-0.1973244147157191,-0.0814132104454684,-0.0045871559633028,0.0863787375415283,0.1045871559633027,0.0480769230769231,-0.0715538407576289,0.0070646414694455,0.0063988624244579,-0.0978191148171905,-0.0432648051549555,-0.0006133088009812,-0.0070036540803899,0.0455934793683139,0.0058921383428225,-9.24615529767081e-05,0.0122985825241104,0.003304699693668,0.0113953401598054,0.0068742120198446,0.0245487508271946,0.0103038645097877,5.5,5.1,4.3,4.6,4.4,4.7,3.9,4.5,47,0,0
2002-04-01,149.17,0.0365506219164755,0.0152777777777777,0.0082644628099173,0.0323772445574448,0.0043903822680799,0.0115606936416186,-0.0017863522686673,0.0096406547039458,5.3,0.0261694238448373,0.0221574344023325,0.0311912814731303,0.0297987616099073,0.0327737809752197,0.0228108903605592,0.0245434746188641,0.0318955830235976,-0.0011098779134294,0.0055803571428572,0.0090090090090089,0.0096645821489482,0.0042820439623179,0.0020022883295194,0.0112814579114839,0.0179623085983509,0.0083333333333333,0.0084033613445377,0.0084745762711864,0.0085470085470087,0.0086206896551723,0.0086956521739129,0.0087719298245614,0.0088495575221239,-0.0164498104950572,-0.0161835934496809,-0.0159258558728957,-0.0156761989871909,-0.005922416345869,-0.0058875478363261,-0.0058530875036582,-0.0058190282222868,0.0044097427243439,0.0044292746861651,0.0054197723157949,0.0054493063153031,0.0054791639580624,0.005509350593265,0.0036308006316108,0.0036440313830583,-0.3052208835341365,-0.339522546419098,-0.2145833333333333,-0.1973244147157191,-0.0814132104454684,-0.0045871559633028,0.0863787375415283,0.1045871559633027,0.0574234982999621,-0.0715538407576289,0.0070646414694455,0.0063988624244579,-0.0978191148171905,-0.0432648051549555,-0.0006133088009812,-0.0070036540803899,0.0115412413998825,0.0058921383428225,-9.24615529767081e-05,0.0122985825241104,0.003304699693668,0.0113953401598054,0.0068742120198446,0.0245487508271946,5.8,5.5,5.1,4.3,4.6,4.4,4.7,3.9,48,0,0
2002-07-01,154.24,0.0339880673057586,0.0079343365253077,0.0081967213114755,0.0313618347635356,0.0043711910683232,-0.0114285714285714,-0.0715819613457409,0.0088707558971514,5.6,0.0365506219164755,0.0261694238448373,0.0221574344023325,0.0311912814731303,0.0297987616099073,0.0327737809752197,0.0228108903605592,0.0245434746188641,0.0152777777777777,-0.0011098779134294,0.0055803571428572,0.0090090090090089,0.0096645821489482,0.0042820439623179,0.0020022883295194,0.0112814579114839,0.0082644628099173,0.0083333333333333,0.0084033613445377,0.0084745762711864,0.0085470085470087,0.0086206896551723,0.0086956521739129,0.0087719298245614,0.0323772445574448,-0.0164498104950572,-0.0161835934496809,-0.0159258558728957,-0.0156761989871909,-0.005922416345869,-0.0058875478363261,-0.0058530875036582,0.0043903822680799,0.0044097427243439,0.0044292746861651,0.0054197723157949,0.0054493063153031,0.0054791639580624,0.005509350593265,0.0036308006316108,0.0115606936416186,-0.3052208835341365,-0.339522546419098,-0.2145833333333333,-0.1973244147157191,-0.0814132104454684,-0.0045871559633028,0.0863787375415283,-0.0017863522686673,0.0574234982999621,-0.0715538407576289,0.0070646414694455,0.0063988624244579,-0.0978191148171905,-0.0432648051549555,-0.0006133088009812,0.0096406547039458,0.0115412413998825,0.0058921383428225,-9.24615529767081e-05,0.0122985825241104,0.003304699693668,0.0113953401598054,0.0068742120198446,5.3,5.8,5.5,5.1,4.3,4.6,4.4,4.7,49,0,0
2002-10-01,157.1,0.0185425311203317,0.007600434310532,0.0081300813008129,0.0304081784941421,0.0035798176952723,0.0115606936416186,-0.0574402467232074,0.0070459503060804,5.1,0.0339880673057586,0.0365506219164755,0.0261694238448373,0.0221574344023325,0.0311912814731303,0.0297987616099073,0.0327737809752197,0.0228108903605592,0.0079343365253077,0.0152777777777777,-0.0011098779134294,0.0055803571428572,0.0090090090090089,0.0096645821489482,0.0042820439623179,0.0020022883295194,0.0081967213114755,0.0082644628099173,0.0083333333333333,0.0084033613445377,0.0084745762711864,0.0085470085470087,0.0086206896551723,0.0086956521739129,0.0313618347635356,0.0323772445574448,-0.0164498104950572,-0.0161835934496809,-0.0159258558728957,-0.0156761989871909,-0.005922416345869,-0.0058875478363261,0.0043711910683232,0.0043903822680799,0.0044097427243439,0.0044292746861651,0.0054197723157949,0.0054493063153031,0.0054791639580624,0.005509350593265,-0.0114285714285714,0.0115606936416186,-0.3052208835341365,-0.339522546419098,-0.2145833333333333,-0.1973244147157191,-0.0814132104454684,-0.0045871559633028,-0.0715819613457409,-0.0017863522686673,0.0574234982999621,-0.0715538407576289,0.0070646414694455,0.0063988624244579,-0.0978191148171905,-0.0432648051549555,0.0088707558971514,0.0096406547039458,0.0115412413998825,0.0058921383428225,-9.24615529767081e-05,0.0122985825241104,0.003304699693668,0.0113953401598054,5.6,5.3,5.8,5.5,5.1,4.3,4.6,4.4,50,0,0
2003-01-01,160.03,0.0186505410566517,0.0037715517241381,0.0080645161290322,0.0295108085599449,0.0035670483126031,-0.2914285714285715,-0.0321472392638035,0.0101881917107846,5.5,0.0185425311203317,0.0339880673057586,0.0365506219164755,0.0261694238448373,0.0221574344023325,0.0311912814731303,0.0297987616099073,0.0327737809752197,0.007600434310532,0.0079343365253077,0.0152777777777777,-0.0011098779134294,0.0055803571428572,0.0090090090090089,0.0096645821489482,0.0042820439623179,0.0081300813008129,0.0081967213114755,0.0082644628099173,0.0083333333333333,0.0084033613445377,0.0084745762711864,0.0085470085470087,0.0086206896551723,0.0304081784941421,0.0313618347635356,0.0323772445574448,-0.0164498104950572,-0.0161835934496809,-0.0159258558728957,-0.0156761989871909,-0.005922416345869,0.0035798176952723,0.0043711910683232,0.0043903822680799,0.0044097427243439,0.0044292746861651,0.0054197723157949,0.0054493063153031,0.0054791639580624,0.0115606936416186,-0.0114285714285714,0.0115606936416186,-0.3052208835341365,-0.339522546419098,-0.2145833333333333,-0.1973244147157191,-0.0814132104454684,-0.0574402467232074,-0.0715819613457409,-0.0017863522686673,0.0574234982999621,-0.0715538407576289,0.0070646414694455,0.0063988624244579,-0.0978191148171905,0.0070459503060804,0.0088707558971514,0.0096406547039458,0.0115412413998825,0.0058921383428225,-9.24615529767081e-05,0.0122985825241104,0.003304699693668,5.1,5.6,5.3,5.8,5.5,5.1,4.3,4.6,51,0,0
2003-04-01,163.19,0.0197462975692057,0.0131508319914115,0.004,-0.0147369161508159,0.0035543697041475,0.0161290322580645,-0.0174949290060852,0.0124069625471479,5.1,0.0186505410566517,0.0185425311203317,0.0339880673057586,0.0365506219164755,0.0261694238448373,0.0221574344023325,0.0311912814731303,0.0297987616099073,0.0037715517241381,0.007600434310532,0.0079343365253077,0.0152777777777777,-0.0011098779134294,0.0055803571428572,0.0090090090090089,0.0096645821489482,0.0080645161290322,0.0081300813008129,0.0081967213114755,0.0082644628099173,0.0083333333333333,0.0084033613445377,0.0084745762711864,0.0085470085470087,0.0295108085599449,0.0304081784941421,0.0313618347635356,0.0323772445574448,-0.0164498104950572,-0.0161835934496809,-0.0159258558728957,-0.0156761989871909,0.0035670483126031,0.0035798176952723,0.0043711910683232,0.0043903822680799,0.0044097427243439,0.0044292746861651,0.0054197723157949,0.0054493063153031,-0.2914285714285715,0.0115606936416186,-0.0114285714285714,0.0115606936416186,-0.3052208835341365,-0.339522546419098,-0.2145833333333333,-0.1973244147157191,-0.0321472392638035,-0.0574402467232074,-0.0715819613457409,-0.0017863522686673,0.0574234982999621,-0.0715538407576289,0.0070646414694455,0.0063988624244579,0.0101881917107846,0.0070459503060804,0.0088707558971514,0.0096406547039458,0.0115412413998825,0.0058921383428225,-9.24615529767081e-05,0.0122985825241104,5.5,5.1,5.6,5.3,5.8,5.5,5.1,4.3,52,0,0
2003-07-01,168.35,0.0316195845333659,0.007682119205298,0.0039840637450199,-0.0149573412344268,0.0035417809053985,-0.1984126984126983,-0.0309677419354837,0.0224439363458945,5.7,0.0197462975692057,0.0186505410566517,0.0185425311203317,0.0339880673057586,0.0365506219164755,0.0261694238448373,0.0221574344023325,0.0311912814731303,0.0131508319914115,0.0037715517241381,0.007600434310532,0.0079343365253077,0.0152777777777777,-0.0011098779134294,0.0055803571428572,0.0090090090090089,0.004,0.0080645161290322,0.0081300813008129,0.0081967213114755,0.0082644628099173,0.0083333333333333,0.0084033613445377,0.0084745762711864,-0.0147369161508159,0.0295108085599449,0.0304081784941421,0.0313618347635356,0.0323772445574448,-0.0164498104950572,-0.0161835934496809,-0.0159258558728957,0.0035543697041475,0.0035670483126031,0.0035798176952723,0.0043711910683232,0.0043903822680799,0.0044097427243439,0.0044292746861651,0.0054197723157949,0.0161290322580645,-0.2914285714285715,0.0115606936416186,-0.0114285714285714,0.0115606936416186,-0.3052208835341365,-0.339522546419098,-0.2145833333333333,-0.0174949290060852,-0.0321472392638035,-0.0574402467232074,-0.0715819613457409,-0.0017863522686673,0.0574234982999621,-0.0715538407576289,0.0070646414694455,0.0124069625471479,0.0101881917107846,0.0070459503060804,0.0088707558971514,0.0096406547039458,0.0115412413998825,0.0058921383428225,-9.24615529767081e-05,5.1,5.5,5.1,5.6,5.3,5.8,5.5,5.1,53,0,0
2003-10-01,177.31,0.0532224532224532,0.0021030494216613,0.0039682539682539,-0.0151844603899398,0.0035461397269884,0.0,0.0567243675099866,0.0177721866165618,5.2,0.0316195845333659,0.0197462975692057,0.0186505410566517,0.0185425311203317,0.0339880673057586,0.0365506219164755,0.0261694238448373,0.0221574344023325,0.007682119205298,0.0131508319914115,0.0037715517241381,0.007600434310532,0.0079343365253077,0.0152777777777777,-0.0011098779134294,0.0055803571428572,0.0039840637450199,0.004,0.0080645161290322,0.0081300813008129,0.0081967213114755,0.0082644628099173,0.0083333333333333,0.0084033613445377,-0.0149573412344268,-0.0147369161508159,0.0295108085599449,0.0304081784941421,0.0313618347635356,0.0323772445574448,-0.0164498104950572,-0.0161835934496809,0.0035417809053985,0.0035543697041475,0.0035670483126031,0.0035798176952723,0.0043711910683232,0.0043903822680799,0.0044097427243439,0.0044292746861651,-0.1984126984126983,0.0161290322580645,-0.2914285714285715,0.0115606936416186,-0.0114285714285714,0.0115606936416186,-0.3052208835341365,-0.339522546419098,-0.0309677419354837,-0.0174949290060852,-0.0321472392638035,-0.0574402467232074,-0.0715819613457409,-0.0017863522686673,0.0574234982999621,-0.0715538407576289,0.0224439363458945,0.0124069625471479,0.0101881917107846,0.0070459503060804,0.0088707558971514,0.0096406547039458,0.0115412413998825,0.0058921383428225,5.7,5.1,5.5,5.1,5.6,5.3,5.8,5.5,54,0,0
2004-01-01,182.84,0.0311883142518751,0.0005246589716683,0.0039525691699604,-0.0154185832566697,0.0035336090555369,-0.0099009900990099,-0.0402385752688171,0.0128448856860983,5.6,0.0532224532224532,0.0316195845333659,0.0197462975692057,0.0186505410566517,0.0185425311203317,0.0339880673057586,0.0365506219164755,0.0261694238448373,0.0021030494216613,0.007682119205298,0.0131508319914115,0.0037715517241381,0.007600434310532,0.0079343365253077,0.0152777777777777,-0.0011098779134294,0.0039682539682539,0.0039840637450199,0.004,0.0080645161290322,0.0081300813008129,0.0081967213114755,0.0082644628099173,0.0083333333333333,-0.0151844603899398,-0.0149573412344268,-0.0147369161508159,0.0295108085599449,0.0304081784941421,0.0313618347635356,0.0323772445574448,-0.0164498104950572,0.0035461397269884,0.0035417809053985,0.0035543697041475,0.0035670483126031,0.0035798176952723,0.0043711910683232,0.0043903822680799,0.0044097427243439,0.0,-0.1984126984126983,0.0161290322580645,-0.2914285714285715,0.0115606936416186,-0.0114285714285714,0.0115606936416186,-0.3052208835341365,0.0567243675099866,-0.0309677419354837,-0.0174949290060852,-0.0321472392638035,-0.0574402467232074,-0.0715819613457409,-0.0017863522686673,0.0574234982999621,0.0177721866165618,0.0224439363458945,0.0124069625471479,0.0101881917107846,0.0070459503060804,0.0088707558971514,0.0096406547039458,0.0115412413998825,5.2,5.7,5.1,5.5,5.1,5.6,5.3,5.8,55,0,0
2004-04-01,192.31,0.0517939181798292,0.0144205558468799,-0.0019685039370077,0.0015697413664224,0.0035211666292496,0.0,0.0205689277899343,0.01588198446305,5.1,0.0311883142518751,0.0532224532224532,0.0316195845333659,0.0197462975692057,0.0186505410566517,0.0185425311203317,0.0339880673057586,0.0365506219164755,0.0005246589716683,0.0021030494216613,0.007682119205298,0.0131508319914115,0.0037715517241381,0.007600434310532,0.0079343365253077,0.0152777777777777,0.0039525691699604,0.0039682539682539,0.0039840637450199,0.004,0.0080645161290322,0.0081300813008129,0.0081967213114755,0.0082644628099173,-0.0154185832566697,-0.0151844603899398,-0.0149573412344268,-0.0147369161508159,0.0295108085599449,0.0304081784941421,0.0313618347635356,0.0323772445574448,0.0035336090555369,0.0035461397269884,0.0035417809053985,0.0035543697041475,0.0035670483126031,0.0035798176952723,0.0043711910683232,0.0043903822680799,-0.0099009900990099,0.0,-0.1984126984126983,0.0161290322580645,-0.2914285714285715,0.0115606936416186,-0.0114285714285714,0.0115606936416186,-0.0402385752688171,0.0567243675099866,-0.0309677419354837,-0.0174949290060852,-0.0321472392638035,-0.0574402467232074,-0.0715819613457409,-0.0017863522686673,0.0128448856860983,0.0177721866165618,0.0224439363458945,0.0124069625471479,0.0101881917107846,0.0070459503060804,0.0088707558971514,0.0096406547039458,5.6,5.2,5.7,5.1,5.5,5.1,5.6,5.3,56,0,0
2004-07-01,209.76,0.0907389111330663,0.0100801240630654,-0.0019723865877712,0.0015672811403835,0.0035088115192198,0.26,0.0387650085763293,0.0158915991039243,6.0,0.0517939181798292,0.0311883142518751,0.0532224532224532,0.0316195845333659,0.0197462975692057,0.0186505410566517,0.0185425311203317,0.0339880673057586,0.0144205558468799,0.0005246589716683,0.0021030494216613,0.007682119205298,0.0131508319914115,0.0037715517241381,0.007600434310532,0.0079343365253077,-0.0019685039370077,0.0039525691699604,0.0039682539682539,0.0039840637450199,0.004,0.0080645161290322,0.0081300813008129,0.0081967213114755,0.0015697413664224,-0.0154185832566697,-0.0151844603899398,-0.0149573412344268,-0.0147369161508159,0.0295108085599449,0.0304081784941421,0.0313618347635356,0.0035211666292496,0.0035336090555369,0.0035461397269884,0.0035417809053985,0.0035543697041475,0.0035670483126031,0.0035798176952723,0.0043711910683232,0.0,-0.0099009900990099,0.0,-0.1984126984126983,0.0161290322580645,-0.2914285714285715,0.0115606936416186,-0.0114285714285714,0.0205689277899343,-0.0402385752688171,0.0567243675099866,-0.0309677419354837,-0.0174949290060852,-0.0321472392638035,-0.0574402467232074,-0.0715819613457409,0.01588198446305,0.0128448856860983,0.0177721866165618,0.0224439363458945,0.0124069625471479,0.0101881917107846,0.0070459503060804,0.0088707558971514,5.1,5.6,5.2,5.7,5.1,5.5,5.1,5.6,57,0,0
2004-10-01,217.45,0.0366609458428679,0.0074206755373591,-0.0019762845849802,0.0015648286140088,0.0034284516268605,0.3968253968253967,-0.0550693527080581,0.0180334387431373,5.6,0.0907389111330663,0.0517939181798292,0.0311883142518751,0.0532224532224532,0.0316195845333659,0.0197462975692057,0.0186505410566517,0.0185425311203317,0.0100801240630654,0.0144205558468799,0.0005246589716683,0.0021030494216613,0.007682119205298,0.0131508319914115,0.0037715517241381,0.007600434310532,-0.0019723865877712,-0.0019685039370077,0.0039525691699604,0.0039682539682539,0.0039840637450199,0.004,0.0080645161290322,0.0081300813008129,0.0015672811403835,0.0015697413664224,-0.0154185832566697,-0.0151844603899398,-0.0149573412344268,-0.0147369161508159,0.0295108085599449,0.0304081784941421,0.0035088115192198,0.0035211666292496,0.0035336090555369,0.0035461397269884,0.0035417809053985,0.0035543697041475,0.0035670483126031,0.0035798176952723,0.26,0.0,-0.0099009900990099,0.0,-0.1984126984126983,0.0161290322580645,-0.2914285714285715,0.0115606936416186,0.0387650085763293,0.0205689277899343,-0.0402385752688171,0.0567243675099866,-0.0309677419354837,-0.0174949290060852,-0.0321472392638035,-0.0574402467232074,0.0158915991039243,0.01588198446305,0.0128448856860983,0.0177721866165618,0.0224439363458945,0.0124069625471479,0.0101881917107846,0.0070459503060804,6.0,5.1,5.6,5.2,5.7,5.1,5.5,5.1,58,0,0
2005-01-01,227.49,0.0461715336859049,0.0068580137160274,-0.0019801980198019,0.001562383751209,0.0034167375075944,0.2954545454545454,-0.0021843599825251,0.0191640375904811,5.7,0.0366609458428679,0.0907389111330663,0.0517939181798292,0.0311883142518751,0.0532224532224532,0.0316195845333659,0.0197462975692057,0.0186505410566517,0.0074206755373591,0.0100801240630654,0.0144205558468799,0.0005246589716683,0.0021030494216613,0.007682119205298,0.0131508319914115,0.0037715517241381,-0.0019762845849802,-0.0019723865877712,-0.0019685039370077,0.0039525691699604,0.0039682539682539,0.0039840637450199,0.004,0.0080645161290322,0.0015648286140088,0.0015672811403835,0.0015697413664224,-0.0154185832566697,-0.0151844603899398,-0.0149573412344268,-0.0147369161508159,0.0295108085599449,0.0034284516268605,0.0035088115192198,0.0035211666292496,0.0035336090555369,0.0035461397269884,0.0035417809053985,0.0035543697041475,0.0035670483126031,0.3968253968253967,0.26,0.0,-0.0099009900990099,0.0,-0.1984126984126983,0.0161290322580645,-0.2914285714285715,-0.0550693527080581,0.0387650085763293,0.0205689277899343,-0.0402385752688171,0.0567243675099866,-0.0309677419354837,-0.0174949290060852,-0.0321472392638035,0.0180334387431373,0.0158915991039243,0.01588198446305,0.0128448856860983,0.0177721866165618,0.0224439363458945,0.0124069625471479,0.0101881917107846,5.6,6.0,5.1,5.6,5.2,5.7,5.1,5.5,59,0,0
2005-04-01,244.5,0.0747725174732953,0.0146316851664984,-0.0059523809523809,0.0117738820383301,0.0034051031638968,0.2236842105263159,0.0253940455341505,0.0121693835322558,5.1,0.0461715336859049,0.0366609458428679,0.0907389111330663,0.0517939181798292,0.0311883142518751,0.0532224532224532,0.0316195845333659,0.0197462975692057,0.0068580137160274,0.0074206755373591,0.0100801240630654,0.0144205558468799,0.0005246589716683,0.0021030494216613,0.007682119205298,0.0131508319914115,-0.0019801980198019,-0.0019762845849802,-0.0019723865877712,-0.0019685039370077,0.0039525691699604,0.0039682539682539,0.0039840637450199,0.004,0.001562383751209,0.0015648286140088,0.0015672811403835,0.0015697413664224,-0.0154185832566697,-0.0151844603899398,-0.0149573412344268,-0.0147369161508159,0.0034167375075944,0.0034284516268605,0.0035088115192198,0.0035211666292496,0.0035336090555369,0.0035461397269884,0.0035417809053985,0.0035543697041475,0.2954545454545454,0.3968253968253967,0.26,0.0,-0.0099009900990099,0.0,-0.1984126984126983,0.0161290322580645,-0.0021843599825251,-0.0550693527080581,0.0387650085763293,0.0205689277899343,-0.0402385752688171,0.0567243675099866,-0.0309677419354837,-0.0174949290060852,0.0191640375904811,0.0180334387431373,0.0158915991039243,0.01588198446305,0.0128448856860983,0.0177721866165618,0.0224439363458945,0.0124069625471479,5.7,5.6,6.0,5.1,5.6,5.2,5.7,5.1,60,0,0
2005-07-01,257.78,0.0543149284253576,0.0084535057185479,-0.0059880239520958,0.0116368708931389,0.003393547783602,0.1684587813620071,-0.02732707087959,0.0170232806630463,5.3,0.0747725174732953,0.0461715336859049,0.0366609458428679,0.0907389111330663,0.0517939181798292,0.0311883142518751,0.0532224532224532,0.0316195845333659,0.0146316851664984,0.0068580137160274,0.0074206755373591,0.0100801240630654,0.0144205558468799,0.0005246589716683,0.0021030494216613,0.007682119205298,-0.0059523809523809,-0.0019801980198019,-0.0019762845849802,-0.0019723865877712,-0.0019685039370077,0.0039525691699604,0.0039682539682539,0.0039840637450199,0.0117738820383301,0.001562383751209,0.0015648286140088,0.0015672811403835,0.0015697413664224,-0.0154185832566697,-0.0151844603899398,-0.0149573412344268,0.0034051031638968,0.0034167375075944,0.0034284516268605,0.0035088115192198,0.0035211666292496,0.0035336090555369,0.0035461397269884,0.0035417809053985,0.2236842105263159,0.2954545454545454,0.3968253968253967,0.26,0.0,-0.0099009900990099,0.0,-0.1984126984126983,0.0253940455341505,-0.0021843599825251,-0.0550693527080581,0.0387650085763293,0.0205689277899343,-0.0402385752688171,0.0567243675099866,-0.0309677419354837,0.0121693835322558,0.0191640375904811,0.0180334387431373,0.0158915991039243,0.01588198446305,0.0128448856860983,0.0177721866165618,0.0224439363458945,5.1,5.7,5.6,6.0,5.1,5.6,5.2,5.7,61,0,0
2005-10-01,268.98,0.0434479013111956,0.01060157790927,-0.0060240963855421,0.0115030118295957,0.0017088915138583,0.1595092024539877,0.0649692712906058,0.0138147261410606,4.7,0.0543149284253576,0.0747725174732953,0.0461715336859049,0.0366609458428679,0.0907389111330663,0.0517939181798292,0.0311883142518751,0.0532224532224532,0.0084535057185479,0.0146316851664984,0.0068580137160274,0.0074206755373591,0.0100801240630654,0.0144205558468799,0.0005246589716683,0.0021030494216613,-0.0059880239520958,-0.0059523809523809,-0.0019801980198019,-0.0019762845849802,-0.0019723865877712,-0.0019685039370077,0.0039525691699604,0.0039682539682539,0.0116368708931389,0.0117738820383301,0.001562383751209,0.0015648286140088,0.0015672811403835,0.0015697413664224,-0.0154185832566697,-0.0151844603899398,0.003393547783602,0.0034051031638968,0.0034167375075944,0.0034284516268605,0.0035088115192198,0.0035211666292496,0.0035336090555369,0.0035461397269884,0.1684587813620071,0.2236842105263159,0.2954545454545454,0.3968253968253967,0.26,0.0,-0.0099009900990099,0.0,-0.02732707087959,0.0253940455341505,-0.0021843599825251,-0.0550693527080581,0.0387650085763293,0.0205689277899343,-0.0402385752688171,0.0567243675099866,0.0170232806630463,0.0121693835322558,0.0191640375904811,0.0180334387431373,0.0158915991039243,0.01588198446305,0.0128448856860983,0.0177721866165618,5.3,5.1,5.7,5.6,6.0,5.1,5.6,5.2,62,0,0
2006-01-01,274.29,0.0197412447022082,0.0031715052451817,-0.0060606060606059,0.0113721973094169,0.0017059761856319,0.1349206349206348,0.0131904369332231,0.0206358293523576,4.7,0.0434479013111956,0.0543149284253576,0.0747725174732953,0.0461715336859049,0.0366609458428679,0.0907389111330663,0.0517939181798292,0.0311883142518751,0.01060157790927,0.0084535057185479,0.0146316851664984,0.0068580137160274,0.0074206755373591,0.0100801240630654,0.0144205558468799,0.0005246589716683,-0.0060240963855421,-0.0059880239520958,-0.0059523809523809,-0.0019801980198019,-0.0019762845849802,-0.0019723865877712,-0.0019685039370077,0.0039525691699604,0.0115030118295957,0.0116368708931389,0.0117738820383301,0.001562383751209,0.0015648286140088,0.0015672811403835,0.0015697413664224,-0.0154185832566697,0.0017088915138583,0.003393547783602,0.0034051031638968,0.0034167375075944,0.0034284516268605,0.0035088115192198,0.0035211666292496,0.0035336090555369,0.1595092024539877,0.1684587813620071,0.2236842105263159,0.2954545454545454,0.3968253968253967,0.26,0.0,-0.0099009900990099,0.0649692712906058,-0.02732707087959,0.0253940455341505,-0.0021843599825251,-0.0550693527080581,0.0387650085763293,0.0205689277899343,-0.0402385752688171,0.0138147261410606,0.0170232806630463,0.0121693835322558,0.0191640375904811,0.0180334387431373,0.0158915991039243,0.01588198446305,0.0128448856860983,4.7,5.3,5.1,5.7,5.6,6.0,5.1,5.6,63,0,0
2006-04-01,278.67,0.0159685004921796,0.0104571984435797,0.0081300813008129,0.0053206583427922,0.0017030707874263,0.1165501165501166,0.0589910496338488,0.0113436418131709,4.3,0.0197412447022082,0.0434479013111956,0.0543149284253576,0.0747725174732953,0.0461715336859049,0.0366609458428679,0.0907389111330663,0.0517939181798292,0.0031715052451817,0.01060157790927,0.0084535057185479,0.0146316851664984,0.0068580137160274,0.0074206755373591,0.0100801240630654,0.0144205558468799,-0.0060606060606059,-0.0060240963855421,-0.0059880239520958,-0.0059523809523809,-0.0019801980198019,-0.0019762845849802,-0.0019723865877712,-0.0019685039370077,0.0113721973094169,0.0115030118295957,0.0116368708931389,0.0117738820383301,0.001562383751209,0.0015648286140088,0.0015672811403835,0.0015697413664224,0.0017059761856319,0.0017088915138583,0.003393547783602,0.0034051031638968,0.0034167375075944,0.0034284516268605,0.0035088115192198,0.0035211666292496,0.1349206349206348,0.1595092024539877,0.1684587813620071,0.2236842105263159,0.2954545454545454,0.3968253968253967,0.26,0.0,0.0131904369332231,0.0649692712906058,-0.02732707087959,0.0253940455341505,-0.0021843599825251,-0.0550693527080581,0.0387650085763293,0.0205689277899343,0.0206358293523576,0.0138147261410606,0.0170232806630463,0.0121693835322558,0.0191640375904811,0.0180334387431373,0.0158915991039243,0.01588198446305,4.7,4.7,5.3,5.1,5.7,5.6,6.0,5.1,64,0,0
2006-07-01,279.9,0.0044138228011625,0.0175691937424788,0.0080645161290322,0.0052924987650835,0.0017001752685927,0.093945720250522,0.0391855551286977,0.0084898131548913,5.2,0.0159685004921796,0.0197412447022082,0.0434479013111956,0.0543149284253576,0.0747725174732953,0.0461715336859049,0.0366609458428679,0.0907389111330663,0.0104571984435797,0.0031715052451817,0.01060157790927,0.0084535057185479,0.0146316851664984,0.0068580137160274,0.0074206755373591,0.0100801240630654,0.0081300813008129,-0.0060606060606059,-0.0060240963855421,-0.0059880239520958,-0.0059523809523809,-0.0019801980198019,-0.0019762845849802,-0.0019723865877712,0.0053206583427922,0.0113721973094169,0.0115030118295957,0.0116368708931389,0.0117738820383301,0.001562383751209,0.0015648286140088,0.0015672811403835,0.0017030707874263,0.0017059761856319,0.0017088915138583,0.003393547783602,0.0034051031638968,0.0034167375075944,0.0034284516268605,0.0035088115192198,0.1165501165501166,0.1349206349206348,0.1595092024539877,0.1684587813620071,0.2236842105263159,0.2954545454545454,0.3968253968253967,0.26,0.0589910496338488,0.0131904369332231,0.0649692712906058,-0.02732707087959,0.0253940455341505,-0.0021843599825251,-0.0550693527080581,0.0387650085763293,0.0113436418131709,0.0206358293523576,0.0138147261410606,0.0170232806630463,0.0121693835322558,0.0191640375904811,0.0180334387431373,0.0158915991039243,4.3,4.7,4.7,5.3,5.1,5.7,5.6,6.0,65,0,0
2006-10-01,281.95,0.0073240443015363,-0.0035477767265846,0.008,0.0052646356872103,0.0022801942331756,0.0019083969465647,-0.0598890942698706,0.0122112259761726,4.5,0.0044138228011625,0.0159685004921796,0.0197412447022082,0.0434479013111956,0.0543149284253576,0.0747725174732953,0.0461715336859049,0.0366609458428679,0.0175691937424788,0.0104571984435797,0.0031715052451817,0.01060157790927,0.0084535057185479,0.0146316851664984,0.0068580137160274,0.0074206755373591,0.0080645161290322,0.0081300813008129,-0.0060606060606059,-0.0060240963855421,-0.0059880239520958,-0.0059523809523809,-0.0019801980198019,-0.0019762845849802,0.0052924987650835,0.0053206583427922,0.0113721973094169,0.0115030118295957,0.0116368708931389,0.0117738820383301,0.001562383751209,0.0015648286140088,0.0017001752685927,0.0017030707874263,0.0017059761856319,0.0017088915138583,0.003393547783602,0.0034051031638968,0.0034167375075944,0.0034284516268605,0.093945720250522,0.1165501165501166,0.1349206349206348,0.1595092024539877,0.1684587813620071,0.2236842105263159,0.2954545454545454,0.3968253968253967,0.0391855551286977,0.0589910496338488,0.0131904369332231,0.0649692712906058,-0.02732707087959,0.0253940455341505,-0.0021843599825251,-0.0550693527080581,0.0084898131548913,0.0113436418131709,0.0206358293523576,0.0138147261410606,0.0170232806630463,0.0121693835322558,0.0191640375904811,0.0180334387431373,5.2,4.3,4.7,4.7,5.3,5.1,5.7,5.6,66,0,0
2007-01-01,280.11,-0.0065259797836495,0.0021409921671018,0.0079365079365079,0.0052370644508064,0.0022750067758448,0.0,-0.0220212347620919,0.0125424870864898,4.8,0.0073240443015363,0.0044138228011625,0.0159685004921796,0.0197412447022082,0.0434479013111956,0.0543149284253576,0.0747725174732953,0.0461715336859049,-0.0035477767265846,0.0175691937424788,0.0104571984435797,0.0031715052451817,0.01060157790927,0.0084535057185479,0.0146316851664984,0.0068580137160274,0.008,0.0080645161290322,0.0081300813008129,-0.0060606060606059,-0.0060240963855421,-0.0059880239520958,-0.0059523809523809,-0.0019801980198019,0.0052646356872103,0.0052924987650835,0.0053206583427922,0.0113721973094169,0.0115030118295957,0.0116368708931389,0.0117738820383301,0.001562383751209,0.0022801942331756,0.0017001752685927,0.0017030707874263,0.0017059761856319,0.0017088915138583,0.003393547783602,0.0034051031638968,0.0034167375075944,0.0019083969465647,0.093945720250522,0.1165501165501166,0.1349206349206348,0.1595092024539877,0.1684587813620071,0.2236842105263159,0.2954545454545454,-0.0598890942698706,0.0391855551286977,0.0589910496338488,0.0131904369332231,0.0649692712906058,-0.02732707087959,0.0253940455341505,-0.0021843599825251,0.0122112259761726,0.0084898131548913,0.0113436418131709,0.0206358293523576,0.0138147261410606,0.0170232806630463,0.0121693835322558,0.0191640375904811,4.5,5.2,4.3,4.7,4.7,5.3,5.1,5.7,67,0,0
2007-04-01,278.1,-0.0071757523829923,0.0197772630162813,0.0098425196850393,0.0139969435954432,0.0022698428679401,0.0,-0.0060313630880579,0.013114489093746,3.9,-0.0065259797836495,0.0073240443015363,0.0044138228011625,0.0159685004921796,0.0197412447022082,0.0434479013111956,0.0543149284253576,0.0747725174732953,0.0021409921671018,-0.0035477767265846,0.0175691937424788,0.0104571984435797,0.0031715052451817,0.01060157790927,0.0084535057185479,0.0146316851664984,0.0079365079365079,0.008,0.0080645161290322,0.0081300813008129,-0.0060606060606059,-0.0060240963855421,-0.0059880239520958,-0.0059523809523809,0.0052370644508064,0.0052646356872103,0.0052924987650835,0.0053206583427922,0.0113721973094169,0.0115030118295957,0.0116368708931389,0.0117738820383301,0.0022750067758448,0.0022801942331756,0.0017001752685927,0.0017030707874263,0.0017059761856319,0.0017088915138583,0.003393547783602,0.0034051031638968,0.0,0.0019083969465647,0.093945720250522,0.1165501165501166,0.1349206349206348,0.1595092024539877,0.1684587813620071,0.2236842105263159,-0.0220212347620919,-0.0598890942698706,0.0391855551286977,0.0589910496338488,0.0131904369332231,0.0649692712906058,-0.02732707087959,0.0253940455341505,0.0125424870864898,0.0122112259761726,0.0084898131548913,0.0113436418131709,0.0206358293523576,0.0138147261410606,0.0170232806630463,0.0121693835322558,4.8,4.5,5.2,4.3,4.7,4.7,5.3,5.1,68,0,0
2007-07-01,271.97,-0.0220424307802948,0.0089280737286088,0.0097465886939571,0.013803733516013,0.0022647023494641,0.0019047619047618,0.0833333333333334,0.0112508038768284,4.6,-0.0071757523829923,-0.0065259797836495,0.0073240443015363,0.0044138228011625,0.0159685004921796,0.0197412447022082,0.0434479013111956,0.0543149284253576,0.0197772630162813,0.0021409921671018,-0.0035477767265846,0.0175691937424788,0.0104571984435797,0.0031715052451817,0.01060157790927,0.0084535057185479,0.0098425196850393,0.0079365079365079,0.008,0.0080645161290322,0.0081300813008129,-0.0060606060606059,-0.0060240963855421,-0.0059880239520958,0.0139969435954432,0.0052370644508064,0.0052646356872103,0.0052924987650835,0.0053206583427922,0.0113721973094169,0.0115030118295957,0.0116368708931389,0.0022698428679401,0.0022750067758448,0.0022801942331756,0.0017001752685927,0.0017030707874263,0.0017059761856319,0.0017088915138583,0.003393547783602,0.0,0.0,0.0019083969465647,0.093945720250522,0.1165501165501166,0.1349206349206348,0.1595092024539877,0.1684587813620071,-0.0060313630880579,-0.0220212347620919,-0.0598890942698706,0.0391855551286977,0.0589910496338488,0.0131904369332231,0.0649692712906058,-0.02732707087959,0.013114489093746,0.0125424870864898,0.0122112259761726,0.0084898131548913,0.0113436418131709,0.0206358293523576,0.0138147261410606,0.0170232806630463,3.9,4.8,4.5,5.2,4.3,4.7,4.7,5.3,69,0,0
2007-10-01,265.68,-0.0231275508328124,0.005506496376578,0.0096525096525097,0.0136157848503277,0.0030539524222792,-0.0950570342205323,-0.0477968633308439,0.0103638964174759,4.1,-0.0220424307802948,-0.0071757523829923,-0.0065259797836495,0.0073240443015363,0.0044138228011625,0.0159685004921796,0.0197412447022082,0.0434479013111956,0.0089280737286088,0.0197772630162813,0.0021409921671018,-0.0035477767265846,0.0175691937424788,0.0104571984435797,0.0031715052451817,0.01060157790927,0.0097465886939571,0.0098425196850393,0.0079365079365079,0.008,0.0080645161290322,0.0081300813008129,-0.0060606060606059,-0.0060240963855421,0.013803733516013,0.0139969435954432,0.0052370644508064,0.0052646356872103,0.0052924987650835,0.0053206583427922,0.0113721973094169,0.0115030118295957,0.0022647023494641,0.0022698428679401,0.0022750067758448,0.0022801942331756,0.0017001752685927,0.0017030707874263,0.0017059761856319,0.0017088915138583,0.0019047619047618,0.0,0.0,0.0019083969465647,0.093945720250522,0.1165501165501166,0.1349206349206348,0.1595092024539877,0.0833333333333334,-0.0060313630880579,-0.0220212347620919,-0.0598890942698706,0.0391855551286977,0.0589910496338488,0.0131904369332231,0.0649692712906058,0.0112508038768284,0.013114489093746,0.0125424870864898,0.0122112259761726,0.0084898131548913,0.0113436418131709,0.0206358293523576,0.0138147261410606,4.6,3.9,4.8,4.5,5.2,4.3,4.7,4.7,70,1,0
2008-01-01,258.29,-0.0278154170430592,0.0100414846561718,0.0095602294455066,0.013432885570481,0.0030446541932309,-0.1722689075630251,-0.0967843137254902,-0.0005789987372118,4.4,-0.0231275508328124,-0.0220424307802948,-0.0071757523829923,-0.0065259797836495,0.0073240443015363,0.0044138228011625,0.0159685004921796,0.0197412447022082,0.005506496376578,0.0089280737286088,0.0197772630162813,0.0021409921671018,-0.0035477767265846,0.0175691937424788,0.0104571984435797,0.0031715052451817,0.0096525096525097,0.0097465886939571,0.0098425196850393,0.0079365079365079,0.008,0.0080645161290322,0.0081300813008129,-0.0060606060606059,0.0136157848503277,0.013803733516013,0.0139969435954432,0.0052370644508064,0.0052646356872103,0.0052924987650835,0.0053206583427922,0.0113721973094169,0.0030539524222792,0.0022647023494641,0.0022698428679401,0.0022750067758448,0.0022801942331756,0.0017001752685927,0.0017030707874263,0.0017059761856319,-0.0950570342205323,0.0019047619047618,0.0,0.0,0.0019083969465647,0.093945720250522,0.1165501165501166,0.1349206349206348,-0.0477968633308439,0.0833333333333334,-0.0060313630880579,-0.0220212347620919,-0.0598890942698706,0.0391855551286977,0.0589910496338488,0.0131904369332231,0.0103638964174759,0.0112508038768284,0.013114489093746,0.0125424870864898,0.0122112259761726,0.0084898131548913,0.0113436418131709,0.0206358293523576,4.1,4.6,3.9,4.8,4.5,5.2,4.3,4.7,71,1,0
2008-04-01,242.01,-0.0630299276007589,0.0133847416212198,0.0208333333333332,-0.0100315747927903,0.0030354124121021,-0.4213197969543147,0.0277005904828067,0.0108226014851353,4.0,-0.0278154170430592,-0.0231275508328124,-0.0220424307802948,-0.0071757523829923,-0.0065259797836495,0.0073240443015363,0.0044138228011625,0.0159685004921796,0.0100414846561718,0.005506496376578,0.0089280737286088,0.0197772630162813,0.0021409921671018,-0.0035477767265846,0.0175691937424788,0.0104571984435797,0.0095602294455066,0.0096525096525097,0.0097465886939571,0.0098425196850393,0.0079365079365079,0.008,0.0080645161290322,0.0081300813008129,0.013432885570481,0.0136157848503277,0.013803733516013,0.0139969435954432,0.0052370644508064,0.0052646356872103,0.0052924987650835,0.0053206583427922,0.0030446541932309,0.0030539524222792,0.0022647023494641,0.0022698428679401,0.0022750067758448,0.0022801942331756,0.0017001752685927,0.0017030707874263,-0.1722689075630251,-0.0950570342205323,0.0019047619047618,0.0,0.0,0.0019083969465647,0.093945720250522,0.1165501165501166,-0.0967843137254902,-0.0477968633308439,0.0833333333333334,-0.0060313630880579,-0.0220212347620919,-0.0598890942698706,0.0391855551286977,0.0589910496338488,-0.0005789987372118,0.0103638964174759,0.0112508038768284,0.013114489093746,0.0125424870864898,0.0122112259761726,0.0084898131548913,0.0113436418131709,4.4,4.1,4.6,3.9,4.8,4.5,5.2,4.3,72,1,0
2008-07-01,229.66,-0.0510309491343332,0.0240606246323356,0.0204081632653061,-0.0101332270175088,0.0030262265664204,-0.1184210526315789,0.085931558935361,0.0022399212791917,5.5,-0.0630299276007589,-0.0278154170430592,-0.0231275508328124,-0.0220424307802948,-0.0071757523829923,-0.0065259797836495,0.0073240443015363,0.0044138228011625,0.0133847416212198,0.0100414846561718,0.005506496376578,0.0089280737286088,0.0197772630162813,0.0021409921671018,-0.0035477767265846,0.0175691937424788,0.0208333333333332,0.0095602294455066,0.0096525096525097,0.0097465886939571,0.0098425196850393,0.0079365079365079,0.008,0.0080645161290322,-0.0100315747927903,0.013432885570481,0.0136157848503277,0.013803733516013,0.0139969435954432,0.0052370644508064,0.0052646356872103,0.0052924987650835,0.0030354124121021,0.0030446541932309,0.0030539524222792,0.0022647023494641,0.0022698428679401,0.0022750067758448,0.0022801942331756,0.0017001752685927,-0.4213197969543147,-0.1722689075630251,-0.0950570342205323,0.0019047619047618,0.0,0.0,0.0019083969465647,0.093945720250522,0.0277005904828067,-0.0967843137254902,-0.0477968633308439,0.0833333333333334,-0.0060313630880579,-0.0220212347620919,-0.0598890942698706,0.0391855551286977,0.0108226014851353,-0.0005789987372118,0.0103638964174759,0.0112508038768284,0.013114489093746,0.0125424870864898,0.0122112259761726,0.0084898131548913,4.0,4.4,4.1,4.6,3.9,4.8,4.5,5.2,73,1,0
2008-10-01,225.39,-0.0185927022555082,-0.0117858796599655,0.02,-0.0102369604618379,0.0045698293917963,-0.5174129353233831,-0.0351696234049173,-0.0195174185863089,5.8,-0.0510309491343332,-0.0630299276007589,-0.0278154170430592,-0.0231275508328124,-0.0220424307802948,-0.0071757523829923,-0.0065259797836495,0.0073240443015363,0.0240606246323356,0.0133847416212198,0.0100414846561718,0.005506496376578,0.0089280737286088,0.0197772630162813,0.0021409921671018,-0.0035477767265846,0.0204081632653061,0.0208333333333332,0.0095602294455066,0.0096525096525097,0.0097465886939571,0.0098425196850393,0.0079365079365079,0.008,-0.0101332270175088,-0.0100315747927903,0.013432885570481,0.0136157848503277,0.013803733516013,0.0139969435954432,0.0052370644508064,0.0052646356872103,0.0030262265664204,0.0030354124121021,0.0030446541932309,0.0030539524222792,0.0022647023494641,0.0022698428679401,0.0022750067758448,0.0022801942331756,-0.1184210526315789,-0.4213197969543147,-0.1722689075630251,-0.0950570342205323,0.0019047619047618,0.0,0.0,0.0019083969465647,0.085931558935361,0.0277005904828067,-0.0967843137254902,-0.0477968633308439,0.0833333333333334,-0.0060313630880579,-0.0220212347620919,-0.0598890942698706,0.0022399212791917,0.0108226014851353,-0.0005789987372118,0.0103638964174759,0.0112508038768284,0.013114489093746,0.0125424870864898,0.0122112259761726,5.5,4.0,4.4,4.1,4.6,3.9,4.8,4.5,74,1,0
2009-01-01,225.58,0.0008429832734373,-0.0194058880735567,0.0196078431372548,-0.01034283970294,0.0045490410503001,-0.845360824742268,-0.1858870967741936,-0.0121374906396808,7.2,-0.0185927022555082,-0.0510309491343332,-0.0630299276007589,-0.0278154170430592,-0.0231275508328124,-0.0220424307802948,-0.0071757523829923,-0.0065259797836495,-0.0117858796599655,0.0240606246323356,0.0133847416212198,0.0100414846561718,0.005506496376578,0.0089280737286088,0.0197772630162813,0.0021409921671018,0.02,0.0204081632653061,0.0208333333333332,0.0095602294455066,0.0096525096525097,0.0097465886939571,0.0098425196850393,0.0079365079365079,-0.0102369604618379,-0.0101332270175088,-0.0100315747927903,0.013432885570481,0.0136157848503277,0.013803733516013,0.0139969435954432,0.0052370644508064,0.0045698293917963,0.0030262265664204,0.0030354124121021,0.0030446541932309,0.0030539524222792,0.0022647023494641,0.0022698428679401,0.0022750067758448,-0.5174129353233831,-0.1184210526315789,-0.4213197969543147,-0.1722689075630251,-0.0950570342205323,0.0019047619047618,0.0,0.0,-0.0351696234049173,0.085931558935361,0.0277005904828067,-0.0967843137254902,-0.0477968633308439,0.0833333333333334,-0.0060313630880579,-0.0220212347620919,-0.0195174185863089,0.0022399212791917,0.0108226014851353,-0.0005789987372118,0.0103638964174759,0.0112508038768284,0.013114489093746,0.0125424870864898,5.8,5.5,4.0,4.4,4.1,4.6,3.9,4.8,75,1,0
2009-04-01,218.12,-0.0330703076513875,0.005754406527521,0.0139860139860139,0.0141858552631579,0.0045284409863595,0.0,-0.0470529965329369,-0.0034416421094121,7.0,0.0008429832734373,-0.0185927022555082,-0.0510309491343332,-0.0630299276007589,-0.0278154170430592,-0.0231275508328124,-0.0220424307802948,-0.0071757523829923,-0.0194058880735567,-0.0117858796599655,0.0240606246323356,0.0133847416212198,0.0100414846561718,0.005506496376578,0.0089280737286088,0.0197772630162813,0.0196078431372548,0.02,0.0204081632653061,0.0208333333333332,0.0095602294455066,0.0096525096525097,0.0097465886939571,0.0098425196850393,-0.01034283970294,-0.0102369604618379,-0.0101332270175088,-0.0100315747927903,0.013432885570481,0.0136157848503277,0.013803733516013,0.0139969435954432,0.0045490410503001,0.0045698293917963,0.0030262265664204,0.0030354124121021,0.0030446541932309,0.0030539524222792,0.0022647023494641,0.0022698428679401,-0.845360824742268,-0.5174129353233831,-0.1184210526315789,-0.4213197969543147,-0.1722689075630251,-0.0950570342205323,0.0019047619047618,0.0,-0.1858870967741936,-0.0351696234049173,0.085931558935361,0.0277005904828067,-0.0967843137254902,-0.0477968633308439,0.0833333333333334,-0.0060313630880579,-0.0121374906396808,-0.0195174185863089,0.0022399212791917,0.0108226014851353,-0.0005789987372118,0.0103638964174759,0.0112508038768284,0.013114489093746,7.2,5.8,5.5,4.0,4.4,4.1,4.6,3.9,76,1,0
2009-07-01,213.24,-0.022373005684944,0.013345644344741,0.0137931034482758,0.0139874315832151,0.0045080266536932,0.0666666666666666,0.0856548856548855,0.0047037681601218,8.3,-0.0330703076513875,0.0008429832734373,-0.0185927022555082,-0.0510309491343332,-0.0630299276007589,-0.0278154170430592,-0.0231275508328124,-0.0220424307802948,0.005754406527521,-0.0194058880735567,-0.0117858796599655,0.0240606246323356,0.0133847416212198,0.0100414846561718,0.005506496376578,0.0089280737286088,0.0139860139860139,0.0196078431372548,0.02,0.0204081632653061,0.0208333333333332,0.0095602294455066,0.0096525096525097,0.0097465886939571,0.0141858552631579,-0.01034283970294,-0.0102369604618379,-0.0101332270175088,-0.0100315747927903,0.013432885570481,0.0136157848503277,0.013803733516013,0.0045284409863595,0.0045490410503001,0.0045698293917963,0.0030262265664204,0.0030354124121021,0.0030446541932309,0.0030539524222792,0.0022647023494641,0.0,-0.845360824742268,-0.5174129353233831,-0.1184210526315789,-0.4213197969543147,-0.1722689075630251,-0.0950570342205323,0.0019047619047618,-0.0470529965329369,-0.1858870967741936,-0.0351696234049173,0.085931558935361,0.0277005904828067,-0.0967843137254902,-0.0477968633308439,0.0833333333333334,-0.0034416421094121,-0.0121374906396808,-0.0195174185863089,0.0022399212791917,0.0108226014851353,-0.0005789987372118,0.0103638964174759,0.0112508038768284,7.0,7.2,5.8,5.5,4.0,4.4,4.1,4.6,77,1,0
2009-10-01,213.92,0.0031888951416243,0.0034190831726261,0.0136054421768707,0.0137944822071172,0.0092441147129938,-0.25,-0.0517043278437381,0.014005720304173,8.5,-0.022373005684944,-0.0330703076513875,0.0008429832734373,-0.0185927022555082,-0.0510309491343332,-0.0630299276007589,-0.0278154170430592,-0.0231275508328124,0.013345644344741,0.005754406527521,-0.0194058880735567,-0.0117858796599655,0.0240606246323356,0.0133847416212198,0.0100414846561718,0.005506496376578,0.0137931034482758,0.0139860139860139,0.0196078431372548,0.02,0.0204081632653061,0.0208333333333332,0.0095602294455066,0.0096525096525097,0.0139874315832151,0.0141858552631579,-0.01034283970294,-0.0102369604618379,-0.0101332270175088,-0.0100315747927903,0.013432885570481,0.0136157848503277,0.0045080266536932,0.0045284409863595,0.0045490410503001,0.0045698293917963,0.0030262265664204,0.0030354124121021,0.0030446541932309,0.0030539524222792,0.0666666666666666,0.0,-0.845360824742268,-0.5174129353233831,-0.1184210526315789,-0.4213197969543147,-0.1722689075630251,-0.0950570342205323,0.0856548856548855,-0.0470529965329369,-0.1858870967741936,-0.0351696234049173,0.085931558935361,0.0277005904828067,-0.0967843137254902,-0.0477968633308439,0.0047037681601218,-0.0034416421094121,-0.0121374906396808,-0.0195174185863089,0.0022399212791917,0.0108226014851353,-0.0005789987372118,0.0103638964174759,8.3,7.0,7.2,5.8,5.5,4.0,4.4,4.1,78,1,0
2010-01-01,211.72,-0.0102842183994016,0.002569900862658,0.0134228187919462,0.0136067836718596,0.0091594437641311,-0.0833333333333332,0.015751211631664,0.0077372925680261,8.9,0.0031888951416243,-0.022373005684944,-0.0330703076513875,0.0008429832734373,-0.0185927022555082,-0.0510309491343332,-0.0630299276007589,-0.0278154170430592,0.0034190831726261,0.013345644344741,0.005754406527521,-0.0194058880735567,-0.0117858796599655,0.0240606246323356,0.0133847416212198,0.0100414846561718,0.0136054421768707,0.0137931034482758,0.0139860139860139,0.0196078431372548,0.02,0.0204081632653061,0.0208333333333332,0.0095602294455066,0.0137944822071172,0.0139874315832151,0.0141858552631579,-0.01034283970294,-0.0102369604618379,-0.0101332270175088,-0.0100315747927903,0.013432885570481,0.0092441147129938,0.0045080266536932,0.0045284409863595,0.0045490410503001,0.0045698293917963,0.0030262265664204,0.0030354124121021,0.0030446541932309,-0.25,0.0666666666666666,0.0,-0.845360824742268,-0.5174129353233831,-0.1184210526315789,-0.4213197969543147,-0.1722689075630251,-0.0517043278437381,0.0856548856548855,-0.0470529965329369,-0.1858870967741936,-0.0351696234049173,0.085931558935361,0.0277005904828067,-0.0967843137254902,0.014005720304173,0.0047037681601218,-0.0034416421094121,-0.0121374906396808,-0.0195174185863089,0.0022399212791917,0.0108226014851353,-0.0005789987372118,8.5,8.3,7.0,7.2,5.8,5.5,4.0,4.4,79,0,0
2010-04-01,211.96,0.0011335726431136,0.0048979950756242,-0.0016556291390729,-0.0146887159533073,0.0090763098147965,0.8181818181818183,0.0135188866799205,0.0146013338652357,7.9,-0.0102842183994016,0.0031888951416243,-0.022373005684944,-0.0330703076513875,0.0008429832734373,-0.0185927022555082,-0.0510309491343332,-0.0630299276007589,0.002569900862658,0.0034190831726261,0.013345644344741,0.005754406527521,-0.0194058880735567,-0.0117858796599655,0.0240606246323356,0.0133847416212198,0.0134228187919462,0.0136054421768707,0.0137931034482758,0.0139860139860139,0.0196078431372548,0.02,0.0204081632653061,0.0208333333333332,0.0136067836718596,0.0137944822071172,0.0139874315832151,0.0141858552631579,-0.01034283970294,-0.0102369604618379,-0.0101332270175088,-0.0100315747927903,0.0091594437641311,0.0092441147129938,0.0045080266536932,0.0045284409863595,0.0045490410503001,0.0045698293917963,0.0030262265664204,0.0030354124121021,-0.0833333333333332,-0.25,0.0666666666666666,0.0,-0.845360824742268,-0.5174129353233831,-0.1184210526315789,-0.4213197969543147,0.015751211631664,-0.0517043278437381,0.0856548856548855,-0.0470529965329369,-0.1858870967741936,-0.0351696234049173,0.085931558935361,0.0277005904828067,0.0077372925680261,0.014005720304173,0.0047037681601218,-0.0034416421094121,-0.0121374906396808,-0.0195174185863089,0.0022399212791917,0.0108226014851353,8.9,8.5,8.3,7.0,7.2,5.8,5.5,4.0,80,0,0
2010-07-01,214.66,0.0127382525004717,-0.000533790701541,-0.001658374792703,-0.0149076907888241,0.0089946713905733,-0.1,-0.1047469595919969,0.0107751615750211,8.6,0.0011335726431136,-0.0102842183994016,0.0031888951416243,-0.022373005684944,-0.0330703076513875,0.0008429832734373,-0.0185927022555082,-0.0510309491343332,0.0048979950756242,0.002569900862658,0.0034190831726261,0.013345644344741,0.005754406527521,-0.0194058880735567,-0.0117858796599655,0.0240606246323356,-0.0016556291390729,0.0134228187919462,0.0136054421768707,0.0137931034482758,0.0139860139860139,0.0196078431372548,0.02,0.0204081632653061,-0.0146887159533073,0.0136067836718596,0.0137944822071172,0.0139874315832151,0.0141858552631579,-0.01034283970294,-0.0102369604618379,-0.0101332270175088,0.0090763098147965,0.0091594437641311,0.0092441147129938,0.0045080266536932,0.0045284409863595,0.0045490410503001,0.0045698293917963,0.0030262265664204,0.8181818181818183,-0.0833333333333332,-0.25,0.0666666666666666,0.0,-0.845360824742268,-0.5174129353233831,-0.1184210526315789,0.0135188866799205,0.015751211631664,-0.0517043278437381,0.0856548856548855,-0.0470529965329369,-0.1858870967741936,-0.0351696234049173,0.085931558935361,0.0146013338652357,0.0077372925680261,0.014005720304173,0.0047037681601218,-0.0034416421094121,-0.0121374906396808,-0.0195174185863089,0.0022399212791917,7.9,8.9,8.5,8.3,7.0,7.2,5.8,5.5,81,0,0
2010-10-01,214.15,-0.0023758501816826,0.009366025775723,-0.0016611295681063,-0.0151332932451393,0.0046233464401301,0.0555555555555555,-0.0742769500438212,0.0110864718652385,8.2,0.0127382525004717,0.0011335726431136,-0.0102842183994016,0.0031888951416243,-0.022373005684944,-0.0330703076513875,0.0008429832734373,-0.0185927022555082,-0.000533790701541,0.0048979950756242,0.002569900862658,0.0034190831726261,0.013345644344741,0.005754406527521,-0.0194058880735567,-0.0117858796599655,-0.001658374792703,-0.0016556291390729,0.0134228187919462,0.0136054421768707,0.0137931034482758,0.0139860139860139,0.0196078431372548,0.02,-0.0149076907888241,-0.0146887159533073,0.0136067836718596,0.0137944822071172,0.0139874315832151,0.0141858552631579,-0.01034283970294,-0.0102369604618379,0.0089946713905733,0.0090763098147965,0.0091594437641311,0.0092441147129938,0.0045080266536932,0.0045284409863595,0.0045490410503001,0.0045698293917963,-0.1,0.8181818181818183,-0.0833333333333332,-0.25,0.0666666666666666,0.0,-0.845360824742268,-0.5174129353233831,-0.1047469595919969,0.0135188866799205,0.015751211631664,-0.0517043278437381,0.0856548856548855,-0.0470529965329369,-0.1858870967741936,-0.0351696234049173,0.0107751615750211,0.0146013338652357,0.0077372925680261,0.014005720304173,0.0047037681601218,-0.0034416421094121,-0.0121374906396808,-0.0195174185863089,8.6,7.9,8.9,8.5,8.3,7.0,7.2,5.8,82,0,0
2011-01-01,209.44,-0.0219939294886761,0.0095350032419445,-0.0016638935108153,-0.0153658288389132,0.004602069478589,-0.1052631578947368,0.1254437869822486,0.0027417009885513,8.6,-0.0023758501816826,0.0127382525004717,0.0011335726431136,-0.0102842183994016,0.0031888951416243,-0.022373005684944,-0.0330703076513875,0.0008429832734373,0.009366025775723,-0.000533790701541,0.0048979950756242,0.002569900862658,0.0034190831726261,0.013345644344741,0.005754406527521,-0.0194058880735567,-0.0016611295681063,-0.001658374792703,-0.0016556291390729,0.0134228187919462,0.0136054421768707,0.0137931034482758,0.0139860139860139,0.0196078431372548,-0.0151332932451393,-0.0149076907888241,-0.0146887159533073,0.0136067836718596,0.0137944822071172,0.0139874315832151,0.0141858552631579,-0.01034283970294,0.0046233464401301,0.0089946713905733,0.0090763098147965,0.0091594437641311,0.0092441147129938,0.0045080266536932,0.0045284409863595,0.0045490410503001,0.0555555555555555,-0.1,0.8181818181818183,-0.0833333333333332,-0.25,0.0666666666666666,0.0,-0.845360824742268,-0.0742769500438212,-0.1047469595919969,0.0135188866799205,0.015751211631664,-0.0517043278437381,0.0856548856548855,-0.0470529965329369,-0.1858870967741936,0.0110864718652385,0.0107751615750211,0.0146013338652357,0.0077372925680261,0.014005720304173,0.0047037681601218,-0.0034416421094121,-0.0121374906396808,8.2,8.6,7.9,8.9,8.5,8.3,7.0,7.2,83,0,0
2011-04-01,208.89,-0.0026260504201681,0.0150148214976155,0.0,0.0396513710899821,0.0045809874560358,-0.4117647058823529,0.0178759200841218,0.0134248573815316,7.9,-0.0219939294886761,-0.0023758501816826,0.0127382525004717,0.0011335726431136,-0.0102842183994016,0.0031888951416243,-0.022373005684944,-0.0330703076513875,0.0095350032419445,0.009366025775723,-0.000533790701541,0.0048979950756242,0.002569900862658,0.0034190831726261,0.013345644344741,0.005754406527521,-0.0016638935108153,-0.0016611295681063,-0.001658374792703,-0.0016556291390729,0.0134228187919462,0.0136054421768707,0.0137931034482758,0.0139860139860139,-0.0153658288389132,-0.0151332932451393,-0.0149076907888241,-0.0146887159533073,0.0136067836718596,0.0137944822071172,0.0139874315832151,0.0141858552631579,0.004602069478589,0.0046233464401301,0.0089946713905733,0.0090763098147965,0.0091594437641311,0.0092441147129938,0.0045080266536932,0.0045284409863595,-0.1052631578947368,0.0555555555555555,-0.1,0.8181818181818183,-0.0833333333333332,-0.25,0.0666666666666666,0.0,0.1254437869822486,-0.0742769500438212,-0.1047469595919969,0.0135188866799205,0.015751211631664,-0.0517043278437381,0.0856548856548855,-0.0470529965329369,0.0027417009885513,0.0110864718652385,0.0107751615750211,0.0146013338652357,0.0077372925680261,0.014005720304173,0.0047037681601218,-0.0034416421094121,8.6,8.2,8.6,7.9,8.9,8.5,8.3,7.0,84,0,0
2011-07-01,211.71,0.0134999281918715,0.008151863373754,0.0,0.0381391033500115,0.0045600977056481,-0.2999999999999999,-0.0609504132231404,0.0057940397899693,8.9,-0.0026260504201681,-0.0219939294886761,-0.0023758501816826,0.0127382525004717,0.0011335726431136,-0.0102842183994016,0.0031888951416243,-0.022373005684944,0.0150148214976155,0.0095350032419445,0.009366025775723,-0.000533790701541,0.0048979950756242,0.002569900862658,0.0034190831726261,0.013345644344741,0.0,-0.0016638935108153,-0.0016611295681063,-0.001658374792703,-0.0016556291390729,0.0134228187919462,0.0136054421768707,0.0137931034482758,0.0396513710899821,-0.0153658288389132,-0.0151332932451393,-0.0149076907888241,-0.0146887159533073,0.0136067836718596,0.0137944822071172,0.0139874315832151,0.0045809874560358,0.004602069478589,0.0046233464401301,0.0089946713905733,0.0090763098147965,0.0091594437641311,0.0092441147129938,0.0045080266536932,-0.4117647058823529,-0.1052631578947368,0.0555555555555555,-0.1,0.8181818181818183,-0.0833333333333332,-0.25,0.0666666666666666,0.0178759200841218,0.1254437869822486,-0.0742769500438212,-0.1047469595919969,0.0135188866799205,0.015751211631664,-0.0517043278437381,0.0856548856548855,0.0134248573815316,0.0027417009885513,0.0110864718652385,0.0107751615750211,0.0146013338652357,0.0077372925680261,0.014005720304173,0.0047037681601218,7.9,8.6,8.2,8.6,7.9,8.9,8.5,8.3,85,0,0
2011-10-01,213.75,0.0096358225875017,0.001087362662737,0.0,0.0367379508458347,0.0042177206076607,0.0,-0.105060506050605,0.0124350063395979,8.4,0.0134999281918715,-0.0026260504201681,-0.0219939294886761,-0.0023758501816826,0.0127382525004717,0.0011335726431136,-0.0102842183994016,0.0031888951416243,0.008151863373754,0.0150148214976155,0.0095350032419445,0.009366025775723,-0.000533790701541,0.0048979950756242,0.002569900862658,0.0034190831726261,0.0,0.0,-0.0016638935108153,-0.0016611295681063,-0.001658374792703,-0.0016556291390729,0.0134228187919462,0.0136054421768707,0.0381391033500115,0.0396513710899821,-0.0153658288389132,-0.0151332932451393,-0.0149076907888241,-0.0146887159533073,0.0136067836718596,0.0137944822071172,0.0045600977056481,0.0045809874560358,0.004602069478589,0.0046233464401301,0.0089946713905733,0.0090763098147965,0.0091594437641311,0.0092441147129938,-0.2999999999999999,-0.4117647058823529,-0.1052631578947368,0.0555555555555555,-0.1,0.8181818181818183,-0.0833333333333332,-0.25,-0.0609504132231404,0.0178759200841218,0.1254437869822486,-0.0742769500438212,-0.1047469595919969,0.0135188866799205,0.015751211631664,-0.0517043278437381,0.0057940397899693,0.0134248573815316,0.0027417009885513,0.0110864718652385,0.0107751615750211,0.0146013338652357,0.0077372925680261,0.014005720304173,8.9,7.9,8.6,8.2,8.6,7.9,8.9,8.5,86,0,0
2012-01-01,212.58,-0.0054736842105262,0.0022814007129376,0.0,0.0354361011052615,0.0042000061551481,0.1428571428571428,-0.0374923171481254,0.0143001070743762,8.4,0.0096358225875017,0.0134999281918715,-0.0026260504201681,-0.0219939294886761,-0.0023758501816826,0.0127382525004717,0.0011335726431136,-0.0102842183994016,0.001087362662737,0.008151863373754,0.0150148214976155,0.0095350032419445,0.009366025775723,-0.000533790701541,0.0048979950756242,0.002569900862658,0.0,0.0,0.0,-0.0016638935108153,-0.0016611295681063,-0.001658374792703,-0.0016556291390729,0.0134228187919462,0.0367379508458347,0.0381391033500115,0.0396513710899821,-0.0153658288389132,-0.0151332932451393,-0.0149076907888241,-0.0146887159533073,0.0136067836718596,0.0042177206076607,0.0045600977056481,0.0045809874560358,0.004602069478589,0.0046233464401301,0.0089946713905733,0.0090763098147965,0.0091594437641311,0.0,-0.2999999999999999,-0.4117647058823529,-0.1052631578947368,0.0555555555555555,-0.1,0.8181818181818183,-0.0833333333333332,-0.105060506050605,-0.0609504132231404,0.0178759200841218,0.1254437869822486,-0.0742769500438212,-0.1047469595919969,0.0135188866799205,0.015751211631664,0.0124350063395979,0.0057940397899693,0.0134248573815316,0.0027417009885513,0.0110864718652385,0.0107751615750211,0.0146013338652357,0.0077372925680261,8.4,8.9,7.9,8.6,8.2,8.6,7.9,8.9,87,0,0
2012-04-01,212.12,-0.0021638912409446,0.0140024435759893,-0.0033333333333334,-0.0226569933396765,0.0041824398819005,0.7500000000000002,-0.0012771392081736,0.0086073606593644,7.3,-0.0054736842105262,0.0096358225875017,0.0134999281918715,-0.0026260504201681,-0.0219939294886761,-0.0023758501816826,0.0127382525004717,0.0011335726431136,0.0022814007129376,0.001087362662737,0.008151863373754,0.0150148214976155,0.0095350032419445,0.009366025775723,-0.000533790701541,0.0048979950756242,0.0,0.0,0.0,0.0,-0.0016638935108153,-0.0016611295681063,-0.001658374792703,-0.0016556291390729,0.0354361011052615,0.0367379508458347,0.0381391033500115,0.0396513710899821,-0.0153658288389132,-0.0151332932451393,-0.0149076907888241,-0.0146887159533073,0.0042000061551481,0.0042177206076607,0.0045600977056481,0.0045809874560358,0.004602069478589,0.0046233464401301,0.0089946713905733,0.0090763098147965,0.1428571428571428,0.0,-0.2999999999999999,-0.4117647058823529,-0.1052631578947368,0.0555555555555555,-0.1,0.8181818181818183,-0.0374923171481254,-0.105060506050605,-0.0609504132231404,0.0178759200841218,0.1254437869822486,-0.0742769500438212,-0.1047469595919969,0.0135188866799205,0.0143001070743762,0.0124350063395979,0.0057940397899693,0.0134248573815316,0.0027417009885513,0.0110864718652385,0.0107751615750211,0.0146013338652357,8.4,8.4,8.9,7.9,8.6,8.2,8.6,7.9,88,0,0
2012-07-01,215.37,0.0153215161229491,-0.0024614127642716,-0.003344481605351,-0.0231822330392454,0.0041650199364093,0.1428571428571428,-0.0920716112531969,0.0069368299046437,8.3,-0.0021638912409446,-0.0054736842105262,0.0096358225875017,0.0134999281918715,-0.0026260504201681,-0.0219939294886761,-0.0023758501816826,0.0127382525004717,0.0140024435759893,0.0022814007129376,0.001087362662737,0.008151863373754,0.0150148214976155,0.0095350032419445,0.009366025775723,-0.000533790701541,-0.0033333333333334,0.0,0.0,0.0,0.0,-0.0016638935108153,-0.0016611295681063,-0.001658374792703,-0.0226569933396765,0.0354361011052615,0.0367379508458347,0.0381391033500115,0.0396513710899821,-0.0153658288389132,-0.0151332932451393,-0.0149076907888241,0.0041824398819005,0.0042000061551481,0.0042177206076607,0.0045600977056481,0.0045809874560358,0.004602069478589,0.0046233464401301,0.0089946713905733,0.7500000000000002,0.1428571428571428,0.0,-0.2999999999999999,-0.4117647058823529,-0.1052631578947368,0.0555555555555555,-0.1,-0.0012771392081736,-0.0374923171481254,-0.105060506050605,-0.0609504132231404,0.0178759200841218,0.1254437869822486,-0.0742769500438212,-0.1047469595919969,0.0086073606593644,0.0143001070743762,0.0124350063395979,0.0057940397899693,0.0134248573815316,0.0027417009885513,0.0110864718652385,0.0107751615750211,7.3,8.4,8.4,8.9,7.9,8.6,8.2,8.6,89,0,0
2012-10-01,216.89,0.0070576217671911,0.0091646535177707,-0.0033557046979866,-0.0237324031394045,0.0036229056391845,0.0,-0.0471830985915491,0.0061814238525459,7.5,0.0153215161229491,-0.0021638912409446,-0.0054736842105262,0.0096358225875017,0.0134999281918715,-0.0026260504201681,-0.0219939294886761,-0.0023758501816826,-0.0024614127642716,0.0140024435759893,0.0022814007129376,0.001087362662737,0.008151863373754,0.0150148214976155,0.0095350032419445,0.009366025775723,-0.003344481605351,-0.0033333333333334,0.0,0.0,0.0,0.0,-0.0016638935108153,-0.0016611295681063,-0.0231822330392454,-0.0226569933396765,0.0354361011052615,0.0367379508458347,0.0381391033500115,0.0396513710899821,-0.0153658288389132,-0.0151332932451393,0.0041650199364093,0.0041824398819005,0.0042000061551481,0.0042177206076607,0.0045600977056481,0.0045809874560358,0.004602069478589,0.0046233464401301,0.1428571428571428,0.7500000000000002,0.1428571428571428,0.0,-0.2999999999999999,-0.4117647058823529,-0.1052631578947368,0.0555555555555555,-0.0920716112531969,-0.0012771392081736,-0.0374923171481254,-0.105060506050605,-0.0609504132231404,0.0178759200841218,0.1254437869822486,-0.0742769500438212,0.0069368299046437,0.0086073606593644,0.0143001070743762,0.0124350063395979,0.0057940397899693,0.0134248573815316,0.0027417009885513,0.0110864718652385,8.3,7.3,8.4,8.4,8.9,7.9,8.6,8.2,90,0,0
2013-01-01,218.51,0.0074692240306146,-0.0019941834607792,-0.0033670033670032,-0.0243093217635423,0.0036098275745086,-0.1249999999999998,0.0093126385809312,0.0138711442137984,8.1,0.0070576217671911,0.0153215161229491,-0.0021638912409446,-0.0054736842105262,0.0096358225875017,0.0134999281918715,-0.0026260504201681,-0.0219939294886761,0.0091646535177707,-0.0024614127642716,0.0140024435759893,0.0022814007129376,0.001087362662737,0.008151863373754,0.0150148214976155,0.0095350032419445,-0.0033557046979866,-0.003344481605351,-0.0033333333333334,0.0,0.0,0.0,0.0,-0.0016638935108153,-0.0237324031394045,-0.0231822330392454,-0.0226569933396765,0.0354361011052615,0.0367379508458347,0.0381391033500115,0.0396513710899821,-0.0153658288389132,0.0036229056391845,0.0041650199364093,0.0041824398819005,0.0042000061551481,0.0042177206076607,0.0045600977056481,0.0045809874560358,0.004602069478589,0.0,0.1428571428571428,0.7500000000000002,0.1428571428571428,0.0,-0.2999999999999999,-0.4117647058823529,-0.1052631578947368,-0.0471830985915491,-0.0920716112531969,-0.0012771392081736,-0.0374923171481254,-0.105060506050605,-0.0609504132231404,0.0178759200841218,0.1254437869822486,0.0061814238525459,0.0069368299046437,0.0086073606593644,0.0143001070743762,0.0124350063395979,0.0057940397899693,0.0134248573815316,0.0027417009885513,7.5,8.3,7.3,8.4,8.4,8.9,7.9,8.6,91,0,0
2013-04-01,222.72,0.0192668527756167,0.0082760716794059,0.0,0.030244572325399,0.0035968435893385,0.0714285714285714,0.0090802577621558,0.0048352406378857,7.0,0.0074692240306146,0.0070576217671911,0.0153215161229491,-0.0021638912409446,-0.0054736842105262,0.0096358225875017,0.0134999281918715,-0.0026260504201681,-0.0019941834607792,0.0091646535177707,-0.0024614127642716,0.0140024435759893,0.0022814007129376,0.001087362662737,0.008151863373754,0.0150148214976155,-0.0033670033670032,-0.0033557046979866,-0.003344481605351,-0.0033333333333334,0.0,0.0,0.0,0.0,-0.0243093217635423,-0.0237324031394045,-0.0231822330392454,-0.0226569933396765,0.0354361011052615,0.0367379508458347,0.0381391033500115,0.0396513710899821,0.0036098275745086,0.0036229056391845,0.0041650199364093,0.0041824398819005,0.0042000061551481,0.0042177206076607,0.0045600977056481,0.0045809874560358,-0.1249999999999998,0.0,0.1428571428571428,0.7500000000000002,0.1428571428571428,0.0,-0.2999999999999999,-0.4117647058823529,0.0093126385809312,-0.0471830985915491,-0.0920716112531969,-0.0012771392081736,-0.0374923171481254,-0.105060506050605,-0.0609504132231404,0.0178759200841218,0.0138711442137984,0.0061814238525459,0.0069368299046437,0.0086073606593644,0.0143001070743762,0.0124350063395979,0.0057940397899693,0.0134248573815316,8.1,7.5,8.3,7.3,8.4,8.4,8.9,7.9,92,0,0
2013-07-01,225.83,0.0139637212643679,0.0028107280192921,0.0,0.0293566917388683,0.003583952672145,-0.4,0.2685050798258344,0.0134589761886272,7.8,0.0192668527756167,0.0074692240306146,0.0070576217671911,0.0153215161229491,-0.0021638912409446,-0.0054736842105262,0.0096358225875017,0.0134999281918715,0.0082760716794059,-0.0019941834607792,0.0091646535177707,-0.0024614127642716,0.0140024435759893,0.0022814007129376,0.001087362662737,0.008151863373754,0.0,-0.0033670033670032,-0.0033557046979866,-0.003344481605351,-0.0033333333333334,0.0,0.0,0.0,0.030244572325399,-0.0243093217635423,-0.0237324031394045,-0.0231822330392454,-0.0226569933396765,0.0354361011052615,0.0367379508458347,0.0381391033500115,0.0035968435893385,0.0036098275745086,0.0036229056391845,0.0041650199364093,0.0041824398819005,0.0042000061551481,0.0042177206076607,0.0045600977056481,0.0714285714285714,-0.1249999999999998,0.0,0.1428571428571428,0.7500000000000002,0.1428571428571428,0.0,-0.2999999999999999,0.0090802577621558,0.0093126385809312,-0.0471830985915491,-0.0920716112531969,-0.0012771392081736,-0.0374923171481254,-0.105060506050605,-0.0609504132231404,0.0048352406378857,0.0138711442137984,0.0061814238525459,0.0069368299046437,0.0086073606593644,0.0143001070743762,0.0124350063395979,0.0057940397899693,7.0,8.1,7.5,8.3,7.3,8.4,8.4,8.9,93,0,0
2013-10-01,227.43,0.0070849754239914,0.0055772652308492,0.0,0.0285194548930134,0.0029258488854295,0.0,-0.0407322654462242,0.0140487953229233,7.8,0.0139637212643679,0.0192668527756167,0.0074692240306146,0.0070576217671911,0.0153215161229491,-0.0021638912409446,-0.0054736842105262,0.0096358225875017,0.0028107280192921,0.0082760716794059,-0.0019941834607792,0.0091646535177707,-0.0024614127642716,0.0140024435759893,0.0022814007129376,0.001087362662737,0.0,0.0,-0.0033670033670032,-0.0033557046979866,-0.003344481605351,-0.0033333333333334,0.0,0.0,0.0293566917388683,0.030244572325399,-0.0243093217635423,-0.0237324031394045,-0.0231822330392454,-0.0226569933396765,0.0354361011052615,0.0367379508458347,0.003583952672145,0.0035968435893385,0.0036098275745086,0.0036229056391845,0.0041650199364093,0.0041824398819005,0.0042000061551481,0.0042177206076607,-0.4,0.0714285714285714,-0.1249999999999998,0.0,0.1428571428571428,0.7500000000000002,0.1428571428571428,0.0,0.2685050798258344,0.0090802577621558,0.0093126385809312,-0.0471830985915491,-0.0920716112531969,-0.0012771392081736,-0.0374923171481254,-0.105060506050605,0.0134589761886272,0.0048352406378857,0.0138711442137984,0.0061814238525459,0.0069368299046437,0.0086073606593644,0.0143001070743762,0.0124350063395979,7.8,7.0,8.1,7.5,8.3,7.3,8.4,8.4,94,0,0
2014-01-01,229.09,0.0072989491272039,0.0005170651704093,0.0,0.0277286489403159,0.0029173132676569,-0.2222222222222221,0.0572519083969467,0.0003326543554891,7.0,0.0070849754239914,0.0139637212643679,0.0192668527756167,0.0074692240306146,0.0070576217671911,0.0153215161229491,-0.0021638912409446,-0.0054736842105262,0.0055772652308492,0.0028107280192921,0.0082760716794059,-0.0019941834607792,0.0091646535177707,-0.0024614127642716,0.0140024435759893,0.0022814007129376,0.0,0.0,0.0,-0.0033670033670032,-0.0033557046979866,-0.003344481605351,-0.0033333333333334,0.0,0.0285194548930134,0.0293566917388683,0.030244572325399,-0.0243093217635423,-0.0237324031394045,-0.0231822330392454,-0.0226569933396765,0.0354361011052615,0.0029258488854295,0.003583952672145,0.0035968435893385,0.0036098275745086,0.0036229056391845,0.0041650199364093,0.0041824398819005,0.0042000061551481,0.0,-0.4,0.0714285714285714,-0.1249999999999998,0.0,0.1428571428571428,0.7500000000000002,0.1428571428571428,-0.0407322654462242,0.2685050798258344,0.0090802577621558,0.0093126385809312,-0.0471830985915491,-0.0920716112531969,-0.0012771392081736,-0.0374923171481254,0.0140487953229233,0.0134589761886272,0.0048352406378857,0.0138711442137984,0.0061814238525459,0.0069368299046437,0.0086073606593644,0.0143001070743762,7.8,7.8,7.0,8.1,7.5,8.3,7.3,8.4,95,0,0
2014-04-01,233.89,0.0209524640970797,0.0094396375954359,-0.0219594594594595,0.0067670050169175,0.0029088273071604,0.2857142857142856,-0.0213222021660649,0.0186518715426413,6.1,0.0072989491272039,0.0070849754239914,0.0139637212643679,0.0192668527756167,0.0074692240306146,0.0070576217671911,0.0153215161229491,-0.0021638912409446,0.0005170651704093,0.0055772652308492,0.0028107280192921,0.0082760716794059,-0.0019941834607792,0.0091646535177707,-0.0024614127642716,0.0140024435759893,0.0,0.0,0.0,0.0,-0.0033670033670032,-0.0033557046979866,-0.003344481605351,-0.0033333333333334,0.0277286489403159,0.0285194548930134,0.0293566917388683,0.030244572325399,-0.0243093217635423,-0.0237324031394045,-0.0231822330392454,-0.0226569933396765,0.0029173132676569,0.0029258488854295,0.003583952672145,0.0035968435893385,0.0036098275745086,0.0036229056391845,0.0041650199364093,0.0041824398819005,-0.2222222222222221,0.0,-0.4,0.0714285714285714,-0.1249999999999998,0.0,0.1428571428571428,0.7500000000000002,0.0572519083969467,-0.0407322654462242,0.2685050798258344,0.0090802577621558,0.0093126385809312,-0.0471830985915491,-0.0920716112531969,-0.0012771392081736,0.0003326543554891,0.0140487953229233,0.0134589761886272,0.0048352406378857,0.0138711442137984,0.0061814238525459,0.0069368299046437,0.0086073606593644,7.0,7.8,7.8,7.0,8.1,7.5,8.3,7.3,96,0,0
2014-07-01,235.74,0.0079097011415623,0.0012359159577148,-0.0224525043177892,0.006721520454282,0.0029003905718634,0.0,-0.0478386167146974,0.0163096081013289,7.2,0.0209524640970797,0.0072989491272039,0.0070849754239914,0.0139637212643679,0.0192668527756167,0.0074692240306146,0.0070576217671911,0.0153215161229491,0.0094396375954359,0.0005170651704093,0.0055772652308492,0.0028107280192921,0.0082760716794059,-0.0019941834607792,0.0091646535177707,-0.0024614127642716,-0.0219594594594595,0.0,0.0,0.0,0.0,-0.0033670033670032,-0.0033557046979866,-0.003344481605351,0.0067670050169175,0.0277286489403159,0.0285194548930134,0.0293566917388683,0.030244572325399,-0.0243093217635423,-0.0237324031394045,-0.0231822330392454,0.0029088273071604,0.0029173132676569,0.0029258488854295,0.003583952672145,0.0035968435893385,0.0036098275745086,0.0036229056391845,0.0041650199364093,0.2857142857142856,-0.2222222222222221,0.0,-0.4,0.0714285714285714,-0.1249999999999998,0.0,0.1428571428571428,-0.0213222021660649,0.0572519083969467,-0.0407322654462242,0.2685050798258344,0.0090802577621558,0.0093126385809312,-0.0471830985915491,-0.0920716112531969,0.0186518715426413,0.0003326543554891,0.0140487953229233,0.0134589761886272,0.0048352406378857,0.0138711442137984,0.0061814238525459,0.0069368299046437,6.1,7.0,7.8,7.8,7.0,8.1,7.5,8.3,97,0,0
2014-10-01,238.95,0.0136166963603969,-9.18801882344722e-05,-0.0229681978798587,0.0066766432600438,0.0025998577294898,0.0,-0.0227602905569007,0.0060576060922159,6.3,0.0079097011415623,0.0209524640970797,0.0072989491272039,0.0070849754239914,0.0139637212643679,0.0192668527756167,0.0074692240306146,0.0070576217671911,0.0012359159577148,0.0094396375954359,0.0005170651704093,0.0055772652308492,0.0028107280192921,0.0082760716794059,-0.0019941834607792,0.0091646535177707,-0.0224525043177892,-0.0219594594594595,0.0,0.0,0.0,0.0,-0.0033670033670032,-0.0033557046979866,0.006721520454282,0.0067670050169175,0.0277286489403159,0.0285194548930134,0.0293566917388683,0.030244572325399,-0.0243093217635423,-0.0237324031394045,0.0029003905718634,0.0029088273071604,0.0029173132676569,0.0029258488854295,0.003583952672145,0.0035968435893385,0.0036098275745086,0.0036229056391845,0.0,0.2857142857142856,-0.2222222222222221,0.0,-0.4,0.0714285714285714,-0.1249999999999998,0.0,-0.0478386167146974,-0.0213222021660649,0.0572519083969467,-0.0407322654462242,0.2685050798258344,0.0090802577621558,0.0093126385809312,-0.0471830985915491,0.0163096081013289,0.0186518715426413,0.0003326543554891,0.0140487953229233,0.0134589761886272,0.0048352406378857,0.0138711442137984,0.0061814238525459,7.2,6.1,7.0,7.8,7.8,7.0,8.1,7.5,98,0,0
2015-01-01,240.19,0.0051893701611216,-0.0126886213908742,-0.023508137432188,0.0066323613493424,0.0025931159968222,0.2222222222222223,-0.0906838453914766,0.0084551882559247,6.5,0.0136166963603969,0.0079097011415623,0.0209524640970797,0.0072989491272039,0.0070849754239914,0.0139637212643679,0.0192668527756167,0.0074692240306146,-9.18801882344722e-05,0.0012359159577148,0.0094396375954359,0.0005170651704093,0.0055772652308492,0.0028107280192921,0.0082760716794059,-0.0019941834607792,-0.0229681978798587,-0.0224525043177892,-0.0219594594594595,0.0,0.0,0.0,0.0,-0.0033670033670032,0.0066766432600438,0.006721520454282,0.0067670050169175,0.0277286489403159,0.0285194548930134,0.0293566917388683,0.030244572325399,-0.0243093217635423,0.0025998577294898,0.0029003905718634,0.0029088273071604,0.0029173132676569,0.0029258488854295,0.003583952672145,0.0035968435893385,0.0036098275745086,0.0,0.0,0.2857142857142856,-0.2222222222222221,0.0,-0.4,0.0714285714285714,-0.1249999999999998,-0.0227602905569007,-0.0478386167146974,-0.0213222021660649,0.0572519083969467,-0.0407322654462242,0.2685050798258344,0.0090802577621558,0.0093126385809312,0.0060576060922159,0.0163096081013289,0.0186518715426413,0.0003326543554891,0.0140487953229233,0.0134589761886272,0.0048352406378857,0.0138711442137984,6.3,7.2,6.1,7.0,7.8,7.8,7.0,8.1,99,0,0
2015-04-01,243.38,0.0132811524210001,0.0152876860885293,-0.0148148148148147,0.0010223787345222,0.0025864091379121,0.0909090909090908,0.0005449591280655,0.0119719131294888,5.5,0.0051893701611216,0.0136166963603969,0.0079097011415623,0.0209524640970797,0.0072989491272039,0.0070849754239914,0.0139637212643679,0.0192668527756167,-0.0126886213908742,-9.18801882344722e-05,0.0012359159577148,0.0094396375954359,0.0005170651704093,0.0055772652308492,0.0028107280192921,0.0082760716794059,-0.023508137432188,-0.0229681978798587,-0.0224525043177892,-0.0219594594594595,0.0,0.0,0.0,0.0,0.0066323613493424,0.0066766432600438,0.006721520454282,0.0067670050169175,0.0277286489403159,0.0285194548930134,0.0293566917388683,0.030244572325399,0.0025931159968222,0.0025998577294898,0.0029003905718634,0.0029088273071604,0.0029173132676569,0.0029258488854295,0.003583952672145,0.0035968435893385,0.2222222222222223,0.0,0.0,0.2857142857142856,-0.2222222222222221,0.0,-0.4,0.0714285714285714,-0.0906838453914766,-0.0227602905569007,-0.0478386167146974,-0.0213222021660649,0.0572519083969467,-0.0407322654462242,0.2685050798258344,0.0090802577621558,0.0084551882559247,0.0060576060922159,0.0163096081013289,0.0186518715426413,0.0003326543554891,0.0140487953229233,0.0134589761886272,0.0048352406378857,6.5,6.3,7.2,6.1,7.0,7.8,7.8,7.0,100,0,0
2015-07-01,245.63,0.0092448023666693,0.0003467447838823,-0.0150375939849625,0.0010213345438039,0.0025797368828648,0.0833333333333334,0.1018518518518518,0.0066653960462552,6.2,0.0132811524210001,0.0051893701611216,0.0136166963603969,0.0079097011415623,0.0209524640970797,0.0072989491272039,0.0070849754239914,0.0139637212643679,0.0152876860885293,-0.0126886213908742,-9.18801882344722e-05,0.0012359159577148,0.0094396375954359,0.0005170651704093,0.0055772652308492,0.0028107280192921,-0.0148148148148147,-0.023508137432188,-0.0229681978798587,-0.0224525043177892,-0.0219594594594595,0.0,0.0,0.0,0.0010223787345222,0.0066323613493424,0.0066766432600438,0.006721520454282,0.0067670050169175,0.0277286489403159,0.0285194548930134,0.0293566917388683,0.0025864091379121,0.0025931159968222,0.0025998577294898,0.0029003905718634,0.0029088273071604,0.0029173132676569,0.0029258488854295,0.003583952672145,0.0909090909090908,0.2222222222222223,0.0,0.0,0.2857142857142856,-0.2222222222222221,0.0,-0.4,0.0005449591280655,-0.0906838453914766,-0.0227602905569007,-0.0478386167146974,-0.0213222021660649,0.0572519083969467,-0.0407322654462242,0.2685050798258344,0.0119719131294888,0.0084551882559247,0.0060576060922159,0.0163096081013289,0.0186518715426413,0.0003326543554891,0.0140487953229233,0.0134589761886272,5.5,6.5,6.3,7.2,6.1,7.0,7.8,7.8,101,0,0
2015-10-01,246.65,0.0041525872246874,0.0034244119334481,-0.0152671755725189,0.0010202924838453,0.0023034308150151,-0.0769230769230769,-0.0617894216510134,0.0018210890711505,5.6,0.0092448023666693,0.0132811524210001,0.0051893701611216,0.0136166963603969,0.0079097011415623,0.0209524640970797,0.0072989491272039,0.0070849754239914,0.0003467447838823,0.0152876860885293,-0.0126886213908742,-9.18801882344722e-05,0.0012359159577148,0.0094396375954359,0.0005170651704093,0.0055772652308492,-0.0150375939849625,-0.0148148148148147,-0.023508137432188,-0.0229681978798587,-0.0224525043177892,-0.0219594594594595,0.0,0.0,0.0010213345438039,0.0010223787345222,0.0066323613493424,0.0066766432600438,0.006721520454282,0.0067670050169175,0.0277286489403159,0.0285194548930134,0.0025797368828648,0.0025864091379121,0.0025931159968222,0.0025998577294898,0.0029003905718634,0.0029088273071604,0.0029173132676569,0.0029258488854295,0.0833333333333334,0.0909090909090908,0.2222222222222223,0.0,0.0,0.2857142857142856,-0.2222222222222221,0.0,0.1018518518518518,0.0005449591280655,-0.0906838453914766,-0.0227602905569007,-0.0478386167146974,-0.0213222021660649,0.0572519083969467,-0.0407322654462242,0.0066653960462552,0.0119719131294888,0.0084551882559247,0.0060576060922159,0.0163096081013289,0.0186518715426413,0.0003326543554891,0.0140487953229233,6.2,5.5,6.5,6.3,7.2,6.1,7.0,7.8,102,0,0
2016-01-01,247.64,0.0040137847151833,-0.0041472852057661,-0.0155038759689922,0.0010192525481313,0.0022981372149371,1.8333333333333333,0.0201527924130664,0.0049251600354258,5.4,0.0041525872246874,0.0092448023666693,0.0132811524210001,0.0051893701611216,0.0136166963603969,0.0079097011415623,0.0209524640970797,0.0072989491272039,0.0034244119334481,0.0003467447838823,0.0152876860885293,-0.0126886213908742,-9.18801882344722e-05,0.0012359159577148,0.0094396375954359,0.0005170651704093,-0.0152671755725189,-0.0150375939849625,-0.0148148148148147,-0.023508137432188,-0.0229681978798587,-0.0224525043177892,-0.0219594594594595,0.0,0.0010202924838453,0.0010213345438039,0.0010223787345222,0.0066323613493424,0.0066766432600438,0.006721520454282,0.0067670050169175,0.0277286489403159,0.0023034308150151,0.0025797368828648,0.0025864091379121,0.0025931159968222,0.0025998577294898,0.0029003905718634,0.0029088273071604,0.0029173132676569,-0.0769230769230769,0.0833333333333334,0.0909090909090908,0.2222222222222223,0.0,0.0,0.2857142857142856,-0.2222222222222221,-0.0617894216510134,0.1018518518518518,0.0005449591280655,-0.0906838453914766,-0.0227602905569007,-0.0478386167146974,-0.0213222021660649,0.0572519083969467,0.0018210890711505,0.0066653960462552,0.0119719131294888,0.0084551882559247,0.0060576060922159,0.0163096081013289,0.0186518715426413,0.0003326543554891,5.6,6.2,5.5,6.5,6.3,7.2,6.1,7.0,103,0,0
2016-04-01,251.36,0.0150218058471975,0.0118696846579242,-0.0078740157480314,0.0313383866953276,0.0022928678899103,0.0882352941176469,-0.0690768237572627,0.0100275111650247,4.6,0.0040137847151833,0.0041525872246874,0.0092448023666693,0.0132811524210001,0.0051893701611216,0.0136166963603969,0.0079097011415623,0.0209524640970797,-0.0041472852057661,0.0034244119334481,0.0003467447838823,0.0152876860885293,-0.0126886213908742,-9.18801882344722e-05,0.0012359159577148,0.0094396375954359,-0.0155038759689922,-0.0152671755725189,-0.0150375939849625,-0.0148148148148147,-0.023508137432188,-0.0229681978798587,-0.0224525043177892,-0.0219594594594595,0.0010192525481313,0.0010202924838453,0.0010213345438039,0.0010223787345222,0.0066323613493424,0.0066766432600438,0.006721520454282,0.0067670050169175,0.0022981372149371,0.0023034308150151,0.0025797368828648,0.0025864091379121,0.0025931159968222,0.0025998577294898,0.0029003905718634,0.0029088273071604,1.8333333333333333,-0.0769230769230769,0.0833333333333334,0.0909090909090908,0.2222222222222223,0.0,0.0,0.2857142857142856,0.0201527924130664,-0.0617894216510134,0.1018518518518518,0.0005449591280655,-0.0906838453914766,-0.0227602905569007,-0.0478386167146974,-0.0213222021660649,0.0049251600354258,0.0018210890711505,0.0066653960462552,0.0119719131294888,0.0084551882559247,0.0060576060922159,0.0163096081013289,0.0186518715426413,5.4,5.6,6.2,5.5,6.5,6.3,7.2,6.1,104,0,0
2016-07-01,253.91,0.0101448122215148,0.0020529268984648,-0.0079365079365079,0.0303861342694164,0.0022876226733383,0.0540540540540541,-0.0457697642163661,0.0096697243254513,5.3,0.0150218058471975,0.0040137847151833,0.0041525872246874,0.0092448023666693,0.0132811524210001,0.0051893701611216,0.0136166963603969,0.0079097011415623,0.0118696846579242,-0.0041472852057661,0.0034244119334481,0.0003467447838823,0.0152876860885293,-0.0126886213908742,-9.18801882344722e-05,0.0012359159577148,-0.0078740157480314,-0.0155038759689922,-0.0152671755725189,-0.0150375939849625,-0.0148148148148147,-0.023508137432188,-0.0229681978798587,-0.0224525043177892,0.0313383866953276,0.0010192525481313,0.0010202924838453,0.0010213345438039,0.0010223787345222,0.0066323613493424,0.0066766432600438,0.006721520454282,0.0022928678899103,0.0022981372149371,0.0023034308150151,0.0025797368828648,0.0025864091379121,0.0025931159968222,0.0025998577294898,0.0029003905718634,0.0882352941176469,1.8333333333333333,-0.0769230769230769,0.0833333333333334,0.0909090909090908,0.2222222222222223,0.0,0.0,-0.0690768237572627,0.0201527924130664,-0.0617894216510134,0.1018518518518518,0.0005449591280655,-0.0906838453914766,-0.0227602905569007,-0.0478386167146974,0.0100275111650247,0.0049251600354258,0.0018210890711505,0.0066653960462552,0.0119719131294888,0.0084551882559247,0.0060576060922159,0.0163096081013289,4.6,5.4,5.6,6.2,5.5,6.5,6.3,7.2,105,0,0
2016-10-01,255.9,0.0078374227088338,-0.0021784864631053,-0.008,0.0294900457787714,0.002535676635595,0.0256410256410257,0.0087209302325581,0.0104135795957358,5.0,0.0101448122215148,0.0150218058471975,0.0040137847151833,0.0041525872246874,0.0092448023666693,0.0132811524210001,0.0051893701611216,0.0136166963603969,0.0020529268984648,0.0118696846579242,-0.0041472852057661,0.0034244119334481,0.0003467447838823,0.0152876860885293,-0.0126886213908742,-9.18801882344722e-05,-0.0079365079365079,-0.0078740157480314,-0.0155038759689922,-0.0152671755725189,-0.0150375939849625,-0.0148148148148147,-0.023508137432188,-0.0229681978798587,0.0303861342694164,0.0313383866953276,0.0010192525481313,0.0010202924838453,0.0010213345438039,0.0010223787345222,0.0066323613493424,0.0066766432600438,0.0022876226733383,0.0022928678899103,0.0022981372149371,0.0023034308150151,0.0025797368828648,0.0025864091379121,0.0025931159968222,0.0025998577294898,0.0540540540540541,0.0882352941176469,1.8333333333333333,-0.0769230769230769,0.0833333333333334,0.0909090909090908,0.2222222222222223,0.0,-0.0457697642163661,-0.0690768237572627,0.0201527924130664,-0.0617894216510134,0.1018518518518518,0.0005449591280655,-0.0906838453914766,-0.0227602905569007,0.0096697243254513,0.0100275111650247,0.0049251600354258,0.0018210890711505,0.0066653960462552,0.0119719131294888,0.0084551882559247,0.0060576060922159,5.3,4.6,5.4,5.6,6.2,5.5,6.5,6.3,106,0,0
2017-01-01,253.92,-0.0077373974208675,0.0029320081497214,-0.0080645161290322,0.0286452947259565,0.0025292632418874,0.625,0.1959654178674352,0.0099901102073565,5.2,0.0078374227088338,0.0101448122215148,0.0150218058471975,0.0040137847151833,0.0041525872246874,0.0092448023666693,0.0132811524210001,0.0051893701611216,-0.0021784864631053,0.0020529268984648,0.0118696846579242,-0.0041472852057661,0.0034244119334481,0.0003467447838823,0.0152876860885293,-0.0126886213908742,-0.008,-0.0079365079365079,-0.0078740157480314,-0.0155038759689922,-0.0152671755725189,-0.0150375939849625,-0.0148148148148147,-0.023508137432188,0.0294900457787714,0.0303861342694164,0.0313383866953276,0.0010192525481313,0.0010202924838453,0.0010213345438039,0.0010223787345222,0.0066323613493424,0.002535676635595,0.0022876226733383,0.0022928678899103,0.0022981372149371,0.0023034308150151,0.0025797368828648,0.0025864091379121,0.0025931159968222,0.0256410256410257,0.0540540540540541,0.0882352941176469,1.8333333333333333,-0.0769230769230769,0.0833333333333334,0.0909090909090908,0.2222222222222223,0.0087209302325581,-0.0457697642163661,-0.0690768237572627,0.0201527924130664,-0.0617894216510134,0.1018518518518518,0.0005449591280655,-0.0906838453914766,0.0104135795957358,0.0096697243254513,0.0100275111650247,0.0049251600354258,0.0018210890711505,0.0066653960462552,0.0119719131294888,0.0084551882559247,5.0,5.3,4.6,5.4,5.6,6.2,5.5,6.5,107,0,0
2017-04-01,261.02,0.0279615626969123,0.0038252224994597,-0.0101626016260162,0.0086206896551723,0.0025228822086533,0.3846153846153846,-0.0253012048192772,0.0082239786922091,4.4,-0.0077373974208675,0.0078374227088338,0.0101448122215148,0.0150218058471975,0.0040137847151833,0.0041525872246874,0.0092448023666693,0.0132811524210001,0.0029320081497214,-0.0021784864631053,0.0020529268984648,0.0118696846579242,-0.0041472852057661,0.0034244119334481,0.0003467447838823,0.0152876860885293,-0.0080645161290322,-0.008,-0.0079365079365079,-0.0078740157480314,-0.0155038759689922,-0.0152671755725189,-0.0150375939849625,-0.0148148148148147,0.0286452947259565,0.0294900457787714,0.0303861342694164,0.0313383866953276,0.0010192525481313,0.0010202924838453,0.0010213345438039,0.0010223787345222,0.0025292632418874,0.002535676635595,0.0022876226733383,0.0022928678899103,0.0022981372149371,0.0023034308150151,0.0025797368828648,0.0025864091379121,0.625,0.0256410256410257,0.0540540540540541,0.0882352941176469,1.8333333333333333,-0.0769230769230769,0.0833333333333334,0.0909090909090908,0.1959654178674352,0.0087209302325581,-0.0457697642163661,-0.0690768237572627,0.0201527924130664,-0.0617894216510134,0.1018518518518518,0.0005449591280655,0.0099901102073565,0.0104135795957358,0.0096697243254513,0.0100275111650247,0.0049251600354258,0.0018210890711505,0.0066653960462552,0.0119719131294888,5.2,5.0,5.3,4.6,5.4,5.6,6.2,5.5,108,0,0
2017-07-01,262.16,0.0043674814190484,0.0001937616575038,-0.0102669404517453,0.0085470085470085,0.0025165332915846,0.2777777777777777,-0.019159456118665,0.0130642864319283,5.2,0.0279615626969123,-0.0077373974208675,0.0078374227088338,0.0101448122215148,0.0150218058471975,0.0040137847151833,0.0041525872246874,0.0092448023666693,0.0038252224994597,0.0029320081497214,-0.0021784864631053,0.0020529268984648,0.0118696846579242,-0.0041472852057661,0.0034244119334481,0.0003467447838823,-0.0101626016260162,-0.0080645161290322,-0.008,-0.0079365079365079,-0.0078740157480314,-0.0155038759689922,-0.0152671755725189,-0.0150375939849625,0.0086206896551723,0.0286452947259565,0.0294900457787714,0.0303861342694164,0.0313383866953276,0.0010192525481313,0.0010202924838453,0.0010213345438039,0.0025228822086533,0.0025292632418874,0.002535676635595,0.0022876226733383,0.0022928678899103,0.0022981372149371,0.0023034308150151,0.0025797368828648,0.3846153846153846,0.625,0.0256410256410257,0.0540540540540541,0.0882352941176469,1.8333333333333333,-0.0769230769230769,0.0833333333333334,-0.0253012048192772,0.1959654178674352,0.0087209302325581,-0.0457697642163661,-0.0690768237572627,0.0201527924130664,-0.0617894216510134,0.1018518518518518,0.0082239786922091,0.0099901102073565,0.0104135795957358,0.0096697243254513,0.0100275111650247,0.0049251600354258,0.0018210890711505,0.0066653960462552,4.4,5.2,5.0,5.3,4.6,5.4,5.6,6.2,109,0,0
2017-10-01,263.37,0.0046155019835214,0.0091030768869511,-0.0103734439834024,0.0084745762711864,0.001548821760011,0.0,-0.0182734719596723,0.0174935299283816,4.8,0.0043674814190484,0.0279615626969123,-0.0077373974208675,0.0078374227088338,0.0101448122215148,0.0150218058471975,0.0040137847151833,0.0041525872246874,0.0001937616575038,0.0038252224994597,0.0029320081497214,-0.0021784864631053,0.0020529268984648,0.0118696846579242,-0.0041472852057661,0.0034244119334481,-0.0102669404517453,-0.0101626016260162,-0.0080645161290322,-0.008,-0.0079365079365079,-0.0078740157480314,-0.0155038759689922,-0.0152671755725189,0.0085470085470085,0.0086206896551723,0.0286452947259565,0.0294900457787714,0.0303861342694164,0.0313383866953276,0.0010192525481313,0.0010202924838453,0.0025165332915846,0.0025228822086533,0.0025292632418874,0.002535676635595,0.0022876226733383,0.0022928678899103,0.0022981372149371,0.0023034308150151,0.2777777777777777,0.3846153846153846,0.625,0.0256410256410257,0.0540540540540541,0.0882352941176469,1.8333333333333333,-0.0769230769230769,-0.019159456118665,-0.0253012048192772,0.1959654178674352,0.0087209302325581,-0.0457697642163661,-0.0690768237572627,0.0201527924130664,-0.0617894216510134,0.0130642864319283,0.0082239786922091,0.0099901102073565,0.0104135795957358,0.0096697243254513,0.0100275111650247,0.0049251600354258,0.0018210890711505,5.2,4.4,5.2,5.0,5.3,4.6,5.4,5.6,110,0,0
2018-01-01,265.35,0.0075179405399248,0.0092109957959076,-0.010482180293501,0.0084033613445377,0.0015464266208102,0.2260869565217391,0.0353016688061618,0.0145462753869225,5.1,0.0046155019835214,0.0043674814190484,0.0279615626969123,-0.0077373974208675,0.0078374227088338,0.0101448122215148,0.0150218058471975,0.0040137847151833,0.0091030768869511,0.0001937616575038,0.0038252224994597,0.0029320081497214,-0.0021784864631053,0.0020529268984648,0.0118696846579242,-0.0041472852057661,-0.0103734439834024,-0.0102669404517453,-0.0101626016260162,-0.0080645161290322,-0.008,-0.0079365079365079,-0.0078740157480314,-0.0155038759689922,0.0084745762711864,0.0085470085470085,0.0086206896551723,0.0286452947259565,0.0294900457787714,0.0303861342694164,0.0313383866953276,0.0010192525481313,0.001548821760011,0.0025165332915846,0.0025228822086533,0.0025292632418874,0.002535676635595,0.0022876226733383,0.0022928678899103,0.0022981372149371,0.0,0.2777777777777777,0.3846153846153846,0.625,0.0256410256410257,0.0540540540540541,0.0882352941176469,1.8333333333333333,-0.0182734719596723,-0.019159456118665,-0.0253012048192772,0.1959654178674352,0.0087209302325581,-0.0457697642163661,-0.0690768237572627,0.0201527924130664,0.0174935299283816,0.0130642864319283,0.0082239786922091,0.0099901102073565,0.0104135795957358,0.0096697243254513,0.0100275111650247,0.0049251600354258,4.8,5.2,4.4,5.2,5.0,5.3,4.6,5.4,111,0,0
2018-04-01,267.91,0.0096476351987939,0.0026093405938845,-0.0275423728813559,0.0174927113702623,0.0015440388779859,0.198581560283688,0.1078735275883446,0.0124140168756723,4.2,0.0075179405399248,0.0046155019835214,0.0043674814190484,0.0279615626969123,-0.0077373974208675,0.0078374227088338,0.0101448122215148,0.0150218058471975,0.0092109957959076,0.0091030768869511,0.0001937616575038,0.0038252224994597,0.0029320081497214,-0.0021784864631053,0.0020529268984648,0.0118696846579242,-0.010482180293501,-0.0103734439834024,-0.0102669404517453,-0.0101626016260162,-0.0080645161290322,-0.008,-0.0079365079365079,-0.0078740157480314,0.0084033613445377,0.0084745762711864,0.0085470085470085,0.0086206896551723,0.0286452947259565,0.0294900457787714,0.0303861342694164,0.0313383866953276,0.0015464266208102,0.001548821760011,0.0025165332915846,0.0025228822086533,0.0025292632418874,0.002535676635595,0.0022876226733383,0.0022928678899103,0.2260869565217391,0.0,0.2777777777777777,0.3846153846153846,0.625,0.0256410256410257,0.0540540540540541,0.0882352941176469,0.0353016688061618,-0.0182734719596723,-0.019159456118665,-0.0253012048192772,0.1959654178674352,0.0087209302325581,-0.0457697642163661,-0.0690768237572627,0.0145462753869225,0.0174935299283816,0.0130642864319283,0.0082239786922091,0.0099901102073565,0.0104135795957358,0.0096697243254513,0.0100275111650247,5.1,4.8,5.2,4.4,5.2,5.0,5.3,4.6,112,0,0
2018-07-01,270.62,0.0101153372401179,0.0042851995799124,-0.0283224400871459,0.0171919770773638,0.0015416584973293,0.1301775147928994,0.0134303301622831,0.0105834960083401,4.9,0.0096476351987939,0.0075179405399248,0.0046155019835214,0.0043674814190484,0.0279615626969123,-0.0077373974208675,0.0078374227088338,0.0101448122215148,0.0026093405938845,0.0092109957959076,0.0091030768869511,0.0001937616575038,0.0038252224994597,0.0029320081497214,-0.0021784864631053,0.0020529268984648,-0.0275423728813559,-0.010482180293501,-0.0103734439834024,-0.0102669404517453,-0.0101626016260162,-0.0080645161290322,-0.008,-0.0079365079365079,0.0174927113702623,0.0084033613445377,0.0084745762711864,0.0085470085470085,0.0086206896551723,0.0286452947259565,0.0294900457787714,0.0303861342694164,0.0015440388779859,0.0015464266208102,0.001548821760011,0.0025165332915846,0.0025228822086533,0.0025292632418874,0.002535676635595,0.0022876226733383,0.198581560283688,0.2260869565217391,0.0,0.2777777777777777,0.3846153846153846,0.625,0.0256410256410257,0.0540540540540541,0.1078735275883446,0.0353016688061618,-0.0182734719596723,-0.019159456118665,-0.0253012048192772,0.1959654178674352,0.0087209302325581,-0.0457697642163661,0.0124140168756723,0.0145462753869225,0.0174935299283816,0.0130642864319283,0.0082239786922091,0.0099901102073565,0.0104135795957358,0.0096697243254513,4.2,5.1,4.8,5.2,4.4,5.2,5.0,5.3,113,0,0
2018-10-01,270.53,-0.0003325696548667,0.0002747923790913,-0.0291479820627803,0.0169014084507042,0.0016440196716531,0.1465968586387434,0.0668139149641082,0.0057280901285798,4.3,0.0101153372401179,0.0096476351987939,0.0075179405399248,0.0046155019835214,0.0043674814190484,0.0279615626969123,-0.0077373974208675,0.0078374227088338,0.0042851995799124,0.0026093405938845,0.0092109957959076,0.0091030768869511,0.0001937616575038,0.0038252224994597,0.0029320081497214,-0.0021784864631053,-0.0283224400871459,-0.0275423728813559,-0.010482180293501,-0.0103734439834024,-0.0102669404517453,-0.0101626016260162,-0.0080645161290322,-0.008,0.0171919770773638,0.0174927113702623,0.0084033613445377,0.0084745762711864,0.0085470085470085,0.0086206896551723,0.0286452947259565,0.0294900457787714,0.0015416584973293,0.0015440388779859,0.0015464266208102,0.001548821760011,0.0025165332915846,0.0025228822086533,0.0025292632418874,0.002535676635595,0.1301775147928994,0.198581560283688,0.2260869565217391,0.0,0.2777777777777777,0.3846153846153846,0.625,0.0256410256410257,0.0134303301622831,0.1078735275883446,0.0353016688061618,-0.0182734719596723,-0.019159456118665,-0.0253012048192772,0.1959654178674352,0.0087209302325581,0.0105834960083401,0.0124140168756723,0.0145462753869225,0.0174935299283816,0.0130642864319283,0.0082239786922091,0.0099901102073565,0.0104135795957358,4.9,4.2,5.1,4.8,5.2,4.4,5.2,5.0,114,0,0
2019-01-01,273.46,0.0108305918012789,0.0008241506669512,-0.0300230946882216,0.0166204986149585,0.0016413213071366,0.095890410958904,-0.0757763975155279,0.0092616039675554,5.3,-0.0003325696548667,0.0101153372401179,0.0096476351987939,0.0075179405399248,0.0046155019835214,0.0043674814190484,0.0279615626969123,-0.0077373974208675,0.0002747923790913,0.0042851995799124,0.0026093405938845,0.0092109957959076,0.0091030768869511,0.0001937616575038,0.0038252224994597,0.0029320081497214,-0.0291479820627803,-0.0283224400871459,-0.0275423728813559,-0.010482180293501,-0.0103734439834024,-0.0102669404517453,-0.0101626016260162,-0.0080645161290322,0.0169014084507042,0.0171919770773638,0.0174927113702623,0.0084033613445377,0.0084745762711864,0.0085470085470085,0.0086206896551723,0.0286452947259565,0.0016440196716531,0.0015416584973293,0.0015440388779859,0.0015464266208102,0.001548821760011,0.0025165332915846,0.0025228822086533,0.0025292632418874,0.1465968586387434,0.1301775147928994,0.198581560283688,0.2260869565217391,0.0,0.2777777777777777,0.3846153846153846,0.625,0.0668139149641082,0.0134303301622831,0.1078735275883446,0.0353016688061618,-0.0182734719596723,-0.019159456118665,-0.0253012048192772,0.1959654178674352,0.0057280901285798,0.0105834960083401,0.0124140168756723,0.0145462753869225,0.0174935299283816,0.0130642864319283,0.0082239786922091,0.0099901102073565,4.3,4.9,4.2,5.1,4.8,5.2,4.4,5.2,115,0,0
2019-04-01,278.07,0.0168580413954508,0.0107051360253753,0.0238095238095237,-0.01566757493188,0.001638631785872,0.0083333333333333,-0.0720206093189964,0.0135630648553402,3.8,0.0108305918012789,-0.0003325696548667,0.0101153372401179,0.0096476351987939,0.0075179405399248,0.0046155019835214,0.0043674814190484,0.0279615626969123,0.0008241506669512,0.0002747923790913,0.0042851995799124,0.0026093405938845,0.0092109957959076,0.0091030768869511,0.0001937616575038,0.0038252224994597,-0.0300230946882216,-0.0291479820627803,-0.0283224400871459,-0.0275423728813559,-0.010482180293501,-0.0103734439834024,-0.0102669404517453,-0.0101626016260162,0.0166204986149585,0.0169014084507042,0.0171919770773638,0.0174927113702623,0.0084033613445377,0.0084745762711864,0.0085470085470085,0.0086206896551723,0.0016413213071366,0.0016440196716531,0.0015416584973293,0.0015440388779859,0.0015464266208102,0.001548821760011,0.0025165332915846,0.0025228822086533,0.095890410958904,0.1465968586387434,0.1301775147928994,0.198581560283688,0.2260869565217391,0.0,0.2777777777777777,0.3846153846153846,-0.0757763975155279,0.0668139149641082,0.0134303301622831,0.1078735275883446,0.0353016688061618,-0.0182734719596723,-0.019159456118665,-0.0253012048192772,0.0092616039675554,0.0057280901285798,0.0105834960083401,0.0124140168756723,0.0145462753869225,0.0174935299283816,0.0130642864319283,0.0082239786922091,5.3,4.3,4.9,4.2,5.1,4.8,5.2,4.4,116,0,0
2019-07-01,280.81,0.009853633977056,0.0002187754609372,0.0232558139534884,-0.015916955017301,0.0016359510644576,-0.0082644628099173,-0.0911285455642727,0.0149188674161033,4.7,0.0168580413954508,0.0108305918012789,-0.0003325696548667,0.0101153372401179,0.0096476351987939,0.0075179405399248,0.0046155019835214,0.0043674814190484,0.0107051360253753,0.0008241506669512,0.0002747923790913,0.0042851995799124,0.0026093405938845,0.0092109957959076,0.0091030768869511,0.0001937616575038,0.0238095238095237,-0.0300230946882216,-0.0291479820627803,-0.0283224400871459,-0.0275423728813559,-0.010482180293501,-0.0103734439834024,-0.0102669404517453,-0.01566757493188,0.0166204986149585,0.0169014084507042,0.0171919770773638,0.0174927113702623,0.0084033613445377,0.0084745762711864,0.0085470085470085,0.001638631785872,0.0016413213071366,0.0016440196716531,0.0015416584973293,0.0015440388779859,0.0015464266208102,0.001548821760011,0.0025165332915846,0.0083333333333333,0.095890410958904,0.1465968586387434,0.1301775147928994,0.198581560283688,0.2260869565217391,0.0,0.2777777777777777,-0.0720206093189964,-0.0757763975155279,0.0668139149641082,0.0134303301622831,0.1078735275883446,0.0353016688061618,-0.0182734719596723,-0.019159456118665,0.0135630648553402,0.0092616039675554,0.0057280901285798,0.0105834960083401,0.0124140168756723,0.0145462753869225,0.0174935299283816,0.0130642864319283,3.8,5.3,4.3,4.9,4.2,5.1,4.8,5.2,117,0,0
2019-10-01,282.95,0.0076208112246713,0.0003507184070594,0.0227272727272727,-0.0161744022503516,-0.0014680138989502,-0.2374999999999999,-0.0204515272244355,0.0099481649796837,4.1,0.009853633977056,0.0168580413954508,0.0108305918012789,-0.0003325696548667,0.0101153372401179,0.0096476351987939,0.0075179405399248,0.0046155019835214,0.0002187754609372,0.0107051360253753,0.0008241506669512,0.0002747923790913,0.0042851995799124,0.0026093405938845,0.0092109957959076,0.0091030768869511,0.0232558139534884,0.0238095238095237,-0.0300230946882216,-0.0291479820627803,-0.0283224400871459,-0.0275423728813559,-0.010482180293501,-0.0103734439834024,-0.015916955017301,-0.01566757493188,0.0166204986149585,0.0169014084507042,0.0171919770773638,0.0174927113702623,0.0084033613445377,0.0084745762711864,0.0016359510644576,0.001638631785872,0.0016413213071366,0.0016440196716531,0.0015416584973293,0.0015440388779859,0.0015464266208102,0.001548821760011,-0.0082644628099173,0.0083333333333333,0.095890410958904,0.1465968586387434,0.1301775147928994,0.198581560283688,0.2260869565217391,0.0,-0.0911285455642727,-0.0720206093189964,-0.0757763975155279,0.0668139149641082,0.0134303301622831,0.1078735275883446,0.0353016688061618,-0.0182734719596723,0.0149188674161033,0.0135630648553402,0.0092616039675554,0.0057280901285798,0.0105834960083401,0.0124140168756723,0.0145462753869225,0.0174935299283816,4.7,3.8,5.3,4.3,4.9,4.2,5.1,4.8,118,0,0
2020-01-01,285.97,0.0106732638275315,0.0044107169111411,0.0222222222222221,-0.0164403145103645,-0.001470172132074,-0.1530054644808743,-0.017353579175705,-0.0093720861832534,4.3,0.0076208112246713,0.009853633977056,0.0168580413954508,0.0108305918012789,-0.0003325696548667,0.0101153372401179,0.0096476351987939,0.0075179405399248,0.0003507184070594,0.0002187754609372,0.0107051360253753,0.0008241506669512,0.0002747923790913,0.0042851995799124,0.0026093405938845,0.0092109957959076,0.0227272727272727,0.0232558139534884,0.0238095238095237,-0.0300230946882216,-0.0291479820627803,-0.0283224400871459,-0.0275423728813559,-0.010482180293501,-0.0161744022503516,-0.015916955017301,-0.01566757493188,0.0166204986149585,0.0169014084507042,0.0171919770773638,0.0174927113702623,0.0084033613445377,-0.0014680138989502,0.0016359510644576,0.001638631785872,0.0016413213071366,0.0016440196716531,0.0015416584973293,0.0015440388779859,0.0015464266208102,-0.2374999999999999,-0.0082644628099173,0.0083333333333333,0.095890410958904,0.1465968586387434,0.1301775147928994,0.198581560283688,0.2260869565217391,-0.0204515272244355,-0.0911285455642727,-0.0720206093189964,-0.0757763975155279,0.0668139149641082,0.0134303301622831,0.1078735275883446,0.0353016688061618,0.0099481649796837,0.0149188674161033,0.0135630648553402,0.0092616039675554,0.0057280901285798,0.0105834960083401,0.0124140168756723,0.0145462753869225,4.1,4.7,3.8,5.3,4.3,4.9,4.2,5.1,119,0,1
2020-04-01,288.91,0.0102807986851767,-0.0032803744280924,0.0021739130434783,-0.0041182170542635,-0.0014723367204895,-0.967741935483871,-0.0877483443708609,-0.0824853319435224,9.4,0.0106732638275315,0.0076208112246713,0.009853633977056,0.0168580413954508,0.0108305918012789,-0.0003325696548667,0.0101153372401179,0.0096476351987939,0.0044107169111411,0.0003507184070594,0.0002187754609372,0.0107051360253753,0.0008241506669512,0.0002747923790913,0.0042851995799124,0.0026093405938845,0.0222222222222221,0.0227272727272727,0.0232558139534884,0.0238095238095237,-0.0300230946882216,-0.0291479820627803,-0.0283224400871459,-0.0275423728813559,-0.0164403145103645,-0.0161744022503516,-0.015916955017301,-0.01566757493188,0.0166204986149585,0.0169014084507042,0.0171919770773638,0.0174927113702623,-0.001470172132074,-0.0014680138989502,0.0016359510644576,0.001638631785872,0.0016413213071366,0.0016440196716531,0.0015416584973293,0.0015440388779859,-0.1530054644808743,-0.2374999999999999,-0.0082644628099173,0.0083333333333333,0.095890410958904,0.1465968586387434,0.1301775147928994,0.198581560283688,-0.017353579175705,-0.0204515272244355,-0.0911285455642727,-0.0720206093189964,-0.0757763975155279,0.0668139149641082,0.0134303301622831,0.1078735275883446,-0.0093720861832534,0.0099481649796837,0.0149188674161033,0.0135630648553402,0.0092616039675554,0.0057280901285798,0.0105834960083401,0.0124140168756723,4.3,4.1,4.7,3.8,5.3,4.3,4.9,4.2,120,0,1
2020-07-01,293.29,0.0151604305839188,0.006507028569922,0.002169197396963,-0.0041352468985648,-0.0014745076923095,0.7999999999999998,-0.087719298245614,0.0877385524997587,9.5,0.0102807986851767,0.0106732638275315,0.0076208112246713,0.009853633977056,0.0168580413954508,0.0108305918012789,-0.0003325696548667,0.0101153372401179,-0.0032803744280924,0.0044107169111411,0.0003507184070594,0.0002187754609372,0.0107051360253753,0.0008241506669512,0.0002747923790913,0.0042851995799124,0.0021739130434783,0.0222222222222221,0.0227272727272727,0.0232558139534884,0.0238095238095237,-0.0300230946882216,-0.0291479820627803,-0.0283224400871459,-0.0041182170542635,-0.0164403145103645,-0.0161744022503516,-0.015916955017301,-0.01566757493188,0.0166204986149585,0.0169014084507042,0.0171919770773638,-0.0014723367204895,-0.001470172132074,-0.0014680138989502,0.0016359510644576,0.001638631785872,0.0016413213071366,0.0016440196716531,0.0015416584973293,-0.967741935483871,-0.1530054644808743,-0.2374999999999999,-0.0082644628099173,0.0083333333333333,0.095890410958904,0.1465968586387434,0.1301775147928994,-0.0877483443708609,-0.017353579175705,-0.0204515272244355,-0.0911285455642727,-0.0720206093189964,-0.0757763975155279,0.0668139149641082,0.0134303301622831,-0.0824853319435224,-0.0093720861832534,0.0099481649796837,0.0149188674161033,0.0135630648553402,0.0092616039675554,0.0057280901285798,0.0105834960083401,9.4,4.3,4.1,4.7,3.8,5.3,4.3,4.9,121,0,1
2020-10-01,298.72,0.0185140986736678,0.0054510694496927,0.002164502164502,-0.0041524181729359,-4.9397210275636816e-05,0.0,-0.0603448275862068,0.0177184208241156,8.5,0.0151604305839188,0.0102807986851767,0.0106732638275315,0.0076208112246713,0.009853633977056,0.0168580413954508,0.0108305918012789,-0.0003325696548667,0.006507028569922,-0.0032803744280924,0.0044107169111411,0.0003507184070594,0.0002187754609372,0.0107051360253753,0.0008241506669512,0.0002747923790913,0.002169197396963,0.0021739130434783,0.0222222222222221,0.0227272727272727,0.0232558139534884,0.0238095238095237,-0.0300230946882216,-0.0291479820627803,-0.0041352468985648,-0.0041182170542635,-0.0164403145103645,-0.0161744022503516,-0.015916955017301,-0.01566757493188,0.0166204986149585,0.0169014084507042,-0.0014745076923095,-0.0014723367204895,-0.001470172132074,-0.0014680138989502,0.0016359510644576,0.001638631785872,0.0016413213071366,0.0016440196716531,0.7999999999999998,-0.967741935483871,-0.1530054644808743,-0.2374999999999999,-0.0082644628099173,0.0083333333333333,0.095890410958904,0.1465968586387434,-0.087719298245614,-0.0877483443708609,-0.017353579175705,-0.0204515272244355,-0.0911285455642727,-0.0720206093189964,-0.0757763975155279,0.0668139149641082,0.0877385524997587,-0.0824853319435224,-0.0093720861832534,0.0099481649796837,0.0149188674161033,0.0135630648553402,0.0092616039675554,0.0057280901285798,9.5,9.4,4.3,4.1,4.7,3.8,5.3,4.3,122,0,1
2021-01-01,304.73,0.0201191751472951,0.0066643348316612,0.002159827213823,-0.0041697326465538,-4.939965048056383e-05,0.0,-0.0349329569513056,0.026645167806611,7.5,0.0185140986736678,0.0151604305839188,0.0102807986851767,0.0106732638275315,0.0076208112246713,0.009853633977056,0.0168580413954508,0.0108305918012789,0.0054510694496927,0.006507028569922,-0.0032803744280924,0.0044107169111411,0.0003507184070594,0.0002187754609372,0.0107051360253753,0.0008241506669512,0.002164502164502,0.002169197396963,0.0021739130434783,0.0222222222222221,0.0227272727272727,0.0232558139534884,0.0238095238095237,-0.0300230946882216,-0.0041524181729359,-0.0041352468985648,-0.0041182170542635,-0.0164403145103645,-0.0161744022503516,-0.015916955017301,-0.01566757493188,0.0166204986149585,-4.9397210275636816e-05,-0.0014745076923095,-0.0014723367204895,-0.001470172132074,-0.0014680138989502,0.0016359510644576,0.001638631785872,0.0016413213071366,0.0,0.7999999999999998,-0.967741935483871,-0.1530054644808743,-0.2374999999999999,-0.0082644628099173,0.0083333333333333,0.095890410958904,-0.0603448275862068,-0.087719298245614,-0.0877483443708609,-0.017353579175705,-0.0204515272244355,-0.0911285455642727,-0.0720206093189964,-0.0757763975155279,0.0177184208241156,0.0877385524997587,-0.0824853319435224,-0.0093720861832534,0.0099481649796837,0.0149188674161033,0.0135630648553402,0.0092616039675554,8.5,9.5,9.4,4.3,4.1,4.7,3.8,5.3,123,0,1
2021-04-01,318.67,0.0457454139730253,0.013120298667455,-0.0021551724137931,0.0103448275862068,-4.940209092640924e-05,-0.2222222222222221,0.1188299817184643,0.0314284550333314,7.0,0.0201191751472951,0.0185140986736678,0.0151604305839188,0.0102807986851767,0.0106732638275315,0.0076208112246713,0.009853633977056,0.0168580413954508,0.0066643348316612,0.0054510694496927,0.006507028569922,-0.0032803744280924,0.0044107169111411,0.0003507184070594,0.0002187754609372,0.0107051360253753,0.002159827213823,0.002164502164502,0.002169197396963,0.0021739130434783,0.0222222222222221,0.0227272727272727,0.0232558139534884,0.0238095238095237,-0.0041697326465538,-0.0041524181729359,-0.0041352468985648,-0.0041182170542635,-0.0164403145103645,-0.0161744022503516,-0.015916955017301,-0.01566757493188,-4.939965048056383e-05,-4.9397210275636816e-05,-0.0014745076923095,-0.0014723367204895,-0.001470172132074,-0.0014680138989502,0.0016359510644576,0.001638631785872,0.0,0.0,0.7999999999999998,-0.967741935483871,-0.1530054644808743,-0.2374999999999999,-0.0082644628099173,0.0083333333333333,-0.0349329569513056,-0.0603448275862068,-0.087719298245614,-0.0877483443708609,-0.017353579175705,-0.0204515272244355,-0.0911285455642727,-0.0720206093189964,0.026645167806611,0.0177184208241156,0.0877385524997587,-0.0824853319435224,-0.0093720861832534,0.0099481649796837,0.0149188674161033,0.0135630648553402,7.5,8.5,9.5,9.4,4.3,4.1,4.7,3.8,124,0,1
2021-07-01,330.13,0.0359619669250321,0.0182954526797392,-0.0021598272138227,0.0102389078498292,-4.940453161372815e-05,0.4285714285714286,-0.0627450980392156,0.0236695318612234,7.3,0.0457454139730253,0.0201191751472951,0.0185140986736678,0.0151604305839188,0.0102807986851767,0.0106732638275315,0.0076208112246713,0.009853633977056,0.013120298667455,0.0066643348316612,0.0054510694496927,0.006507028569922,-0.0032803744280924,0.0044107169111411,0.0003507184070594,0.0002187754609372,-0.0021551724137931,0.002159827213823,0.002164502164502,0.002169197396963,0.0021739130434783,0.0222222222222221,0.0227272727272727,0.0232558139534884,0.0103448275862068,-0.0041697326465538,-0.0041524181729359,-0.0041352468985648,-0.0041182170542635,-0.0164403145103645,-0.0161744022503516,-0.015916955017301,-4.940209092640924e-05,-4.939965048056383e-05,-4.9397210275636816e-05,-0.0014745076923095,-0.0014723367204895,-0.001470172132074,-0.0014680138989502,0.0016359510644576,-0.2222222222222221,0.0,0.0,0.7999999999999998,-0.967741935483871,-0.1530054644808743,-0.2374999999999999,-0.0082644628099173,0.1188299817184643,-0.0349329569513056,-0.0603448275862068,-0.087719298245614,-0.0877483443708609,-0.017353579175705,-0.0204515272244355,-0.0911285455642727,0.0314284550333314,0.026645167806611,0.0177184208241156,0.0877385524997587,-0.0824853319435224,-0.0093720861832534,0.0099481649796837,0.0149188674161033,7.0,7.5,8.5,9.5,9.4,4.3,4.1,4.7,125,0,1
2021-10-01,336.72,0.0199618332172175,0.0124955660894521,-0.0021645021645021,0.010135135135135,0.0012210751532375,-0.2,0.0695606694560668,0.0357431369320386,5.4,0.0359619669250321,0.0457454139730253,0.0201191751472951,0.0185140986736678,0.0151604305839188,0.0102807986851767,0.0106732638275315,0.0076208112246713,0.0182954526797392,0.013120298667455,0.0066643348316612,0.0054510694496927,0.006507028569922,-0.0032803744280924,0.0044107169111411,0.0003507184070594,-0.0021598272138227,-0.0021551724137931,0.002159827213823,0.002164502164502,0.002169197396963,0.0021739130434783,0.0222222222222221,0.0227272727272727,0.0102389078498292,0.0103448275862068,-0.0041697326465538,-0.0041524181729359,-0.0041352468985648,-0.0041182170542635,-0.0164403145103645,-0.0161744022503516,-4.940453161372815e-05,-4.940209092640924e-05,-4.939965048056383e-05,-4.9397210275636816e-05,-0.0014745076923095,-0.0014723367204895,-0.001470172132074,-0.0014680138989502,0.4285714285714286,-0.2222222222222221,0.0,0.0,0.7999999999999998,-0.967741935483871,-0.1530054644808743,-0.2374999999999999,-0.0627450980392156,0.1188299817184643,-0.0349329569513056,-0.0603448275862068,-0.087719298245614,-0.0877483443708609,-0.017353579175705,-0.0204515272244355,0.0236695318612234,0.0314284550333314,0.026645167806611,0.0177184208241156,0.0877385524997587,-0.0824853319435224,-0.0093720861832534,0.0099481649796837,7.3,7.0,7.5,8.5,9.5,9.4,4.3,4.1,126,0,1
2022-01-01,345.63,0.0264611546685673,0.0144787525235636,-0.0021691973969631,0.0100334448160535,0.0012195859471402,0.0,0.1230643846780767,0.0176959408949528,5.0,0.0199618332172175,0.0359619669250321,0.0457454139730253,0.0201191751472951,0.0185140986736678,0.0151604305839188,0.0102807986851767,0.0106732638275315,0.0124955660894521,0.0182954526797392,0.013120298667455,0.0066643348316612,0.0054510694496927,0.006507028569922,-0.0032803744280924,0.0044107169111411,-0.0021645021645021,-0.0021598272138227,-0.0021551724137931,0.002159827213823,0.002164502164502,0.002169197396963,0.0021739130434783,0.0222222222222221,0.010135135135135,0.0102389078498292,0.0103448275862068,-0.0041697326465538,-0.0041524181729359,-0.0041352468985648,-0.0041182170542635,-0.0164403145103645,0.0012210751532375,-4.940453161372815e-05,-4.940209092640924e-05,-4.939965048056383e-05,-4.9397210275636816e-05,-0.0014745076923095,-0.0014723367204895,-0.001470172132074,-0.2,0.4285714285714286,-0.2222222222222221,0.0,0.0,0.7999999999999998,-0.967741935483871,-0.1530054644808743,0.0695606694560668,-0.0627450980392156,0.1188299817184643,-0.0349329569513056,-0.0603448275862068,-0.087719298245614,-0.0877483443708609,-0.017353579175705,0.0357431369320386,0.0236695318612234,0.0314284550333314,0.026645167806611,0.0177184208241156,0.0877385524997587,-0.0824853319435224,-0.0093720861832534,5.4,7.3,7.0,7.5,8.5,9.5,9.4,4.3,127,0,0
2022-04-01,362.16,0.0478257095738217,0.0269117267456866,-0.0086956521739129,0.0125354777672659,0.0012181003690479,3.125,0.446298984034833,0.0234102123968158,3.5,0.0264611546685673,0.0199618332172175,0.0359619669250321,0.0457454139730253,0.0201191751472951,0.0185140986736678,0.0151604305839188,0.0102807986851767,0.0144787525235636,0.0124955660894521,0.0182954526797392,0.013120298667455,0.0066643348316612,0.0054510694496927,0.006507028569922,-0.0032803744280924,-0.0021691973969631,-0.0021645021645021,-0.0021598272138227,-0.0021551724137931,0.002159827213823,0.002164502164502,0.002169197396963,0.0021739130434783,0.0100334448160535,0.010135135135135,0.0102389078498292,0.0103448275862068,-0.0041697326465538,-0.0041524181729359,-0.0041352468985648,-0.0041182170542635,0.0012195859471402,0.0012210751532375,-4.940453161372815e-05,-4.940209092640924e-05,-4.939965048056383e-05,-4.9397210275636816e-05,-0.0014745076923095,-0.0014723367204895,0.0,-0.2,0.4285714285714286,-0.2222222222222221,0.0,0.0,0.7999999999999998,-0.967741935483871,0.1230643846780767,0.0695606694560668,-0.0627450980392156,0.1188299817184643,-0.0349329569513056,-0.0603448275862068,-0.087719298245614,-0.0877483443708609,0.0176959408949528,0.0357431369320386,0.0236695318612234,0.0314284550333314,0.026645167806611,0.0177184208241156,0.0877385524997587,-0.0824853319435224,5.0,5.4,7.3,7.0,7.5,8.5,9.5,9.4,128,0,0
2022-07-01,360.67,-0.0041142036668876,0.0188319695101446,-0.0087719298245613,0.0123802849801448,0.0012166184057189,4.090909090909091,0.0863020572002006,0.0180664874794962,3.9,0.0478257095738217,0.0264611546685673,0.0199618332172175,0.0359619669250321,0.0457454139730253,0.0201191751472951,0.0185140986736678,0.0151604305839188,0.0269117267456866,0.0144787525235636,0.0124955660894521,0.0182954526797392,0.013120298667455,0.0066643348316612,0.0054510694496927,0.006507028569922,-0.0086956521739129,-0.0021691973969631,-0.0021645021645021,-0.0021598272138227,-0.0021551724137931,0.002159827213823,0.002164502164502,0.002169197396963,0.0125354777672659,0.0100334448160535,0.010135135135135,0.0102389078498292,0.0103448275862068,-0.0041697326465538,-0.0041524181729359,-0.0041352468985648,0.0012181003690479,0.0012195859471402,0.0012210751532375,-4.940453161372815e-05,-4.940209092640924e-05,-4.939965048056383e-05,-4.9397210275636816e-05,-0.0014745076923095,3.125,0.0,-0.2,0.4285714285714286,-0.2222222222222221,0.0,0.0,0.7999999999999998,0.446298984034833,0.1230643846780767,0.0695606694560668,-0.0627450980392156,0.1188299817184643,-0.0349329569513056,-0.0603448275862068,-0.087719298245614,0.0234102123968158,0.0176959408949528,0.0357431369320386,0.0236695318612234,0.0314284550333314,0.026645167806611,0.0177184208241156,0.0877385524997587,3.5,5.0,5.4,7.3,7.0,7.5,8.5,9.5,129,0,0
2022-10-01,356.32,-0.0120608866831175,-0.000868515721635,-0.008849557522124,0.0122288878634055,0.0022286444264612,0.8333333333333335,0.2748267898383374,0.0175953793563803,3.5,-0.0041142036668876,0.0478257095738217,0.0264611546685673,0.0199618332172175,0.0359619669250321,0.0457454139730253,0.0201191751472951,0.0185140986736678,0.0188319695101446,0.0269117267456866,0.0144787525235636,0.0124955660894521,0.0182954526797392,0.013120298667455,0.0066643348316612,0.0054510694496927,-0.0087719298245613,-0.0086956521739129,-0.0021691973969631,-0.0021645021645021,-0.0021598272138227,-0.0021551724137931,0.002159827213823,0.002164502164502,0.0123802849801448,0.0125354777672659,0.0100334448160535,0.010135135135135,0.0102389078498292,0.0103448275862068,-0.0041697326465538,-0.0041524181729359,0.0012166184057189,0.0012181003690479,0.0012195859471402,0.0012210751532375,-4.940453161372815e-05,-4.940209092640924e-05,-4.939965048056383e-05,-4.9397210275636816e-05,4.090909090909091,3.125,0.0,-0.2,0.4285714285714286,-0.2222222222222221,0.0,0.0,0.0863020572002006,0.446298984034833,0.1230643846780767,0.0695606694560668,-0.0627450980392156,0.1188299817184643,-0.0349329569513056,-0.0603448275862068,0.0180664874794962,0.0234102123968158,0.0176959408949528,0.0357431369320386,0.0236695318612234,0.0314284550333314,0.026645167806611,0.0177184208241156,3.9,3.5,5.0,5.4,7.3,7.0,7.5,8.5,130,0,0
2023-01-01,357.48,0.0032555006735519,-0.0017602314495797,-0.0089285714285713,0.0120811488488716,0.0022236886152227,0.4058441558441559,-0.0909420289855073,0.0160872874923829,3.6,-0.0120608866831175,-0.0041142036668876,0.0478257095738217,0.0264611546685673,0.0199618332172175,0.0359619669250321,0.0457454139730253,0.0201191751472951,-0.000868515721635,0.0188319695101446,0.0269117267456866,0.0144787525235636,0.0124955660894521,0.0182954526797392,0.013120298667455,0.0066643348316612,-0.008849557522124,-0.0087719298245613,-0.0086956521739129,-0.0021691973969631,-0.0021645021645021,-0.0021598272138227,-0.0021551724137931,0.002159827213823,0.0122288878634055,0.0123802849801448,0.0125354777672659,0.0100334448160535,0.010135135135135,0.0102389078498292,0.0103448275862068,-0.0041697326465538,0.0022286444264612,0.0012166184057189,0.0012181003690479,0.0012195859471402,0.0012210751532375,-4.940453161372815e-05,-4.940209092640924e-05,-4.939965048056383e-05,0.8333333333333335,4.090909090909091,3.125,0.0,-0.2,0.4285714285714286,-0.2222222222222221,0.0,0.2748267898383374,0.0863020572002006,0.446298984034833,0.1230643846780767,0.0695606694560668,-0.0627450980392156,0.1188299817184643,-0.0349329569513056,0.0175953793563803,0.0180664874794962,0.0234102123968158,0.0176959408949528,0.0357431369320386,0.0236695318612234,0.0314284550333314,0.026645167806611,3.5,3.9,3.5,5.0,5.4,7.3,7.0,7.5,131,0,0
2023-04-01,369.72,0.0342396777442095,0.0171252452791084,-0.0053348552410478,0.0046633150044148,0.0022187547954442,0.1154734411085449,0.0111598246313271,0.0106557272343514,2.6,0.0032555006735519,-0.0120608866831175,-0.0041142036668876,0.0478257095738217,0.0264611546685673,0.0199618332172175,0.0359619669250321,0.0457454139730253,-0.0017602314495797,-0.000868515721635,0.0188319695101446,0.0269117267456866,0.0144787525235636,0.0124955660894521,0.0182954526797392,0.013120298667455,-0.0089285714285713,-0.008849557522124,-0.0087719298245613,-0.0086956521739129,-0.0021691973969631,-0.0021645021645021,-0.0021598272138227,-0.0021551724137931,0.0120811488488716,0.0122288878634055,0.0123802849801448,0.0125354777672659,0.0100334448160535,0.010135135135135,0.0102389078498292,0.0103448275862068,0.0022236886152227,0.0022286444264612,0.0012166184057189,0.0012181003690479,0.0012195859471402,0.0012210751532375,-4.940453161372815e-05,-4.940209092640924e-05,0.4058441558441559,0.8333333333333335,4.090909090909091,3.125,0.0,-0.2,0.4285714285714286,-0.2222222222222221,-0.0909420289855073,0.2748267898383374,0.0863020572002006,0.446298984034833,0.1230643846780767,0.0695606694560668,-0.0627450980392156,0.1188299817184643,0.0160872874923829,0.0175953793563803,0.0180664874794962,0.0234102123968158,0.0176959408949528,0.0357431369320386,0.0236695318612234,0.0314284550333314,3.6,3.5,3.9,3.5,5.0,5.4,7.3,7.0,132,0,0
2023-07-01,372.73,0.0081412961159796,0.0032898196350634,-0.0052435479949447,0.0038112051047221,0.0022138428210685,0.0600414078674949,0.078439101300749,0.0187180543031997,3.4,0.0342396777442095,0.0032555006735519,-0.0120608866831175,-0.0041142036668876,0.0478257095738217,0.0264611546685673,0.0199618332172175,0.0359619669250321,0.0171252452791084,-0.0017602314495797,-0.000868515721635,0.0188319695101446,0.0269117267456866,0.0144787525235636,0.0124955660894521,0.0182954526797392,-0.0053348552410478,-0.0089285714285713,-0.008849557522124,-0.0087719298245613,-0.0086956521739129,-0.0021691973969631,-0.0021645021645021,-0.0021598272138227,0.0046633150044148,0.0120811488488716,0.0122288878634055,0.0123802849801448,0.0125354777672659,0.0100334448160535,0.010135135135135,0.0102389078498292,0.0022187547954442,0.0022236886152227,0.0022286444264612,0.0012166184057189,0.0012181003690479,0.0012195859471402,0.0012210751532375,-4.940453161372815e-05,0.1154734411085449,0.4058441558441559,0.8333333333333335,4.090909090909091,3.125,0.0,-0.2,0.4285714285714286,0.0111598246313271,-0.0909420289855073,0.2748267898383374,0.0863020572002006,0.446298984034833,0.1230643846780767,0.0695606694560668,-0.0627450980392156,0.0106557272343514,0.0160872874923829,0.0175953793563803,0.0180664874794962,0.0234102123968158,0.0176959408949528,0.0357431369320386,0.0236695318612234,2.6,3.6,3.5,3.9,3.5,5.0,5.4,7.3,133,0,0
2023-10-01,371.05,-0.0045072840930432,0.0116731581240396,-0.0051525287576836,0.0032658816365347,0.0035695595300322,0.041015625,0.1140350877192983,0.0117732253749744,3.6,0.0081412961159796,0.0342396777442095,0.0032555006735519,-0.0120608866831175,-0.0041142036668876,0.0478257095738217,0.0264611546685673,0.0199618332172175,0.0032898196350634,0.0171252452791084,-0.0017602314495797,-0.000868515721635,0.0188319695101446,0.0269117267456866,0.0144787525235636,0.0124955660894521,-0.0052435479949447,-0.0053348552410478,-0.0089285714285713,-0.008849557522124,-0.0087719298245613,-0.0086956521739129,-0.0021691973969631,-0.0021645021645021,0.0038112051047221,0.0046633150044148,0.0120811488488716,0.0122288878634055,0.0123802849801448,0.0125354777672659,0.0100334448160535,0.010135135135135,0.0022138428210685,0.0022187547954442,0.0022236886152227,0.0022286444264612,0.0012166184057189,0.0012181003690479,0.0012195859471402,0.0012210751532375,0.0600414078674949,0.1154734411085449,0.4058441558441559,0.8333333333333335,4.090909090909091,3.125,0.0,-0.2,0.078439101300749,0.0111598246313271,-0.0909420289855073,0.2748267898383374,0.0863020572002006,0.446298984034833,0.1230643846780767,0.0695606694560668,0.0187180543031997,0.0106557272343514,0.0160872874923829,0.0175953793563803,0.0180664874794962,0.0234102123968158,0.0176959408949528,0.0357431369320386,3.4,2.6,3.6,3.5,3.9,3.5,5.0,5.4,134,0,0
2024-01-01,377.13,0.0163859318151191,0.0036410851696611,-0.0050618316452633,0.0034001192308956,0.0035568630954727,0.0,-0.1282808398950131,0.0115596134384297,3.9,-0.0045072840930432,0.0081412961159796,0.0342396777442095,0.0032555006735519,-0.0120608866831175,-0.0041142036668876,0.0478257095738217,0.0264611546685673,0.0116731581240396,0.0032898196350634,0.0171252452791084,-0.0017602314495797,-0.000868515721635,0.0188319695101446,0.0269117267456866,0.0144787525235636,-0.0051525287576836,-0.0052435479949447,-0.0053348552410478,-0.0089285714285713,-0.008849557522124,-0.0087719298245613,-0.0086956521739129,-0.0021691973969631,0.0032658816365347,0.0038112051047221,0.0046633150044148,0.0120811488488716,0.0122288878634055,0.0123802849801448,0.0125354777672659,0.0100334448160535,0.0035695595300322,0.0022138428210685,0.0022187547954442,0.0022236886152227,0.0022286444264612,0.0012166184057189,0.0012181003690479,0.0012195859471402,0.041015625,0.0600414078674949,0.1154734411085449,0.4058441558441559,0.8333333333333335,4.090909090909091,3.125,0.0,0.1140350877192983,0.078439101300749,0.0111598246313271,-0.0909420289855073,0.2748267898383374,0.0863020572002006,0.446298984034833,0.1230643846780767,0.0117732253749744,0.0187180543031997,0.0106557272343514,0.0160872874923829,0.0175953793563803,0.0180664874794962,0.0234102123968158,0.0176959408949528,3.6,3.4,2.6,3.6,3.5,3.9,3.5,5.0,135,0,0
2024-04-01,392.17,0.0398801474292684,0.0142808288784717,-0.0032924252484922,0.0035132531374848,0.0035442566597587,0.0,0.052691004892736,0.0137173020369676,3.4,0.0163859318151191,-0.0045072840930432,0.0081412961159796,0.0342396777442095,0.0032555006735519,-0.0120608866831175,-0.0041142036668876,0.0478257095738217,0.0036410851696611,0.0116731581240396,0.0032898196350634,0.0171252452791084,-0.0017602314495797,-0.000868515721635,0.0188319695101446,0.0269117267456866,-0.0050618316452633,-0.0051525287576836,-0.0052435479949447,-0.0053348552410478,-0.0089285714285713,-0.008849557522124,-0.0087719298245613,-0.0086956521739129,0.0034001192308956,0.0032658816365347,0.0038112051047221,0.0046633150044148,0.0120811488488716,0.0122288878634055,0.0123802849801448,0.0125354777672659,0.0035568630954727,0.0035695595300322,0.0022138428210685,0.0022187547954442,0.0022236886152227,0.0022286444264612,0.0012166184057189,0.0012181003690479,0.0,0.041015625,0.0600414078674949,0.1154734411085449,0.4058441558441559,0.8333333333333335,4.090909090909091,3.125,-0.1282808398950131,0.1140350877192983,0.078439101300749,0.0111598246313271,-0.0909420289855073,0.2748267898383374,0.0863020572002006,0.446298984034833,0.0115596134384297,0.0117732253749744,0.0187180543031997,0.0106557272343514,0.0160872874923829,0.0175953793563803,0.0180664874794962,0.0234102123968158,3.9,3.6,3.4,2.6,3.6,3.5,3.9,3.5,136,0,0
2024-07-01,394.52,0.0059922992579748,0.0065444713927875,-0.0032468768738421,0.0036082038681568,0.0035317392693328,0.0,-0.0207365033964961,0.0123446093861627,4.6,0.0398801474292684,0.0163859318151191,-0.0045072840930432,0.0081412961159796,0.0342396777442095,0.0032555006735519,-0.0120608866831175,-0.0041142036668876,0.0142808288784717,0.0036410851696611,0.0116731581240396,0.0032898196350634,0.0171252452791084,-0.0017602314495797,-0.000868515721635,0.0188319695101446,-0.0032924252484922,-0.0050618316452633,-0.0051525287576836,-0.0052435479949447,-0.0053348552410478,-0.0089285714285713,-0.008849557522124,-0.0087719298245613,0.0035132531374848,0.0034001192308956,0.0032658816365347,0.0038112051047221,0.0046633150044148,0.0120811488488716,0.0122288878634055,0.0123802849801448,0.0035442566597587,0.0035568630954727,0.0035695595300322,0.0022138428210685,0.0022187547954442,0.0022236886152227,0.0022286444264612,0.0012166184057189,0.0,0.0,0.041015625,0.0600414078674949,0.1154734411085449,0.4058441558441559,0.8333333333333335,4.090909090909091,0.052691004892736,-0.1282808398950131,0.1140350877192983,0.078439101300749,0.0111598246313271,-0.0909420289855073,0.2748267898383374,0.0863020572002006,0.0137173020369676,0.0115596134384297,0.0117732253749744,0.0187180543031997,0.0106557272343514,0.0160872874923829,0.0175953793563803,0.0180664874794962,3.4,3.9,3.6,3.4,2.6,3.6,3.5,3.9,137,0,0
2024-10-01,392.54,-0.0050187569704956,0.0019545260629809,-0.003201731818649,0.0036874983898387,0.0032295309891341,-0.0938086303939962,-0.0612632347572107,0.0118791837143761,4.1,0.0059922992579748,0.0398801474292684,0.0163859318151191,-0.0045072840930432,0.0081412961159796,0.0342396777442095,0.0032555006735519,-0.0120608866831175,0.0065444713927875,0.0142808288784717,0.0036410851696611,0.0116731581240396,0.0032898196350634,0.0171252452791084,-0.0017602314495797,-0.000868515721635,-0.0032468768738421,-0.0032924252484922,-0.0050618316452633,-0.0051525287576836,-0.0052435479949447,-0.0053348552410478,-0.0089285714285713,-0.008849557522124,0.0036082038681568,0.0035132531374848,0.0034001192308956,0.0032658816365347,0.0038112051047221,0.0046633150044148,0.0120811488488716,0.0122288878634055,0.0035317392693328,0.0035442566597587,0.0035568630954727,0.0035695595300322,0.0022138428210685,0.0022187547954442,0.0022236886152227,0.0022286444264612,0.0,0.0,0.0,0.041015625,0.0600414078674949,0.1154734411085449,0.4058441558441559,0.8333333333333335,-0.0207365033964961,0.052691004892736,-0.1282808398950131,0.1140350877192983,0.078439101300749,0.0111598246313271,-0.0909420289855073,0.2748267898383374,0.0123446093861627,0.0137173020369676,0.0115596134384297,0.0117732253749744,0.0187180543031997,0.0106557272343514,0.0160872874923829,0.0175953793563803,4.6,3.4,3.9,3.6,3.4,2.6,3.6,3.5,138,0,0
2025-01-01,397.59532934720016,0.0128785075335,0.003505606921011,-0.0031569958374713,0.0037533209780145,0.0031627078701468,-0.10351966873706,0.0824517734909771,0.0122442069314665,4.3,-0.0050187569704956,0.0059922992579748,0.0398801474292684,0.0163859318151191,-0.0045072840930432,0.0081412961159796,0.0342396777442095,0.0032555006735519,0.0019545260629809,0.0065444713927875,0.0142808288784717,0.0036410851696611,0.0116731581240396,0.0032898196350634,0.0171252452791084,-0.0017602314495797,-0.003201731818649,-0.0032468768738421,-0.0032924252484922,-0.0050618316452633,-0.0051525287576836,-0.0052435479949447,-0.0053348552410478,-0.0089285714285713,0.0036874983898387,0.0036082038681568,0.0035132531374848,0.0034001192308956,0.0032658816365347,0.0038112051047221,0.0046633150044148,0.0120811488488716,0.0032295309891341,0.0035317392693328,0.0035442566597587,0.0035568630954727,0.0035695595300322,0.0022138428210685,0.0022187547954442,0.0022236886152227,-0.0938086303939962,0.0,0.0,0.0,0.041015625,0.0600414078674949,0.1154734411085449,0.4058441558441559,-0.0612632347572107,-0.0207365033964961,0.052691004892736,-0.1282808398950131,0.1140350877192983,0.078439101300749,0.0111598246313271,-0.0909420289855073,0.0118791837143761,0.0123446093861627,0.0137173020369676,0.0115596134384297,0.0117732253749744,0.0187180543031997,0.0106557272343514,0.0160872874923829,4.1,4.6,3.4,3.9,3.6,3.4,2.6,3.6,139,0,0
2025-04-01,406.95085385543535,0.0235302676306479,0.0101311606924863,-0.0024029567311473,0.0038075580754375,0.0031013560026809,0.0,-0.0471399827536649,0.012096099782664,4.5,0.0128785075335,-0.0050187569704956,0.0059922992579748,0.0398801474292684,0.0163859318151191,-0.0045072840930432,0.0081412961159796,0.0342396777442095,0.003505606921011,0.0019545260629809,0.0065444713927875,0.0142808288784717,0.0036410851696611,0.0116731581240396,0.0032898196350634,0.0171252452791084,-0.0031569958374713,-0.003201731818649,-0.0032468768738421,-0.0032924252484922,-0.0050618316452633,-0.0051525287576836,-0.0052435479949447,-0.0053348552410478,0.0037533209780145,0.0036874983898387,0.0036082038681568,0.0035132531374848,0.0034001192308956,0.0032658816365347,0.0038112051047221,0.0046633150044148,0.0031627078701468,0.0032295309891341,0.0035317392693328,0.0035442566597587,0.0035568630954727,0.0035695595300322,0.0022138428210685,0.0022187547954442,-0.10351966873706,-0.0938086303939962,0.0,0.0,0.0,0.041015625,0.0600414078674949,0.1154734411085449,0.0824517734909771,-0.0612632347572107,-0.0207365033964961,0.052691004892736,-0.1282808398950131,0.1140350877192983,0.078439101300749,0.0111598246313271,0.0122442069314665,0.0118791837143761,0.0123446093861627,0.0137173020369676,0.0115596134384297,0.0117732253749744,0.0187180543031997,0.0106557272343514,4.3,4.1,4.6,3.4,3.9,3.6,3.4,2.6,140,0,0
2025-07-01,408.6715033972086,0.0042281507102686,0.0063427147705206,-0.0023835684770726,0.0038518377040441,0.0030449786624058,-0.0545255879613075,-0.0034926136326236,0.0119515328487693,5.071454874509007,0.0235302676306479,0.0128785075335,-0.0050187569704956,0.0059922992579748,0.0398801474292684,0.0163859318151191,-0.0045072840930432,0.0081412961159796,0.0101311606924863,0.003505606921011,0.0019545260629809,0.0065444713927875,0.0142808288784717,0.0036410851696611,0.0116731581240396,0.0032898196350634,-0.0024029567311473,-0.0031569958374713,-0.003201731818649,-0.0032468768738421,-0.0032924252484922,-0.0050618316452633,-0.0051525287576836,-0.0052435479949447,0.0038075580754375,0.0037533209780145,0.0036874983898387,0.0036082038681568,0.0035132531374848,0.0034001192308956,0.0032658816365347,0.0038112051047221,0.0031013560026809,0.0031627078701468,0.0032295309891341,0.0035317392693328,0.0035442566597587,0.0035568630954727,0.0035695595300322,0.0022138428210685,0.0,-0.10351966873706,-0.0938086303939962,0.0,0.0,0.0,0.041015625,0.0600414078674949,-0.0471399827536649,0.0824517734909771,-0.0612632347572107,-0.0207365033964961,0.052691004892736,-0.1282808398950131,0.1140350877192983,0.078439101300749,0.012096099782664,0.0122442069314665,0.0118791837143761,0.0123446093861627,0.0137173020369676,0.0115596134384297,0.0117732253749744,0.0187180543031997,4.5,4.3,4.1,4.6,3.4,3.9,3.6,3.4,141,0,0
2025-10-01,407.94823528435415,-0.0017698031471292,0.0044225953905512,-0.0023644170089115,0.0038875639751532,0.0030022937895233,-0.0672081541263454,-0.0035048547360552,0.0118103806959255,4.7010886152124645,0.0042281507102686,0.0235302676306479,0.0128785075335,-0.0050187569704956,0.0059922992579748,0.0398801474292684,0.0163859318151191,-0.0045072840930432,0.0063427147705206,0.0101311606924863,0.003505606921011,0.0019545260629809,0.0065444713927875,0.0142808288784717,0.0036410851696611,0.0116731581240396,-0.0023835684770726,-0.0024029567311473,-0.0031569958374713,-0.003201731818649,-0.0032468768738421,-0.0032924252484922,-0.0050618316452633,-0.0051525287576836,0.0038518377040441,0.0038075580754375,0.0037533209780145,0.0036874983898387,0.0036082038681568,0.0035132531374848,0.0034001192308956,0.0032658816365347,0.0030449786624058,0.0031013560026809,0.0031627078701468,0.0032295309891341,0.0035317392693328,0.0035442566597587,0.0035568630954727,0.0035695595300322,-0.0545255879613075,0.0,-0.10351966873706,-0.0938086303939962,0.0,0.0,0.0,0.041015625,-0.0034926136326236,-0.0471399827536649,0.0824517734909771,-0.0612632347572107,-0.0207365033964961,0.052691004892736,-0.1282808398950131,0.1140350877192983,0.0119515328487693,0.012096099782664,0.0122442069314665,0.0118791837143761,0.0123446093861627,0.0137173020369676,0.0115596134384297,0.0117732253749744,5.071454874509007,4.5,4.3,4.1,4.6,3.4,3.9,3.6,142,0,0
2026-01-01,412.0882620646303,0.010148412034165,0.0037780131719082,-0.0023455024704622,0.0039159472223426,0.0029628515825097,-0.076514086293541,-0.0035171819478627,0.0116725237467938,5.138231925412155,-0.0017698031471292,0.0042281507102686,0.0235302676306479,0.0128785075335,-0.0050187569704956,0.0059922992579748,0.0398801474292684,0.0163859318151191,0.0044225953905512,0.0063427147705206,0.0101311606924863,0.003505606921011,0.0019545260629809,0.0065444713927875,0.0142808288784717,0.0036410851696611,-0.0023644170089115,-0.0023835684770726,-0.0024029567311473,-0.0031569958374713,-0.003201731818649,-0.0032468768738421,-0.0032924252484922,-0.0050618316452633,0.0038875639751532,0.0038518377040441,0.0038075580754375,0.0037533209780145,0.0036874983898387,0.0036082038681568,0.0035132531374848,0.0034001192308956,0.0030022937895233,0.0030449786624058,0.0031013560026809,0.0031627078701468,0.0032295309891341,0.0035317392693328,0.0035442566597587,0.0035568630954727,-0.0672081541263454,-0.0545255879613075,0.0,-0.10351966873706,-0.0938086303939962,0.0,0.0,0.0,-0.0035048547360552,-0.0034926136326236,-0.0471399827536649,0.0824517734909771,-0.0612632347572107,-0.0207365033964961,0.052691004892736,-0.1282808398950131,0.0118103806959255,0.0119515328487693,0.012096099782664,0.0122442069314665,0.0118791837143761,0.0123446093861627,0.0137173020369676,0.0115596134384297,4.7010886152124645,5.071454874509007,4.5,4.3,4.1,4.6,3.4,3.9,143,0,0
2026-04-01,419.20087422563904,0.0172599241855939,0.0094823466476108,-0.0020262837146831,0.0039380302496399,0.0029263616486707,-0.0823060957391323,-0.0035295961798295,0.0115378479426955,4.840869232955142,0.010148412034165,-0.0017698031471292,0.0042281507102686,0.0235302676306479,0.0128785075335,-0.0050187569704956,0.0059922992579748,0.0398801474292684,0.0037780131719082,0.0044225953905512,0.0063427147705206,0.0101311606924863,0.003505606921011,0.0019545260629809,0.0065444713927875,0.0142808288784717,-0.0023455024704622,-0.0023644170089115,-0.0023835684770726,-0.0024029567311473,-0.0031569958374713,-0.003201731818649,-0.0032468768738421,-0.0032924252484922,0.0039159472223426,0.0038875639751532,0.0038518377040441,0.0038075580754375,0.0037533209780145,0.0036874983898387,0.0036082038681568,0.0035132531374848,0.0029628515825097,0.0030022937895233,0.0030449786624058,0.0031013560026809,0.0031627078701468,0.0032295309891341,0.0035317392693328,0.0035442566597587,-0.076514086293541,-0.0672081541263454,-0.0545255879613075,0.0,-0.10351966873706,-0.0938086303939962,0.0,0.0,-0.0035171819478627,-0.0035048547360552,-0.0034926136326236,-0.0471399827536649,0.0824517734909771,-0.0612632347572107,-0.0207365033964961,0.052691004892736,0.0116725237467938,0.0118103806959255,0.0119515328487693,0.012096099782664,0.0122442069314665,0.0118791837143761,0.0123446093861627,0.0137173020369676,5.138231925412155,4.7010886152124645,5.071454874509007,4.5,4.3,4.1,4.6,3.4,144,0,0
2026-07-01,421.0357450611672,0.0043770682466193,0.0060533541862657,-0.0020185624928119,0.0039547111498732,0.0028925602142142,-0.0843369292217751,-0.003542098356658,0.0114062444288782,5.311662435704626,0.0172599241855939,0.010148412034165,-0.0017698031471292,0.0042281507102686,0.0235302676306479,0.0128785075335,-0.0050187569704956,0.0059922992579748,0.0094823466476108,0.0037780131719082,0.0044225953905512,0.0063427147705206,0.0101311606924863,0.003505606921011,0.0019545260629809,0.0065444713927875,-0.0020262837146831,-0.0023455024704622,-0.0023644170089115,-0.0023835684770726,-0.0024029567311473,-0.0031569958374713,-0.003201731818649,-0.0032468768738421,0.0039380302496399,0.0039159472223426,0.0038875639751532,0.0038518377040441,0.0038075580754375,0.0037533209780145,0.0036874983898387,0.0036082038681568,0.0029263616486707,0.0029628515825097,0.0030022937895233,0.0030449786624058,0.0031013560026809,0.0031627078701468,0.0032295309891341,0.0035317392693328,-0.0823060957391323,-0.076514086293541,-0.0672081541263454,-0.0545255879613075,0.0,-0.10351966873706,-0.0938086303939962,0.0,-0.0035295961798295,-0.0035171819478627,-0.0035048547360552,-0.0034926136326236,-0.0471399827536649,0.0824517734909771,-0.0612632347572107,-0.0207365033964961,0.0115378479426955,0.0116725237467938,0.0118103806959255,0.0119515328487693,0.012096099782664,0.0122442069314665,0.0118791837143761,0.0123446093861627,4.840869232955142,5.138231925412155,4.7010886152124645,5.071454874509007,4.5,4.3,4.1,4.6,145,0,0
2026-10-01,421.1812149230632,0.0003455047786378,0.0043264289559261,-0.0020109645514337,0.0039667631075934,0.0028612076219329,-0.0823632354210711,-0.0035546894161975,0.0112776092610731,4.936957588472799,0.0043770682466193,0.0172599241855939,0.010148412034165,-0.0017698031471292,0.0042281507102686,0.0235302676306479,0.0128785075335,-0.0050187569704956,0.0060533541862657,0.0094823466476108,0.0037780131719082,0.0044225953905512,0.0063427147705206,0.0101311606924863,0.003505606921011,0.0019545260629809,-0.0020185624928119,-0.0020262837146831,-0.0023455024704622,-0.0023644170089115,-0.0023835684770726,-0.0024029567311473,-0.0031569958374713,-0.003201731818649,0.0039547111498732,0.0039380302496399,0.0039159472223426,0.0038875639751532,0.0038518377040441,0.0038075580754375,0.0037533209780145,0.0036874983898387,0.0028925602142142,0.0029263616486707,0.0029628515825097,0.0030022937895233,0.0030449786624058,0.0031013560026809,0.0031627078701468,0.0032295309891341,-0.0843369292217751,-0.0823060957391323,-0.076514086293541,-0.0672081541263454,-0.0545255879613075,0.0,-0.10351966873706,-0.0938086303939962,-0.003542098356658,-0.0035295961798295,-0.0035171819478627,-0.0035048547360552,-0.0034926136326236,-0.0471399827536649,0.0824517734909771,-0.0612632347572107,0.0114062444288782,0.0115378479426955,0.0116725237467938,0.0118103806959255,0.0119515328487693,0.012096099782664,0.0122442069314665,0.0118791837143761,5.311662435704626,4.840869232955142,5.138231925412155,4.7010886152124645,5.071454874509007,4.5,4.3,4.1,146,0,0
2027-01-01,424.68852273885153,0.0083273130223271,0.0037468055293197,-0.0020034894535463,0.0039748515602293,0.0028320860741917,-0.0762948899521108,-0.0035673703096809,0.011151843131693,5.382791867850596,0.0003455047786378,0.0043770682466193,0.0172599241855939,0.010148412034165,-0.0017698031471292,0.0042281507102686,0.0235302676306479,0.0128785075335,0.0043264289559261,0.0060533541862657,0.0094823466476108,0.0037780131719082,0.0044225953905512,0.0063427147705206,0.0101311606924863,0.003505606921011,-0.0020109645514337,-0.0020185624928119,-0.0020262837146831,-0.0023455024704622,-0.0023644170089115,-0.0023835684770726,-0.0024029567311473,-0.0031569958374713,0.0039667631075934,0.0039547111498732,0.0039380302496399,0.0039159472223426,0.0038875639751532,0.0038518377040441,0.0038075580754375,0.0037533209780145,0.0028612076219329,0.0028925602142142,0.0029263616486707,0.0029628515825097,0.0030022937895233,0.0030449786624058,0.0031013560026809,0.0031627078701468,-0.0823632354210711,-0.0843369292217751,-0.0823060957391323,-0.076514086293541,-0.0672081541263454,-0.0545255879613075,0.0,-0.10351966873706,-0.0035546894161975,-0.003542098356658,-0.0035295961798295,-0.0035171819478627,-0.0035048547360552,-0.0034926136326236,-0.0471399827536649,0.0824517734909771,0.0112776092610731,0.0114062444288782,0.0115378479426955,0.0116725237467938,0.0118103806959255,0.0119515328487693,0.012096099782664,0.0122442069314665,4.936957588472799,5.311662435704626,4.840869232955142,5.138231925412155,4.7010886152124645,5.071454874509007,4.5,4.3,147,0,0
